source_name,record_code,group,cohort,item_index,question,answer,practice_present,strategies,strategy_count,target,ai_role,evidence,confidence,reason
insegnanti_attuali_19albe.md,19albe,Insegnanti in servizio,insegnanti_in_servizio,3,"In che modo utilizzi l’intelligenza artificiale per individualizzare l’insegnamento? (Nota: l’individualizzazione si riferisce alle strategie didattiche che mirano ad assicurare a tutti gli studenti il raggiungimento delle competenze fondamentali del curricolo, attraverso una diversificazione dei percorsi di insegnamento.)",preparo attività specifiche,True,esercizi_differenziati|livelli_difficolta,2,sottogruppo,generazione_materiali,preparo attività specifiche,0.85,La creazione di 'attività specifiche' implica la diversificazione dei percorsi e dei livelli di difficoltà per rispondere alle esigenze individuali.
insegnanti_attuali_21giugno2025.md,21giugno2025,Insegnanti in servizio,insegnanti_in_servizio,3,"In che modo utilizzi l’intelligenza artificiale per individualizzare l’insegnamento? (Nota: l’individualizzazione si riferisce alle strategie didattiche che mirano ad assicurare a tutti gli studenti il raggiungimento delle competenze fondamentali del curricolo, attraverso una diversificazione dei percorsi di insegnamento.)","Strategie, strumenti da utilizzare",False,,0,non_specificato,non_specificato,,0.0,"La risposta non descrive alcuna pratica specifica di individualizzazione, ma si limita a elencare titoli generici (Strategie, strumenti da utilizzare)."
insegnanti_attuali_acci11.md,acci11,Insegnanti in servizio,insegnanti_in_servizio,3,"In che modo utilizzi l’intelligenza artificiale per individualizzare l’insegnamento? (Nota: l’individualizzazione si riferisce alle strategie didattiche che mirano ad assicurare a tutti gli studenti il raggiungimento delle competenze fondamentali del curricolo, attraverso una diversificazione dei percorsi di insegnamento.)",trovare il giusto supporto,False,,0,non_specificato,non_specificato,,0.0,"La risposta 'trovare il giusto supporto' è troppo generica e non descrive una pratica didattica specifica di individualizzazione (es. livelli, scaffolding, feedback) né il ruolo dell'IA."
insegnanti_attuali_acci15.md,acci15,Insegnanti in servizio,insegnanti_in_servizio,3,"In che modo utilizzi l’intelligenza artificiale per individualizzare l’insegnamento? (Nota: l’individualizzazione si riferisce alle strategie didattiche che mirano ad assicurare a tutti gli studenti il raggiungimento delle competenze fondamentali del curricolo, attraverso una diversificazione dei percorsi di insegnamento.)",.,False,,0,non_specificato,non_specificato,,0.0,La risposta è vuota e non descrive alcuna pratica.
insegnanti_attuali_adei10.md,adei10,Insegnanti in servizio,insegnanti_in_servizio,3,"In che modo utilizzi l’intelligenza artificiale per individualizzare l’insegnamento? (Nota: l’individualizzazione si riferisce alle strategie didattiche che mirano ad assicurare a tutti gli studenti il raggiungimento delle competenze fondamentali del curricolo, attraverso una diversificazione dei percorsi di insegnamento.)",Per realizzare finisch layout grafici più accattivanti.,False,,0,non_specificato,non_specificato,Per realizzare finisch layout grafici più accattivanti.,0.95,La risposta descrive un uso dell'IA per aspetti estetici (layout grafici) e non cita strategie didattiche per l'individualizzazione o il raggiungimento delle competenze fondamentali.
insegnanti_attuali_agna09.md,agna09,Insegnanti in servizio,insegnanti_in_servizio,2,"In che modo utilizzi l’intelligenza artificiale per individualizzare l’insegnamento? (Nota: l’individualizzazione si riferisce alle strategie didattiche che mirano ad assicurare a tutti gli studenti il raggiungimento delle competenze fondamentali del curricolo, attraverso una diversificazione dei percorsi di insegnamento.)","Utilizzo l' intelligenza artificiale per creare testi semplificati o tradotti, schede didattiche differenziate, mappe concettuali e test a risposta multipla con supporti visivi.",True,semplificazione|esercizi_differenziati|supporti_bes_dsa,3,sottogruppo,generazione_materiali,"creare testi semplificati o tradotti, schede didattiche differenziate",0.95,L'uso di testi semplificati e schede differenziate mira a garantire il raggiungimento delle competenze fondamentali attraverso la diversificazione dei materiali.
insegnanti_attuali_aisto30.md,aisto30,Insegnanti in servizio,insegnanti_in_servizio,3,"In che modo utilizzi l’intelligenza artificiale per individualizzare l’insegnamento? (Nota: l’individualizzazione si riferisce alle strategie didattiche che mirano ad assicurare a tutti gli studenti il raggiungimento delle competenze fondamentali del curricolo, attraverso una diversificazione dei percorsi di insegnamento.)",semplificazione testi,True,semplificazione,1,sottogruppo,adattamento_contenuti,semplificazione testi,0.95,La risposta esplicita l'uso della semplificazione dei testi come strategia di individualizzazione.
insegnanti_attuali_alli07.md,Alli07,Insegnanti in servizio,insegnanti_in_servizio,2,"In che modo utilizzi l’intelligenza artificiale per individualizzare l’insegnamento? (Nota: l’individualizzazione si riferisce alle strategie didattiche che mirano ad assicurare a tutti gli studenti il raggiungimento delle competenze fondamentali del curricolo, attraverso una diversificazione dei percorsi di insegnamento.)",Mi faccio consigliare nuove attività che modifico e personalizzo a mia volta,True,livelli_difficolta|scaffolding_guidato,2,sottogruppo,suggerimento_strategie,Mi faccio consigliare nuove attività,0.85,"L'insegnante utilizza l'IA per ricevere suggerimenti su attività da modificare e personalizzare, indicando una strategia di differenziazione dei percorsi."
insegnanti_attuali_amor11.md,Amor11,Insegnanti in servizio,insegnanti_in_servizio,3,"In che modo utilizzi l’intelligenza artificiale per individualizzare l’insegnamento? (Nota: l’individualizzazione si riferisce alle strategie didattiche che mirano ad assicurare a tutti gli studenti il raggiungimento delle competenze fondamentali del curricolo, attraverso una diversificazione dei percorsi di insegnamento.)",Creazione mappe,False,,0,non_specificato,non_specificato,Creazione mappe,0.0,"La risposta 'Creazione mappe' non descrive esplicitamente strategie di individualizzazione (come diversificazione di percorsi, scaffolding, recupero, ecc.) ma solo un'attività generica."
insegnanti_attuali_anco27.md,anco27,Insegnanti in servizio,insegnanti_in_servizio,2,"In che modo utilizzi l’intelligenza artificiale per individualizzare l’insegnamento? (Nota: l’individualizzazione si riferisce alle strategie didattiche che mirano ad assicurare a tutti gli studenti il raggiungimento delle competenze fondamentali del curricolo, attraverso una diversificazione dei percorsi di insegnamento.)",Moltiplicazione del materiale. Creazione di esercizi diversificati in base a molteplici variabili,True,esercizi_differenziati|livelli_difficolta,2,sottogruppo,generazione_materiali,Creazione di esercizi diversificati,0.95,"La risposta descrive la creazione di esercizi diversificati basati su variabili multiple, indicando una strategia di differenziazione dei percorsi."
insegnanti_attuali_ando20.md,ando20,Insegnanti in servizio,insegnanti_in_servizio,2,"In che modo utilizzi l’intelligenza artificiale per individualizzare l’insegnamento? (Nota: l’individualizzazione si riferisce alle strategie didattiche che mirano ad assicurare a tutti gli studenti il raggiungimento delle competenze fondamentali del curricolo, attraverso una diversificazione dei percorsi di insegnamento.)",nessuno,False,,0,non_specificato,non_specificato,nessuno,0.0,La risposta 'nessuno' indica l'assenza di utilizzo dell'IA per individualizzare l'insegnamento.
insegnanti_attuali_anna19.md,anna19,Insegnanti in servizio,insegnanti_in_servizio,3,"In che modo utilizzi l’intelligenza artificiale per individualizzare l’insegnamento? (Nota: l’individualizzazione si riferisce alle strategie didattiche che mirano ad assicurare a tutti gli studenti il raggiungimento delle competenze fondamentali del curricolo, attraverso una diversificazione dei percorsi di insegnamento.)",organizzare contenuti o cercare informazioni,False,,0,non_specificato,non_specificato,organizzare contenuti o cercare informazioni,0.0,"La risposta descrive un uso generico dell'IA (organizzazione/cerca) senza menzionare strategie didattiche specifiche per l'individualizzazione (es. scaffolding, livelli, feedback) né il raggiungimento di competenze fondamentali."
insegnanti_attuali_anti03.md,anti03,Insegnanti in servizio,insegnanti_in_servizio,2,"In che modo utilizzi l’intelligenza artificiale per individualizzare l’insegnamento? (Nota: l’individualizzazione si riferisce alle strategie didattiche che mirano ad assicurare a tutti gli studenti il raggiungimento delle competenze fondamentali del curricolo, attraverso una diversificazione dei percorsi di insegnamento.)",Chiedendo di adattare i contenuti ad un determinato target di età e/o disturbo di apprendimento,True,livelli_difficolta|supporti_bes_dsa,2,sottogruppo,adattamento_contenuti,Chiedendo di adattare i contenuti ad un determinato target di età e/o disturbo di apprendimento,0.95,"L'insegnante utilizza l'IA per adattare i contenuti a specifici target (età, disturbi), garantendo così percorsi differenziati per il raggiungimento delle competenze."
insegnanti_attuali_ardi29.md,ARDI29,Insegnanti in servizio,insegnanti_in_servizio,3,"In che modo utilizzi l’intelligenza artificiale per individualizzare l’insegnamento? (Nota: l’individualizzazione si riferisce alle strategie didattiche che mirano ad assicurare a tutti gli studenti il raggiungimento delle competenze fondamentali del curricolo, attraverso una diversificazione dei percorsi di insegnamento.)","La utilizzo per analizzare il rendimento degli studenti identificando i punti di forza e i punti di debolezza, personalizzare il materiale didattico e strategie di insegnamento.",True,livelli_difficolta|valutazione_formativa|feedback_mirato,3,sottogruppo,suggerimento_strategie,analizzare il rendimento degli studenti identificando i punti di forza e i punti di debolezza,0.95,L'uso dell'IA per analizzare il rendimento e identificare punti di forza/debolezza mira a differenziare i percorsi per il raggiungimento delle competenze.
insegnanti_attuali_arta24.md,arta24,Insegnanti in servizio,insegnanti_in_servizio,2,"In che modo utilizzi l’intelligenza artificiale per individualizzare l’insegnamento? (Nota: l’individualizzazione si riferisce alle strategie didattiche che mirano ad assicurare a tutti gli studenti il raggiungimento delle competenze fondamentali del curricolo, attraverso una diversificazione dei percorsi di insegnamento.)",Scrivo la domanda precisa e chiedo come fare,False,,0,non_specificato,non_specificato,Scrivo la domanda precisa e chiedo come fare,0.0,"La risposta descrive un'interazione generica con l'IA per ottenere istruzioni, senza menzionare strategie didattiche specifiche per l'individualizzazione (come differenziazione, scaffolding, ecc.)."
insegnanti_attuali_asio15.md,Asio15,Insegnanti in servizio,insegnanti_in_servizio,3,"In che modo utilizzi l’intelligenza artificiale per individualizzare l’insegnamento? (Nota: l’individualizzazione si riferisce alle strategie didattiche che mirano ad assicurare a tutti gli studenti il raggiungimento delle competenze fondamentali del curricolo, attraverso una diversificazione dei percorsi di insegnamento.)",Integrazioni con immagini a seconda dell esigenza,False,,0,non_specificato,non_specificato,Integrazioni con immagini a seconda dell esigenza,0.0,"La risposta descrive un uso generico dell'IA per creare immagini, senza menzionare strategie didattiche specifiche per l'individualizzazione (come diversificazione di percorsi, scaffolding, recupero, ecc.) né il raggiungimento di compete..."
insegnanti_attuali_assi.md,Assi,Insegnanti in servizio,insegnanti_in_servizio,3,"In che modo utilizzi l’intelligenza artificiale per individualizzare l’insegnamento? (Nota: l’individualizzazione si riferisce alle strategie didattiche che mirano ad assicurare a tutti gli studenti il raggiungimento delle competenze fondamentali del curricolo, attraverso una diversificazione dei percorsi di insegnamento.)",Non la utilizzo per individualizzare,False,,0,non_specificato,non_specificato,Non la utilizzo per individualizzare,1.0,L'insegnante dichiara esplicitamente di non utilizzare l'IA per l'individualizzazione.
insegnanti_attuali_assi12.md,assi12,Insegnanti in servizio,insegnanti_in_servizio,3,"In che modo utilizzi l’intelligenza artificiale per individualizzare l’insegnamento? (Nota: l’individualizzazione si riferisce alle strategie didattiche che mirano ad assicurare a tutti gli studenti il raggiungimento delle competenze fondamentali del curricolo, attraverso una diversificazione dei percorsi di insegnamento.)",creazione storie e animazione disegni dei bambini,False,,0,non_specificato,non_specificato,,0.0,"La risposta descrive un'attività creativa (storie e animazione) ma non menziona strategie didattiche per l'individualizzazione (es. livelli, scaffolding, feedback) né il ruolo dell'IA in tale contesto."
insegnanti_attuali_assi14.md,assi14,Insegnanti in servizio,insegnanti_in_servizio,3,"In che modo utilizzi l’intelligenza artificiale per individualizzare l’insegnamento? (Nota: l’individualizzazione si riferisce alle strategie didattiche che mirano ad assicurare a tutti gli studenti il raggiungimento delle competenze fondamentali del curricolo, attraverso una diversificazione dei percorsi di insegnamento.)",sono in fase di  formazione in merito proprio  perché vorrei  selezionarli  con criterio,False,,0,non_specificato,non_specificato,sono in fase di formazione in merito proprio perché vorrei selezionarli con criterio,0.95,La risposta descrive un'intenzione futura legata alla formazione e non una pratica didattica attuale.
insegnanti_attuali_ata25.md,ata25,Insegnanti in servizio,insegnanti_in_servizio,3,"In che modo utilizzi l’intelligenza artificiale per individualizzare l’insegnamento? (Nota: l’individualizzazione si riferisce alle strategie didattiche che mirano ad assicurare a tutti gli studenti il raggiungimento delle competenze fondamentali del curricolo, attraverso una diversificazione dei percorsi di insegnamento.)",attraverso una didattica digitale integrata in un'ottica UDL e bio-psico-sociale,True,livelli_difficolta|scaffolding_guidato|supporti_bes_dsa,3,sottogruppo,suggerimento_strategie,didattica digitale integrata in un'ottica UDL e bio-psico-sociale,0.85,"La risposta cita esplicitamente l'approccio UDL (Universal Design for Learning) e l'ottica bio-psico-sociale, che implicano necessariamente la diversificazione dei percorsi e dei livelli di difficoltà per tutti gli studenti."
insegnanti_attuali_atti22.md,atti22,Insegnanti in servizio,insegnanti_in_servizio,2,"In che modo utilizzi l’intelligenza artificiale per individualizzare l’insegnamento? (Nota: l’individualizzazione si riferisce alle strategie didattiche che mirano ad assicurare a tutti gli studenti il raggiungimento delle competenze fondamentali del curricolo, attraverso una diversificazione dei percorsi di insegnamento.)",La utilizzo per creare contenuti personalizzati che rispondano ai bisogni di apprendimento degli alunni.,True,livelli_difficolta|scaffolding_guidato|feedback_mirato,3,sottogruppo,generazione_materiali,creare contenuti personalizzati che rispondano ai bisogni di apprendimento,0.95,La creazione di contenuti personalizzati per rispondere ai bisogni specifici implica la differenziazione dei livelli e il supporto mirato.
insegnanti_attuali_azzo01.md,AZZO01,Insegnanti in servizio,insegnanti_in_servizio,3,"In che modo utilizzi l’intelligenza artificiale per individualizzare l’insegnamento? (Nota: l’individualizzazione si riferisce alle strategie didattiche che mirano ad assicurare a tutti gli studenti il raggiungimento delle competenze fondamentali del curricolo, attraverso una diversificazione dei percorsi di insegnamento.)",PER LA CREAZIONE DI MAPPE CON CONCETTI-CHIAV E IMMAGINI A SUPPORTO,True,scaffolding_guidato|supporti_bes_dsa,2,sottogruppo,generazione_materiali,PER LA CREAZIONE DI MAPPE CON CONCETTI-CHIAV E IMMAGINI A SUPPORTO,0.85,La creazione di mappe con concetti-chiave e immagini a supporto è una strategia di scaffolding e semplificazione per facilitare l'accesso ai contenuti.
insegnanti_attuali_bani10.md,bani10,Insegnanti in servizio,insegnanti_in_servizio,2,"In che modo utilizzi l’intelligenza artificiale per individualizzare l’insegnamento? (Nota: l’individualizzazione si riferisce alle strategie didattiche che mirano ad assicurare a tutti gli studenti il raggiungimento delle competenze fondamentali del curricolo, attraverso una diversificazione dei percorsi di insegnamento.)",creazione di quiz,True,valutazione_formativa|esercizi_differenziati,2,sottogruppo,generazione_materiali,creazione di quiz,0.95,La creazione di quiz tramite IA permette di adattare la valutazione e gli esercizi ai diversi livelli degli studenti.
insegnanti_attuali_bano37.md,bano37,Insegnanti in servizio,insegnanti_in_servizio,3,"In che modo utilizzi l'intelligenza artificiale per individualizzare l'insegnamento? (Nota: l'individualizzazione si riferisce alle strategie didattiche che mirano ad assicurare a tutti gli studenti il raggiungimento delle competenze fondamentali del curricolo, attraverso una diversificazione dei percorsi di insegnamento.)",Creando un percorso ad hoc,True,livelli_difficolta|esercizi_differenziati,2,sottogruppo,generazione_materiali,Creando un percorso ad hoc,0.85,La creazione di un 'percorso ad hoc' implica la differenziazione dei contenuti e dei livelli di difficoltà per rispondere a esigenze specifiche.
insegnanti_attuali_bella12.md,Bella12,Insegnanti in servizio,insegnanti_in_servizio,3,"In che modo utilizzi l’intelligenza artificiale per individualizzare l’insegnamento? (Nota: l’individualizzazione si riferisce alle strategie didattiche che mirano ad assicurare a tutti gli studenti il raggiungimento delle competenze fondamentali del curricolo, attraverso una diversificazione dei percorsi di insegnamento.)",Grado di difficoltà delle domande,True,livelli_difficolta,1,sottogruppo,suggerimento_strategie,Grado di difficoltà delle domande,0.95,La risposta indica l'uso dell'IA per differenziare il livello di difficoltà delle domande.
insegnanti_attuali_capomolla30.md,Capomolla30,Insegnanti in servizio,insegnanti_in_servizio,2,"In che modo utilizzi l’intelligenza artificiale per individualizzare l’insegnamento? (Nota: l’individualizzazione si riferisce alle strategie didattiche che mirano ad assicurare a tutti gli studenti il raggiungimento delle competenze fondamentali del curricolo, attraverso una diversificazione dei percorsi di insegnamento.)",Consigliare,False,,0,non_specificato,non_specificato,,0.0,La risposta 'Consigliare' è frammentaria e non descrive alcuna pratica didattica specifica né evidenzia strategie di individualizzazione.
insegnanti_attuali_capu15.md,capu15,Insegnanti in servizio,insegnanti_in_servizio,2,"In che modo utilizzi l’intelligenza artificiale per individualizzare l’insegnamento? (Nota: l’individualizzazione si riferisce alle strategie didattiche che mirano ad assicurare a tutti gli studenti il raggiungimento delle competenze fondamentali del curricolo, attraverso una diversificazione dei percorsi di insegnamento.)",Gli alunni durante la lezione laboratoriale posso chiedere all'IA chiarimenti o esempi di codice dia algoritmi complessi che  poi devono comprendere per integrarli nelle attività proposte.,True,scaffolding_guidato|feedback_mirato,2,sottogruppo,suggerimento_strategie,chiarimenti o esempi di codice,0.85,"L'uso dell'IA per fornire chiarimenti ed esempi su algoritmi complessi funge da supporto (scaffolding) per aiutare gli studenti a comprendere contenuti difficili, individualizzando il supporto in base alle difficoltà specifiche."
insegnanti_attuali_cari17.md,cari17,Insegnanti in servizio,insegnanti_in_servizio,3,"In che modo utilizzi l’intelligenza artificiale per individualizzare l’insegnamento? (Nota: l’individualizzazione si riferisce alle strategie didattiche che mirano ad assicurare a tutti gli studenti il raggiungimento delle competenze fondamentali del curricolo, attraverso una diversificazione dei percorsi di insegnamento.)",La utilizzo per sviluppare attività di approfondimento e ricerca,False,,0,non_specificato,non_specificato,,0.0,"La risposta descrive un uso dell'IA per attività di approfondimento e ricerca, ma non menziona strategie di individualizzazione mirate al raggiungimento delle competenze fondamentali comuni (come diversificazione di percorsi, scaffolding..."
insegnanti_attuali_cato05.md,CATO05,Insegnanti in servizio,insegnanti_in_servizio,3,"In che modo utilizzi l’intelligenza artificiale per individualizzare l’insegnamento? (Nota: l’individualizzazione si riferisce alle strategie didattiche che mirano ad assicurare a tutti gli studenti il raggiungimento delle competenze fondamentali del curricolo, attraverso una diversificazione dei percorsi di insegnamento.)",Rendere più accessibile un testo adattando il livello di difficoltà e creando immagini mirate,True,livelli_difficolta|supporti_bes_dsa,2,sottogruppo,generazione_materiali,Rendere più accessibile un testo adattando il livello di difficoltà e creando immagini mirate,0.95,"La risposta descrive l'adattamento del livello di difficoltà e la creazione di immagini mirate per rendere il testo accessibile, indicando una strategia di individualizzazione tramite diversificazione dei materiali."
insegnanti_attuali_cato28.md,cato28,Insegnanti in servizio,insegnanti_in_servizio,3,"In che modo utilizzi l’intelligenza artificiale per individualizzare l’insegnamento? (Nota: l’individualizzazione si riferisce alle strategie didattiche che mirano ad assicurare a tutti gli studenti il raggiungimento delle competenze fondamentali del curricolo, attraverso una diversificazione dei percorsi di insegnamento.)",Favorendo prodotti accessibili a tutti,True,semplificazione|livelli_difficolta,2,sottogruppo,generazione_materiali,Favorendo prodotti accessibili a tutti,0.95,"La risposta indica l'uso dell'IA per creare prodotti accessibili, implicando strategie di semplificazione e adattamento dei livelli di difficoltà per garantire l'accessibilità a tutti gli studenti."
insegnanti_attuali_cchi23.md,cchi23,Insegnanti in servizio,insegnanti_in_servizio,2,"In che modo utilizzi l’intelligenza artificiale per individualizzare l’insegnamento? (Nota: l’individualizzazione si riferisce alle strategie didattiche che mirano ad assicurare a tutti gli studenti il raggiungimento delle competenze fondamentali del curricolo, attraverso una diversificazione dei percorsi di insegnamento.)",Modificando le verifiche scritte in base alle esigenze (BES - DSA - DVA - etc.).,True,livelli_difficolta|semplificazione|supporti_bes_dsa,3,sottogruppo,adattamento_contenuti,Modificando le verifiche scritte in base alle esigenze (BES - DSA - DVA - etc.),0.95,"La risposta descrive l'adattamento delle verifiche per studenti con bisogni specifici (BES, DSA, DVA), indicando una strategia di individualizzazione per sottogruppi."
insegnanti_attuali_cera21.md,cera21,Insegnanti in servizio,insegnanti_in_servizio,3,"In che modo utilizzi l’intelligenza artificiale per individualizzare l’insegnamento? (Nota: l’individualizzazione si riferisce alle strategie didattiche che mirano ad assicurare a tutti gli studenti il raggiungimento delle competenze fondamentali del curricolo, attraverso una diversificazione dei percorsi di insegnamento.)",Per creare contenuti strutturati rispondenti alle necessità didattiche degli alunni fragili,True,livelli_difficolta|semplificazione|supporti_bes_dsa,3,sottogruppo,generazione_materiali,Per creare contenuti strutturati rispondenti alle necessità didattiche degli alunni fragili,0.95,"La risposta descrive la creazione di contenuti specifici per 'alunni fragili', indicando una differenziazione dei livelli di difficoltà e semplificazione mirata a un sottogruppo di studenti."
insegnanti_attuali_coli13.md,Coli13,Insegnanti in servizio,insegnanti_in_servizio,2,"In che modo utilizzi l’intelligenza artificiale per individualizzare l’insegnamento? (Nota: l’individualizzazione si riferisce alle strategie didattiche che mirano ad assicurare a tutti gli studenti il raggiungimento delle competenze fondamentali del curricolo, attraverso una diversificazione dei percorsi di insegnamento.)",Utilizzo l’intelligenza artificiale per creare e fornire agli alunni contenuti personalizzati per favorire il conseguimento degli obiettIvi.,True,livelli_difficolta|scaffolding_guidato|feedback_mirato,3,sottogruppo,generazione_materiali,creare e fornire agli alunni contenuti personalizzati,0.92,La creazione di contenuti personalizzati per favorire obiettivi implica l'adattamento dei livelli di difficoltà e il supporto mirato al raggiungimento delle competenze.
insegnanti_attuali_como14.md,como14,Insegnanti in servizio,insegnanti_in_servizio,3,"In che modo utilizzi l’intelligenza artificiale per individualizzare l’insegnamento? (Nota: l’individualizzazione si riferisce alle strategie didattiche che mirano ad assicurare a tutti gli studenti il raggiungimento delle competenze fondamentali del curricolo, attraverso una diversificazione dei percorsi di insegnamento.)",Creando lezioni semplificate e individualizzate a seconda dello studente,True,semplificazione|livelli_difficolta,2,singolo_studente,generazione_materiali,Creando lezioni semplificate e individualizzate a seconda dello studente,0.95,La risposta descrive esplicitamente la creazione di lezioni semplificate e adattate al singolo studente per l'individualizzazione.
insegnanti_attuali_damo20.md,damo20,Insegnanti in servizio,insegnanti_in_servizio,2,"In che modo utilizzi l’intelligenza artificiale per individualizzare l’insegnamento? (Nota: l’individualizzazione si riferisce alle strategie didattiche che mirano ad assicurare a tutti gli studenti il raggiungimento delle competenze fondamentali del curricolo, attraverso una diversificazione dei percorsi di insegnamento.)",non lo faccio,False,,0,non_specificato,non_specificato,non lo faccio,1.0,Il partecipante dichiara esplicitamente di non utilizzare l'IA per individualizzare l'insegnamento.
insegnanti_attuali_delli14.md,Delli14,Insegnanti in servizio,insegnanti_in_servizio,3,"In che modo utilizzi l’intelligenza artificiale per individualizzare l’insegnamento? (Nota: l’individualizzazione si riferisce alle strategie didattiche che mirano ad assicurare a tutti gli studenti il raggiungimento delle competenze fondamentali del curricolo, attraverso una diversificazione dei percorsi di insegnamento.)",H,False,,0,non_specificato,non_specificato,,0.0,La risposta non descrive alcuna pratica di individualizzazione.
insegnanti_attuali_dori06.md,dori06,Insegnanti in servizio,insegnanti_in_servizio,2,"In che modo utilizzi l’intelligenza artificiale per individualizzare l’insegnamento? (Nota: l’individualizzazione si riferisce alle strategie didattiche che mirano ad assicurare a tutti gli studenti il raggiungimento delle competenze fondamentali del curricolo, attraverso una diversificazione dei percorsi di insegnamento.)",non la utilizzo,False,,0,non_specificato,non_specificato,non la utilizzo,1.0,L'insegnante dichiara esplicitamente di non utilizzare l'IA per l'individualizzazione.
insegnanti_attuali_eddu02.md,eddu02,Insegnanti in servizio,insegnanti_in_servizio,3,"In che modo utilizzi l’intelligenza artificiale per individualizzare l’insegnamento? (Nota: l’individualizzazione si riferisce alle strategie didattiche che mirano ad assicurare a tutti gli studenti il raggiungimento delle competenze fondamentali del curricolo, attraverso una diversificazione dei percorsi di insegnamento.)",Per la creazione d'immagini per le agende visive,False,,0,non_specificato,non_specificato,Per la creazione d'immagini per le agende visive,0.0,"La risposta descrive un uso strumentale dell'IA per generare materiali (immagini) senza menzionare strategie didattiche di individualizzazione (recupero, differenziazione, scaffolding, ecc.) mirate al raggiungimento delle competenze fond..."
insegnanti_attuali_eini23.md,EINI23,Insegnanti in servizio,insegnanti_in_servizio,3,"In che modo utilizzi l’intelligenza artificiale per individualizzare l’insegnamento? (Nota: l’individualizzazione si riferisce alle strategie didattiche che mirano ad assicurare a tutti gli studenti il raggiungimento delle competenze fondamentali del curricolo, attraverso una diversificazione dei percorsi di insegnamento.)",Creando esercizi che vadano incontro alle peculiarità individuali,True,esercizi_differenziati|livelli_difficolta,2,singolo_studente,generazione_materiali,Creando esercizi che vadano incontro alle peculiarità individuali,0.95,"La risposta descrive la creazione di esercizi specifici per le peculiarità individuali, indicando una differenziazione dei percorsi."
insegnanti_attuali_ella06.md,ELLA06,Insegnanti in servizio,insegnanti_in_servizio,3,"In che modo utilizzi l’intelligenza artificiale per individualizzare l’insegnamento? (Nota: l’individualizzazione si riferisce alle strategie didattiche che mirano ad assicurare a tutti gli studenti il raggiungimento delle competenze fondamentali del curricolo, attraverso una diversificazione dei percorsi di insegnamento.)",CREARE VERIFICHE PARALLELE CHE COMPRENDANO LE STESSE COMPETENZE . PERCORSI FACILITATI PER BES. PROGETTARE UDA.,True,livelli_difficolta|semplificazione|supporti_bes_dsa|valutazione_formativa,4,sottogruppo,generazione_materiali,CREARE VERIFICHE PARALLELE CHE COMPRENDANO LE STESSE COMPETENZE. PERCORSI FACILITATI PER BES.,0.95,"La risposta descrive esplicitamente la creazione di verifiche parallele (livelli di difficoltà diversi) e percorsi facilitati per BES, mirando al raggiungimento delle stesse competenze."
insegnanti_attuali_ella09.md,ELLA09,Insegnanti in servizio,insegnanti_in_servizio,3,"In che modo utilizzi l’intelligenza artificiale per individualizzare l’insegnamento? (Nota: l’individualizzazione si riferisce alle strategie didattiche che mirano ad assicurare a tutti gli studenti il raggiungimento delle competenze fondamentali del curricolo, attraverso una diversificazione dei percorsi di insegnamento.)",semplificazione dei testi per alunni con Bisogni educativi speciali,True,semplificazione,1,sottogruppo,generazione_materiali,semplificazione dei testi per alunni con Bisogni educativi speciali,0.95,"La risposta descrive l'uso dell'IA per semplificare i testi, una strategia di individualizzazione mirata a un sottogruppo specifico (alunni con BES)."
insegnanti_attuali_elli04.md,Elli04,Insegnanti in servizio,insegnanti_in_servizio,2,"In che modo utilizzi l’intelligenza artificiale per individualizzare l’insegnamento? (Nota: l’individualizzazione si riferisce alle strategie didattiche che mirano ad assicurare a tutti gli studenti il raggiungimento delle competenze fondamentali del curricolo, attraverso una diversificazione dei percorsi di insegnamento.)",Supporto,False,,0,non_specificato,non_specificato,Supporto,0.0,"La risposta 'Supporto' è troppo generica e non descrive una pratica specifica di individualizzazione (come diversificazione di percorsi, scaffolding, ecc.) né menziona l'uso dell'IA per tali fini."
insegnanti_attuali_elli12.md,elli12,Insegnanti in servizio,insegnanti_in_servizio,2,"In che modo utilizzi l’intelligenza artificiale per individualizzare l’insegnamento? (Nota: l’individualizzazione si riferisce alle strategie didattiche che mirano ad assicurare a tutti gli studenti il raggiungimento delle competenze fondamentali del curricolo, attraverso una diversificazione dei percorsi di insegnamento.)","Per creare esercizi accessibili agli studenti BES, in particolare DSA.",True,livelli_difficolta|semplificazione|supporti_bes_dsa,3,sottogruppo,generazione_materiali,"Per creare esercizi accessibili agli studenti BES, in particolare DSA.",0.95,"La risposta descrive la creazione di esercizi specifici per studenti con BES/DSA, indicando una strategia di semplificazione e adattamento del livello di difficoltà."
insegnanti_attuali_ello27_2.md,ello27,Insegnanti in servizio,insegnanti_in_servizio,3,"In che modo utilizzi l’intelligenza artificiale per individualizzare l’insegnamento? (Nota: l’individualizzazione si riferisce alle strategie didattiche che mirano ad assicurare a tutti gli studenti il raggiungimento delle competenze fondamentali del curricolo, attraverso una diversificazione dei percorsi di insegnamento.)",Creazione di mappe concettuali,False,,0,non_specificato,non_specificato,Creazione di mappe concettuali,0.0,"La risposta descrive un prodotto (mappe concettuali) ma non esplicita una strategia didattica di individualizzazione (es. differenziazione di livelli, scaffolding, recupero) né il target specifico, rendendo impossibile inferire l'uso del..."
insegnanti_attuali_endo15.md,endo15,Insegnanti in servizio,insegnanti_in_servizio,3,"In che modo utilizzi l’intelligenza artificiale per individualizzare l’insegnamento? (Nota: l’individualizzazione si riferisce alle strategie didattiche che mirano ad assicurare a tutti gli studenti il raggiungimento delle competenze fondamentali del curricolo, attraverso una diversificazione dei percorsi di insegnamento.)",programmazione differenziata.,True,livelli_difficolta|esercizi_differenziati,2,sottogruppo,suggerimento_strategie,programmazione differenziata,0.95,La risposta 'programmazione differenziata' indica l'uso dell'IA per creare percorsi o attività con livelli di difficoltà diversi per gli studenti.
insegnanti_attuali_engo17.md,Engo17,Insegnanti in servizio,insegnanti_in_servizio,3,"In che modo utilizzi l’intelligenza artificiale per individualizzare l’insegnamento? (Nota: l’individualizzazione si riferisce alle strategie didattiche che mirano ad assicurare a tutti gli studenti il raggiungimento delle competenze fondamentali del curricolo, attraverso una diversificazione dei percorsi di insegnamento.)",Creando test a risposte multiple che usino le strategie compensative e dispensative per diversificare l'offerta. Partendo da un test precostituito per normodotati CHIEDO DI ELABORARNE una o più versioni ridotte Che devono comunque essere monitorate e avvalorate da me.,True,livelli_difficolta|semplificazione|supporti_bes_dsa,3,sottogruppo,generazione_materiali,CHIEDO DI ELABORARNE una o più versioni ridotte,0.95,"L'insegnante utilizza l'IA per creare versioni semplificate e ridotte di test, integrando strategie compensative e dispensative per diversificare l'offerta formativa."
insegnanti_attuali_enti06.md,Enti06,Insegnanti in servizio,insegnanti_in_servizio,2,"In che modo utilizzi l’intelligenza artificiale per individualizzare l’insegnamento? (Nota: l’individualizzazione si riferisce alle strategie didattiche che mirano ad assicurare a tutti gli studenti il raggiungimento delle competenze fondamentali del curricolo, attraverso una diversificazione dei percorsi di insegnamento.)","Per la creazione di quiz e verifiche scritte, integrandolo con domande prodotte da me",False,,0,non_specificato,generazione_materiali,"Per la creazione di quiz e verifiche scritte, integrandolo con domande prodotte da me",0.95,"La risposta descrive l'uso dell'IA per generare materiali (quiz) ma non menziona strategie di individualizzazione (diversificazione di percorsi, livelli, scaffolding, ecc.) per il raggiungimento delle competenze fondamentali, limitandosi..."
insegnanti_attuali_enti14.md,enti14,Insegnanti in servizio,insegnanti_in_servizio,3,"In che modo utilizzi l’intelligenza artificiale per individualizzare l’insegnamento? (Nota: l’individualizzazione si riferisce alle strategie didattiche che mirano ad assicurare a tutti gli studenti il raggiungimento delle competenze fondamentali del curricolo, attraverso una diversificazione dei percorsi di insegnamento.)",Attraverso contenuto organizzati,False,,0,non_specificato,non_specificato,Attraverso contenuto organizzati,0.0,"La risposta non descrive una pratica didattica specifica per l'individualizzazione, ma solo un'azione generica di organizzazione dei contenuti."
insegnanti_attuali_enti38.md,enti38,Insegnanti in servizio,insegnanti_in_servizio,3,"In che modo utilizzi l’intelligenza artificiale per individualizzare l’insegnamento? (Nota: l’individualizzazione si riferisce alle strategie didattiche che mirano ad assicurare a tutti gli studenti il raggiungimento delle competenze fondamentali del curricolo, attraverso una diversificazione dei percorsi di insegnamento.)","Creare storie , racconti, video e musica",False,,0,non_specificato,non_specificato,"Creare storie , racconti, video e musica",0.0,"La risposta descrive solo la creazione di materiali (storie, video, ecc.) senza menzionare strategie didattiche di individualizzazione (come diversificazione di percorsi, scaffolding, feedback, ecc.) né il ruolo dell'IA nel contesto dell..."
insegnanti_attuali_enza18.md,Enza18,Insegnanti in servizio,insegnanti_in_servizio,3,"In che modo utilizzi l’intelligenza artificiale per individualizzare l’insegnamento? (Nota: l’individualizzazione si riferisce alle strategie didattiche che mirano ad assicurare a tutti gli studenti il raggiungimento delle competenze fondamentali del curricolo, attraverso una diversificazione dei percorsi di insegnamento.)","Inserendo le caratteristiche degli studenti della classe, chiedo dei percorsi diversificati",True,livelli_difficolta|esercizi_differenziati,2,sottogruppo,suggerimento_strategie,chiedo dei percorsi diversificati,0.95,L'insegnante utilizza l'IA per ottenere percorsi diversificati basati sulle caratteristiche degli studenti.
insegnanti_attuali_enzi06.md,enzi06,Insegnanti in servizio,insegnanti_in_servizio,2,"In che modo utilizzi l’intelligenza artificiale per individualizzare l’insegnamento? (Nota: l’individualizzazione si riferisce alle strategie didattiche che mirano ad assicurare a tutti gli studenti il raggiungimento delle competenze fondamentali del curricolo, attraverso una diversificazione dei percorsi di insegnamento.)",Creazione di contenuti specifici e fruibili.,True,,0,sottogruppo,generazione_materiali,Creazione di contenuti specifici e fruibili,0.95,"La risposta descrive la creazione di materiali specifici, indicando l'uso dell'IA per adattare i contenuti a esigenze individuali o di sottogruppo."
insegnanti_attuali_eoni17.md,Eoni17,Insegnanti in servizio,insegnanti_in_servizio,3,"In che modo utilizzi l’intelligenza artificiale per individualizzare l’insegnamento? (Nota: l’individualizzazione si riferisce alle strategie didattiche che mirano ad assicurare a tutti gli studenti il raggiungimento delle competenze fondamentali del curricolo, attraverso una diversificazione dei percorsi di insegnamento.)",Adatto gli esercizi ai diversi livelli di difficoltà,True,livelli_difficolta,1,sottogruppo,adattamento_contenuti,Adatto gli esercizi ai diversi livelli di difficoltà,0.95,La risposta descrive esplicitamente l'adattamento degli esercizi in base ai diversi livelli di difficoltà degli studenti.
insegnanti_attuali_erio24.md,erio24,Insegnanti in servizio,insegnanti_in_servizio,3,"In che modo utilizzi l’intelligenza artificiale per individualizzare l’insegnamento? (Nota: l’individualizzazione si riferisce alle strategie didattiche che mirano ad assicurare a tutti gli studenti il raggiungimento delle competenze fondamentali del curricolo, attraverso una diversificazione dei percorsi di insegnamento.)",Per ora non la utilizzo per questo scopo,False,,0,non_specificato,non_specificato,Per ora non la utilizzo per questo scopo,1.0,L'insegnante dichiara esplicitamente di non utilizzare l'IA per l'individualizzazione.
insegnanti_attuali_erio29.md,erio29,Insegnanti in servizio,insegnanti_in_servizio,3,"In che modo utilizzi l’intelligenza artificiale per individualizzare l’insegnamento? (Nota: l’individualizzazione si riferisce alle strategie didattiche che mirano ad assicurare a tutti gli studenti il raggiungimento delle competenze fondamentali del curricolo, attraverso una diversificazione dei percorsi di insegnamento.)",ricerca di attività,False,,0,non_specificato,non_specificato,ricerca di attività,0.0,"La risposta 'ricerca di attività' non descrive una strategia specifica di individualizzazione (come diversificazione di percorsi, scaffolding, feedback, ecc.) ma solo un'azione generica."
insegnanti_attuali_erra15.md,Erra15,Insegnanti in servizio,insegnanti_in_servizio,3,"In che modo utilizzi l’intelligenza artificiale per individualizzare l’insegnamento? (Nota: l’individualizzazione si riferisce alle strategie didattiche che mirano ad assicurare a tutti gli studenti il raggiungimento delle competenze fondamentali del curricolo, attraverso una diversificazione dei percorsi di insegnamento.)",Non lo so,False,,0,non_specificato,non_specificato,Non lo so,0.0,Il partecipante dichiara di non conoscere l'uso dell'IA per l'individualizzazione.
insegnanti_attuali_erri10.md,Erri10,Insegnanti in servizio,insegnanti_in_servizio,2,"In che modo utilizzi l’intelligenza artificiale per individualizzare l’insegnamento? (Nota: l’individualizzazione si riferisce alle strategie didattiche che mirano ad assicurare a tutti gli studenti il raggiungimento delle competenze fondamentali del curricolo, attraverso una diversificazione dei percorsi di insegnamento.)",Schemi personalizzati a seconda dello studente,True,livelli_difficolta|scaffolding_guidato,2,singolo_studente,generazione_materiali,Schemi personalizzati a seconda dello studente,0.95,"La risposta indica la creazione di schemi specifici per ogni studente, implicando una differenziazione dei livelli di difficoltà e un supporto mirato."
insegnanti_attuali_etta06.md,Etta06,Insegnanti in servizio,insegnanti_in_servizio,2,"In che modo utilizzi l’intelligenza artificiale per individualizzare l’insegnamento? (Nota: l’individualizzazione si riferisce alle strategie didattiche che mirano ad assicurare a tutti gli studenti il raggiungimento delle competenze fondamentali del curricolo, attraverso una diversificazione dei percorsi di insegnamento.)",Nella personalizzazione della didattica per studenti con PDP o PEI,True,livelli_difficolta|supporti_bes_dsa,2,sottogruppo,generazione_materiali,Nella personalizzazione della didattica per studenti con PDP o PEI,0.95,"La risposta cita esplicitamente l'uso dell'IA per la personalizzazione rivolta a studenti con PDP o PEI, implicando strategie di differenziazione e supporto."
insegnanti_attuali_etta24.md,etta24,Insegnanti in servizio,insegnanti_in_servizio,3,"In che modo utilizzi l’intelligenza artificiale per individualizzare l’insegnamento? (Nota: l’individualizzazione si riferisce alle strategie didattiche che mirano ad assicurare a tutti gli studenti il raggiungimento delle competenze fondamentali del curricolo, attraverso una diversificazione dei percorsi di insegnamento.)",Supporto,False,,0,non_specificato,non_specificato,Supporto,0.0,"La risposta 'Supporto' è troppo generica e non descrive una pratica specifica di individualizzazione (come diversificazione di percorsi, scaffolding, ecc.) né menziona l'uso dell'IA per tali fini."
insegnanti_attuali_etti09.md,etti09,Insegnanti in servizio,insegnanti_in_servizio,2,"In che modo utilizzi l’intelligenza artificiale per individualizzare l’insegnamento? (Nota: l’individualizzazione si riferisce alle strategie didattiche che mirano ad assicurare a tutti gli studenti il raggiungimento delle competenze fondamentali del curricolo, attraverso una diversificazione dei percorsi di insegnamento.)","Per creare attività ad hoc, a seconda delle peculiarità individuali",True,livelli_difficolta|esercizi_differenziati,2,singolo_studente,generazione_materiali,Per creare attività ad hoc,0.95,"La risposta descrive la creazione di attività specifiche ('ad hoc') basate sulle 'peculiarità individuali', indicando una differenziazione del percorso per singolo studente."
insegnanti_attuali_etti10.md,etti10,Insegnanti in servizio,insegnanti_in_servizio,3,"In che modo utilizzi l’intelligenza artificiale per individualizzare l’insegnamento? (Nota: l’individualizzazione si riferisce alle strategie didattiche che mirano ad assicurare a tutti gli studenti il raggiungimento delle competenze fondamentali del curricolo, attraverso una diversificazione dei percorsi di insegnamento.)","l'intelligenza artificiale mi permette di creare un'esperienza di apprendimento più personalizzata, efficiente ed efficace, mettendo lo studente al centro del processo educativo. Invece di un approccio ""taglia unica"", posso adattarlo alle sue specifiche necessità e aiutarlo a raggiungere gli obiettivi di apprendimento nel modo migliore per lui.  Quindi nello specifico: contenuti su misura; ritmo di apprendimento adattabile; valutazione individualizzata...",True,livelli_difficolta|valutazione_formativa|feedback_mirato|scaffolding_guidato,4,singolo_studente,adattamento_contenuti,contenuti su misura; ritmo di apprendimento adattabile; valutazione individualizzata,0.95,La risposta descrive l'adattamento dei contenuti e del ritmo di apprendimento alle specifiche necessità dello studente per raggiungere gli obiettivi.
insegnanti_attuali_etti17.md,etti17,Insegnanti in servizio,insegnanti_in_servizio,2,"In che modo utilizzi l’intelligenza artificiale per individualizzare l’insegnamento? (Nota: l’individualizzazione si riferisce alle strategie didattiche che mirano ad assicurare a tutti gli studenti il raggiungimento delle competenze fondamentali del curricolo, attraverso una diversificazione dei percorsi di insegnamento.)",Per la creazione di contenuti con canali di veicolazione diversi come ppt...,True,supporti_bes_dsa|livelli_difficolta,2,sottogruppo,generazione_materiali,creazione di contenuti con canali di veicolazione diversi,0.85,L'uso di canali di veicolazione diversi indica una differenziazione dei materiali per supportare diversi stili di apprendimento o bisogni specifici.
insegnanti_attuali_etti25.md,Etti25,Insegnanti in servizio,insegnanti_in_servizio,2,"In che modo utilizzi l’intelligenza artificiale per individualizzare l’insegnamento? (Nota: l’individualizzazione si riferisce alle strategie didattiche che mirano ad assicurare a tutti gli studenti il raggiungimento delle competenze fondamentali del curricolo, attraverso una diversificazione dei percorsi di insegnamento.)",Domande da creare dando un testo o un video,False,,0,non_specificato,non_specificato,,0.0,"La risposta descrive un uso generico dell'IA per creare domande, senza menzionare strategie di individualizzazione (come diversificazione di percorsi, scaffolding, recupero, ecc.) o il raggiungimento di competenze fondamentali comuni."
insegnanti_attuali_etti27.md,etti27,Insegnanti in servizio,insegnanti_in_servizio,2,"In che modo utilizzi l’intelligenza artificiale per individualizzare l’insegnamento? (Nota: l’individualizzazione si riferisce alle strategie didattiche che mirano ad assicurare a tutti gli studenti il raggiungimento delle competenze fondamentali del curricolo, attraverso una diversificazione dei percorsi di insegnamento.)",chiedo di modificare es. x per gruppo y,True,livelli_difficolta|esercizi_differenziati,2,sottogruppo,suggerimento_strategie,chiedo di modificare es. x per gruppo y,0.95,La risposta descrive l'uso dell'IA per adattare esercizi specifici a diversi gruppi di studenti.
insegnanti_attuali_faro16.md,Faro16,Insegnanti in servizio,insegnanti_in_servizio,3,"In che modo utilizzi l’intelligenza artificiale per individualizzare l’insegnamento? (Nota: l’individualizzazione si riferisce alle strategie didattiche che mirano ad assicurare a tutti gli studenti il raggiungimento delle competenze fondamentali del curricolo, attraverso una diversificazione dei percorsi di insegnamento.)","Cerco di creare esercizi diversificati in base alle esigenze degli alunni, inventare giochi",True,esercizi_differenziati|livelli_difficolta,2,sottogruppo,generazione_materiali,Cerco di creare esercizi diversificati,0.85,"L'insegnante dichiara di utilizzare l'IA per creare esercizi diversificati in base alle esigenze degli alunni, indicando una strategia di differenziazione dei percorsi."
insegnanti_attuali_fico70.md,fico70,Insegnanti in servizio,insegnanti_in_servizio,3,"In che modo utilizzi l’intelligenza artificiale per individualizzare l’insegnamento? (Nota: l’individualizzazione si riferisce alle strategie didattiche che mirano ad assicurare a tutti gli studenti il raggiungimento delle competenze fondamentali del curricolo, attraverso una diversificazione dei percorsi di insegnamento.)","Quantità numeriche, elenchi, questioni in cui non si deve pensare.",False,,0,non_specificato,non_specificato,,0.0,"La risposta non descrive una pratica didattica di individualizzazione, ma elenca solo concetti astratti (quantità numeriche, elenchi, questioni)."
insegnanti_attuali_gina21.md,Gina21,Insegnanti in servizio,insegnanti_in_servizio,3,"In che modo utilizzi l’intelligenza artificiale per individualizzare l’insegnamento? (Nota: l’individualizzazione si riferisce alle strategie didattiche che mirano ad assicurare a tutti gli studenti il raggiungimento delle competenze fondamentali del curricolo, attraverso una diversificazione dei percorsi di insegnamento.)",Chatgpt,False,,0,non_specificato,non_specificato,,0.0,La risposta 'Chatgpt' non descrive alcuna pratica didattica specifica per l'individualizzazione.
insegnanti_attuali_glio22.md,Glio22,Insegnanti in servizio,insegnanti_in_servizio,2,"In che modo utilizzi l’intelligenza artificiale per individualizzare l’insegnamento? (Nota: l’individualizzazione si riferisce alle strategie didattiche che mirano ad assicurare a tutti gli studenti il raggiungimento delle competenze fondamentali del curricolo, attraverso una diversificazione dei percorsi di insegnamento.)",Per creare test personalizzati,True,livelli_difficolta|valutazione_formativa,2,singolo_studente,generazione_materiali,Per creare test personalizzati,0.95,La creazione di test personalizzati implica l'adattamento dei livelli di difficoltà e la valutazione specifica per singoli studenti.
insegnanti_attuali_handa11.md,Handa11,Insegnanti in servizio,insegnanti_in_servizio,3,"In che modo utilizzi l’intelligenza artificiale per individualizzare l’insegnamento? (Nota: l’individualizzazione si riferisce alle strategie didattiche che mirano ad assicurare a tutti gli studenti il raggiungimento delle competenze fondamentali del curricolo, attraverso una diversificazione dei percorsi di insegnamento.)",Non la uso,False,,0,non_specificato,non_specificato,Non la uso,1.0,L'insegnante dichiara esplicitamente di non utilizzare l'IA per l'individualizzazione.
insegnanti_attuali_iano18.md,iano18,Insegnanti in servizio,insegnanti_in_servizio,3,"In che modo utilizzi l’intelligenza artificiale per individualizzare l’insegnamento? (Nota: l’individualizzazione si riferisce alle strategie didattiche che mirano ad assicurare a tutti gli studenti il raggiungimento delle competenze fondamentali del curricolo, attraverso una diversificazione dei percorsi di insegnamento.)","Utilizzo l’intelligenza artificiale per individualizzare l’insegnamento adattando contenuti e attività in base ai bisogni specifici di ciascun alunno. Attraverso piattaforme educative intelligenti, monitoro i progressi degli studenti, rilevo eventuali difficoltà e propongo esercizi personalizzati con livelli di difficoltà adeguati. In questo modo, ogni studente può seguire un percorso diversificato, mirato al raggiungimento delle competenze fondamentali del curricolo. L’IA mi supporta anche nella pianificazione, suggerendo strategie didattiche efficaci e aiutandomi a gestire la classe in modo più inclusivo.",True,livelli_difficolta|esercizi_differenziati|valutazione_formativa|feedback_mirato,4,sottogruppo,adattamento_contenuti,adattando contenuti e attività in base ai bisogni specifici di ciascun alunno,0.95,La risposta descrive l'adattamento di contenuti e attività basato sui bisogni specifici per garantire il raggiungimento delle competenze fondamentali.
insegnanti_attuali_icci24.md,icci24,Insegnanti in servizio,insegnanti_in_servizio,2,"In che modo utilizzi l’intelligenza artificiale per individualizzare l’insegnamento? (Nota: l’individualizzazione si riferisce alle strategie didattiche che mirano ad assicurare a tutti gli studenti il raggiungimento delle competenze fondamentali del curricolo, attraverso una diversificazione dei percorsi di insegnamento.)","Non mi è mai successo di utilizzarla per per diversificare, ma solo per organizzare o riordinare i concetti da me proposti. La diversificazione richiede una rielaborazione.",False,,0,non_specificato,non_specificato,Non mi è mai successo di utilizzarla per per diversificare,1.0,"L'insegnante dichiara di non aver mai utilizzato l'IA per diversificare i percorsi, limitandola all'organizzazione dei concetti."
insegnanti_attuali_iddi22.md,IDDI22,Insegnanti in servizio,insegnanti_in_servizio,2,"In che modo utilizzi l’intelligenza artificiale per individualizzare l’insegnamento? (Nota: l’individualizzazione si riferisce alle strategie didattiche che mirano ad assicurare a tutti gli studenti il raggiungimento delle competenze fondamentali del curricolo, attraverso una diversificazione dei percorsi di insegnamento.)","Caricando le preparati e di laboratorio e chiedendo di modificarlo in parte, senza variazione dei contenuti, ma variandone le caratteristiche in funzione del BES dello studente.",True,livelli_difficolta|semplificazione|supporti_bes_dsa,3,sottogruppo,adattamento_contenuti,"Caricando le preparati e di laboratorio e chiedendo di modificarlo in parte, senza variazione dei contenuti, ma variandone le caratteristiche in funzione del BES dello studente.",0.95,"L'insegnante utilizza l'IA per adattare le caratteristiche delle attività (livello di difficoltà, semplificazione) specificamente per studenti con BES, garantendo il raggiungimento delle competenze comuni."
insegnanti_attuali_ifeo03.md,ifeo03,Insegnanti in servizio,insegnanti_in_servizio,3,"In che modo utilizzi l’intelligenza artificiale per individualizzare l’insegnamento? (Nota: l’individualizzazione si riferisce alle strategie didattiche che mirano ad assicurare a tutti gli studenti il raggiungimento delle competenze fondamentali del curricolo, attraverso una diversificazione dei percorsi di insegnamento.)",Al momento non la uso quasi mai con questo fine,False,,0,non_specificato,non_specificato,Al momento non la uso quasi mai con questo fine,0.95,L'insegnante dichiara esplicitamente di non utilizzare l'IA per questo scopo.
insegnanti_attuali_illi01.md,ILLI01,Insegnanti in servizio,insegnanti_in_servizio,3,"In che modo utilizzi l’intelligenza artificiale per individualizzare l’insegnamento? (Nota: l’individualizzazione si riferisce alle strategie didattiche che mirano ad assicurare a tutti gli studenti il raggiungimento delle competenze fondamentali del curricolo, attraverso una diversificazione dei percorsi di insegnamento.)",Semplificazione materiali didattici,True,semplificazione,1,sottogruppo,generazione_materiali,Semplificazione materiali didattici,0.95,"La risposta esplicita l'uso dell'IA per semplificare i materiali, una strategia di individualizzazione per il raggiungimento delle competenze."
insegnanti_attuali_ileo23.md,Ileo23,Insegnanti in servizio,insegnanti_in_servizio,3,"In che modo utilizzi l’intelligenza artificiale per individualizzare l’insegnamento? (Nota: l’individualizzazione si riferisce alle strategie didattiche che mirano ad assicurare a tutti gli studenti il raggiungimento delle competenze fondamentali del curricolo, attraverso una diversificazione dei percorsi di insegnamento.)",Come rinforzo della didattica,False,,0,non_specificato,non_specificato,,0.0,"La risposta 'Come rinforzo della didattica' non descrive una pratica specifica di individualizzazione né menziona strategie, target o ruoli dell'IA."
insegnanti_attuali_illi23.md,illi23,Insegnanti in servizio,insegnanti_in_servizio,2,"In che modo utilizzi l’intelligenza artificiale per individualizzare l’insegnamento? (Nota: l’individualizzazione si riferisce alle strategie didattiche che mirano ad assicurare a tutti gli studenti il raggiungimento delle competenze fondamentali del curricolo, attraverso una diversificazione dei percorsi di insegnamento.)","spiego all IA la situazione della classe, caratteristiche, età ecc ecc",False,,0,non_specificato,non_specificato,"spiego all IA la situazione della classe, caratteristiche, età ecc ecc",0.95,"La risposta descrive un'azione di input di contesto (spiegare la situazione) ma non menziona strategie didattiche specifiche per l'individualizzazione (come diversificazione di percorsi, scaffolding, feedback, ecc.) né il risultato attes..."
insegnanti_attuali_illo01.md,Illo01,Insegnanti in servizio,insegnanti_in_servizio,3,"In che modo utilizzi l’intelligenza artificiale per individualizzare l’insegnamento? (Nota: l’individualizzazione si riferisce alle strategie didattiche che mirano ad assicurare a tutti gli studenti il raggiungimento delle competenze fondamentali del curricolo, attraverso una diversificazione dei percorsi di insegnamento.)",TIc per la didattica,False,,0,non_specificato,non_specificato,TIc per la didattica,0.0,"La risposta non descrive una pratica specifica di individualizzazione, ma solo un ambito generico (TIc)."
insegnanti_attuali_imone29.md,imone29,Insegnanti in servizio,insegnanti_in_servizio,3,"In che modo utilizzi l’intelligenza artificiale per individualizzare l’insegnamento? (Nota: l’individualizzazione si riferisce alle strategie didattiche che mirano ad assicurare a tutti gli studenti il raggiungimento delle competenze fondamentali del curricolo, attraverso una diversificazione dei percorsi di insegnamento.)",Individualizzare esempi di lezioni,False,,0,non_specificato,non_specificato,,0.0,"La risposta 'Individualizzare esempi di lezioni' è un titolo generico che non descrive una pratica specifica né menziona strategie didattiche per l'individualizzazione (come diversificazione di percorsi, scaffolding, feedback, ecc.)."
insegnanti_attuali_iola29.md,iola29,Insegnanti in servizio,insegnanti_in_servizio,3,"In che modo utilizzi l’intelligenza artificiale per individualizzare l’insegnamento? (Nota: l’individualizzazione si riferisce alle strategie didattiche che mirano ad assicurare a tutti gli studenti il raggiungimento delle competenze fondamentali del curricolo, attraverso una diversificazione dei percorsi di insegnamento.)",non la uso,False,,0,non_specificato,non_specificato,non la uso,1.0,L'insegnante dichiara esplicitamente di non utilizzare l'IA per l'individualizzazione.
insegnanti_attuali_ione.md,IONE,Insegnanti in servizio,insegnanti_in_servizio,3,"In che modo utilizzi l’intelligenza artificiale per individualizzare l’insegnamento? (Nota: l’individualizzazione si riferisce alle strategie didattiche che mirano ad assicurare a tutti gli studenti il raggiungimento delle competenze fondamentali del curricolo, attraverso una diversificazione dei percorsi di insegnamento.)",Non la utilizzo,False,,0,non_specificato,non_specificato,Non la utilizzo,1.0,Il partecipante dichiara esplicitamente di non utilizzare l'IA per l'individualizzazione.
insegnanti_attuali_ione10.md,Ione10,Insegnanti in servizio,insegnanti_in_servizio,3,"In che modo utilizzi l’intelligenza artificiale per individualizzare l’insegnamento? (Nota: l’individualizzazione si riferisce alle strategie didattiche che mirano ad assicurare a tutti gli studenti il raggiungimento delle competenze fondamentali del curricolo, attraverso una diversificazione dei percorsi di insegnamento.)",Lo uso poco,False,,0,non_specificato,non_specificato,Lo uso poco,1.0,"Il partecipante dichiara di utilizzare l'IA poco, non descrivendo alcuna pratica di individualizzazione."
insegnanti_attuali_ione_2.md,Ione,Insegnanti in servizio,insegnanti_in_servizio,2,"In che modo utilizzi l’intelligenza artificiale per individualizzare l’insegnamento? (Nota: l’individualizzazione si riferisce alle strategie didattiche che mirano ad assicurare a tutti gli studenti il raggiungimento delle competenze fondamentali del curricolo, attraverso una diversificazione dei percorsi di insegnamento.)",Lho utilizzata per la creazione di mappe,True,scaffolding_guidato,1,sottogruppo,generazione_materiali,creazione di mappe,0.85,La creazione di mappe concettuali personalizzate è una strategia di scaffolding per facilitare l'accesso ai contenuti.
insegnanti_attuali_ioni22.md,Ioni22,Insegnanti in servizio,insegnanti_in_servizio,3,"In che modo utilizzi l’intelligenza artificiale per individualizzare l’insegnamento? (Nota: l’individualizzazione si riferisce alle strategie didattiche che mirano ad assicurare a tutti gli studenti il raggiungimento delle competenze fondamentali del curricolo, attraverso una diversificazione dei percorsi di insegnamento.)",Non la uso,False,,0,non_specificato,non_specificato,Non la uso,1.0,Il partecipante dichiara esplicitamente di non utilizzare l'IA per l'individualizzazione.
insegnanti_attuali_ista13.md,ista13,Insegnanti in servizio,insegnanti_in_servizio,3,"In che modo utilizzi l’intelligenza artificiale per individualizzare l’insegnamento? (Nota: l’individualizzazione si riferisce alle strategie didattiche che mirano ad assicurare a tutti gli studenti il raggiungimento delle competenze fondamentali del curricolo, attraverso una diversificazione dei percorsi di insegnamento.)",Non la utilizzo,False,,0,non_specificato,non_specificato,Non la utilizzo,1.0,L'insegnante dichiara esplicitamente di non utilizzare l'IA per l'individualizzazione.
insegnanti_attuali_isti12.md,isti12,Insegnanti in servizio,insegnanti_in_servizio,3,"In che modo utilizzi l’intelligenza artificiale per individualizzare l’insegnamento? (Nota: l’individualizzazione si riferisce alle strategie didattiche che mirano ad assicurare a tutti gli studenti il raggiungimento delle competenze fondamentali del curricolo, attraverso una diversificazione dei percorsi di insegnamento.)",Per ideare percorsi fruibili da tutti gli alunni,True,livelli_difficolta|scaffolding_guidato,2,sottogruppo,suggerimento_strategie,Per ideare percorsi fruibili da tutti gli alunni,0.85,La risposta indica l'uso dell'IA per progettare percorsi differenziati ('percorsi fruibili da tutti') che implicano l'adattamento dei livelli di difficoltà e il supporto allo svolgimento delle attività.
insegnanti_attuali_itta09.md,ITTA09,Insegnanti in servizio,insegnanti_in_servizio,2,"In che modo utilizzi l’intelligenza artificiale per individualizzare l’insegnamento? (Nota: l’individualizzazione si riferisce alle strategie didattiche che mirano ad assicurare a tutti gli studenti il raggiungimento delle competenze fondamentali del curricolo, attraverso una diversificazione dei percorsi di insegnamento.)",Creando contenuti adatti agli alunni,True,livelli_difficolta|semplificazione,2,sottogruppo,adattamento_contenuti,Creando contenuti adatti agli alunni,0.95,La creazione di contenuti 'adatti' implica la diversificazione dei materiali in base alle esigenze degli studenti per raggiungere le competenze.
insegnanti_attuali_iuso21.md,iuso21,Insegnanti in servizio,insegnanti_in_servizio,2,"In che modo utilizzi l’intelligenza artificiale per individualizzare l’insegnamento? (Nota: l’individualizzazione si riferisce alle strategie didattiche che mirano ad assicurare a tutti gli studenti il raggiungimento delle competenze fondamentali del curricolo, attraverso una diversificazione dei percorsi di insegnamento.)","Con la creazione di percorsi didattici ""su misura"" che includano misure compensative e dispensative.",True,livelli_difficolta|semplificazione|supporti_bes_dsa,3,sottogruppo,generazione_materiali,creazione di percorsi didattici su misura,0.95,"La risposta descrive la creazione di percorsi differenziati ('su misura') che includono misure compensative e dispensative, indicando l'uso dell'IA per adattare i contenuti e i livelli di difficoltà."
insegnanti_attuali_izio06.md,Izio06,Insegnanti in servizio,insegnanti_in_servizio,2,"In che modo utilizzi l’intelligenza artificiale per individualizzare l’insegnamento? (Nota: l’individualizzazione si riferisce alle strategie didattiche che mirano ad assicurare a tutti gli studenti il raggiungimento delle competenze fondamentali del curricolo, attraverso una diversificazione dei percorsi di insegnamento.)",La uso soprattutto per individualizzare la didattica in base agli indirizzi di studio.,True,livelli_difficolta,1,sottogruppo,suggerimento_strategie,individualizzare la didattica in base agli indirizzi di studio,0.95,"L'insegnante utilizza l'IA per differenziare i percorsi didattici in base agli indirizzi di studio, adattando i livelli di difficoltà."
insegnanti_attuali_izzo20.md,Izzo20,Insegnanti in servizio,insegnanti_in_servizio,3,"In che modo utilizzi l’intelligenza artificiale per individualizzare l’insegnamento? (Nota: l’individualizzazione si riferisce alle strategie didattiche che mirano ad assicurare a tutti gli studenti il raggiungimento delle competenze fondamentali del curricolo, attraverso una diversificazione dei percorsi di insegnamento.)",Per i riassunti e per i questionari,False,,0,non_specificato,non_specificato,Per i riassunti e per i questionari,0.0,"La risposta elenca solo gli strumenti (riassunti, questionari) generati dall'IA senza descrivere strategie didattiche di individualizzazione (come diversificazione di percorsi, scaffolding, recupero, ecc.) mirate al raggiungimento delle..."
insegnanti_attuali_lano03.md,lano03,Insegnanti in servizio,insegnanti_in_servizio,3,"In che modo utilizzi l’intelligenza artificiale per individualizzare l’insegnamento? (Nota: l’individualizzazione si riferisce alle strategie didattiche che mirano ad assicurare a tutti gli studenti il raggiungimento delle competenze fondamentali del curricolo, attraverso una diversificazione dei percorsi di insegnamento.)",Ricerco diversi lati di un argomento per poter creare la versione più adatta per il mio metodo di insegnamento,False,,0,non_specificato,non_specificato,,0.0,"La risposta descrive una ricerca di informazioni per adattare il metodo, ma non menziona strategie specifiche di individualizzazione (come diversificazione di percorsi, scaffolding, feedback mirato) per il raggiungimento di competenze co..."
insegnanti_attuali_liciaricci7@gmail.com.md,liciaricci7@gmail.com,Insegnanti in servizio,insegnanti_in_servizio,3,"In che modo utilizzi l’intelligenza artificiale per individualizzare l’insegnamento? (Nota: l’individualizzazione si riferisce alle strategie didattiche che mirano ad assicurare a tutti gli studenti il raggiungimento delle competenze fondamentali del curricolo, attraverso una diversificazione dei percorsi di insegnamento.)",creo semplificazioni di testi per alunni con bes,True,semplificazione,1,sottogruppo,generazione_materiali,creo semplificazioni di testi,0.95,"L'insegnante utilizza l'IA per semplificare i testi, strategia specifica per l'individualizzazione verso il raggiungimento delle competenze."
insegnanti_attuali_llia22.md,llia22,Insegnanti in servizio,insegnanti_in_servizio,3,"In che modo utilizzi l’intelligenza artificiale per individualizzare l’insegnamento? (Nota: l’individualizzazione si riferisce alle strategie didattiche che mirano ad assicurare a tutti gli studenti il raggiungimento delle competenze fondamentali del curricolo, attraverso una diversificazione dei percorsi di insegnamento.)",creare contenuti per lo studente,False,,0,non_specificato,non_specificato,creare contenuti per lo studente,0.0,"La risposta è troppo generica e non descrive una strategia specifica di individualizzazione (come diversificazione di percorsi, scaffolding, feedback, ecc.) mirata al raggiungimento delle competenze fondamentali."
insegnanti_attuali_llo12.md,LLO12,Insegnanti in servizio,insegnanti_in_servizio,3,"In che modo utilizzi l’intelligenza artificiale per individualizzare l’insegnamento? (Nota: l’individualizzazione si riferisce alle strategie didattiche che mirano ad assicurare a tutti gli studenti il raggiungimento delle competenze fondamentali del curricolo, attraverso una diversificazione dei percorsi di insegnamento.)",PUò ASSISTERE IN COMPITI QUALI LA VALUTAZIONE,False,,0,non_specificato,non_specificato,,0.0,La risposta non descrive una pratica di individualizzazione ma menziona solo l'uso dell'IA per la valutazione.
insegnanti_attuali_masi15.md,Masi15,Insegnanti in servizio,insegnanti_in_servizio,2,"In che modo utilizzi l’intelligenza artificiale per individualizzare l’insegnamento? (Nota: l’individualizzazione si riferisce alle strategie didattiche che mirano ad assicurare a tutti gli studenti il raggiungimento delle competenze fondamentali del curricolo, attraverso una diversificazione dei percorsi di insegnamento.)",Rendere gli argomenti più accessibili per gli studenti con BES,True,semplificazione|supporti_bes_dsa,2,sottogruppo,adattamento_contenuti,Rendere gli argomenti più accessibili per gli studenti con BES,0.95,La risposta descrive l'uso dell'IA per semplificare contenuti e fornire supporto specifico a studenti con BES.
insegnanti_attuali_mato22.md,Mato22,Insegnanti in servizio,insegnanti_in_servizio,3,"In che modo utilizzi l’intelligenza artificiale per individualizzare l’insegnamento? (Nota: l’individualizzazione si riferisce alle strategie didattiche che mirano ad assicurare a tutti gli studenti il raggiungimento delle competenze fondamentali del curricolo, attraverso una diversificazione dei percorsi di insegnamento.)",Quiz test compiti,False,,0,non_specificato,non_specificato,,0.0,"La risposta 'Quiz test compiti' non descrive una strategia di individualizzazione didattica, ma solo un tipo di attività generica."
insegnanti_attuali_nale19.md,nale19,Insegnanti in servizio,insegnanti_in_servizio,3,"In che modo utilizzi l’intelligenza artificiale per individualizzare l’insegnamento? (Nota: l’individualizzazione si riferisce alle strategie didattiche che mirano ad assicurare a tutti gli studenti il raggiungimento delle competenze fondamentali del curricolo, attraverso una diversificazione dei percorsi di insegnamento.)",ancora non utilizzo l'IA per questo scopo,False,,0,non_specificato,non_specificato,ancora non utilizzo l'IA per questo scopo,1.0,Il partecipante dichiara esplicitamente di non utilizzare l'IA per l'individualizzazione.
insegnanti_attuali_nali26.md,NALI26,Insegnanti in servizio,insegnanti_in_servizio,2,"In che modo utilizzi l’intelligenza artificiale per individualizzare l’insegnamento? (Nota: l’individualizzazione si riferisce alle strategie didattiche che mirano ad assicurare a tutti gli studenti il raggiungimento delle competenze fondamentali del curricolo, attraverso una diversificazione dei percorsi di insegnamento.)",Chiedo spunti indicando la situazione specifica del singolo ragazzo,True,livelli_difficolta|feedback_mirato,2,singolo_studente,suggerimento_strategie,Chiedo spunti indicando la situazione specifica del singolo ragazzo,0.95,"L'insegnante utilizza l'IA per ottenere spunti basati sulla situazione specifica di ogni singolo alunno, mirando a differenziare il percorso."
insegnanti_attuali_nato15.md,Nato15,Insegnanti in servizio,insegnanti_in_servizio,3,"In che modo utilizzi l’intelligenza artificiale per individualizzare l’insegnamento? (Nota: l’individualizzazione si riferisce alle strategie didattiche che mirano ad assicurare a tutti gli studenti il raggiungimento delle competenze fondamentali del curricolo, attraverso una diversificazione dei percorsi di insegnamento.)",Test personalizzati,True,livelli_difficolta|esercizi_differenziati,2,sottogruppo,generazione_materiali,Test personalizzati,0.95,La creazione di 'test personalizzati' implica la generazione di esercizi differenziati per livelli di difficoltà per supportare il raggiungimento delle competenze.
insegnanti_attuali_ndel18.md,ndel18,Insegnanti in servizio,insegnanti_in_servizio,2,"In che modo utilizzi l’intelligenza artificiale per individualizzare l’insegnamento? (Nota: l’individualizzazione si riferisce alle strategie didattiche che mirano ad assicurare a tutti gli studenti il raggiungimento delle competenze fondamentali del curricolo, attraverso una diversificazione dei percorsi di insegnamento.)",Non la utilizzo per individualizzare l'insegnamento,False,,0,non_specificato,non_specificato,Non la utilizzo per individualizzare l'insegnamento,1.0,L'insegnante dichiara esplicitamente di non utilizzare l'IA per l'individualizzazione.
insegnanti_attuali_ngia06.md,ngia06,Insegnanti in servizio,insegnanti_in_servizio,3,"In che modo utilizzi l’intelligenza artificiale per individualizzare l’insegnamento? (Nota: l’individualizzazione si riferisce alle strategie didattiche che mirano ad assicurare a tutti gli studenti il raggiungimento delle competenze fondamentali del curricolo, attraverso una diversificazione dei percorsi di insegnamento.)",creo esercizi ad hoc per i miei studenti,True,esercizi_differenziati|livelli_difficolta,2,sottogruppo,generazione_materiali,creo esercizi ad hoc,0.95,La creazione di esercizi 'ad hoc' implica la differenziazione dei percorsi e dei livelli di difficoltà per rispondere alle esigenze specifiche dei studenti.
insegnanti_attuali_nini02.md,nini02,Insegnanti in servizio,insegnanti_in_servizio,3,"In che modo utilizzi l’intelligenza artificiale per individualizzare l’insegnamento? (Nota: l’individualizzazione si riferisce alle strategie didattiche che mirano ad assicurare a tutti gli studenti il raggiungimento delle competenze fondamentali del curricolo, attraverso una diversificazione dei percorsi di insegnamento.)",xxx,False,,0,non_specificato,non_specificato,,0.0,La risposta è vuota (xxx) e non descrive alcuna pratica di individualizzazione.
insegnanti_attuali_nnai29.md,NNAI29,Insegnanti in servizio,insegnanti_in_servizio,2,"In che modo utilizzi l’intelligenza artificiale per individualizzare l’insegnamento? (Nota: l’individualizzazione si riferisce alle strategie didattiche che mirano ad assicurare a tutti gli studenti il raggiungimento delle competenze fondamentali del curricolo, attraverso una diversificazione dei percorsi di insegnamento.)",Non la utilizzo per questo scopo,False,,0,non_specificato,non_specificato,Non la utilizzo per questo scopo,1.0,L'insegnante dichiara esplicitamente di non utilizzare l'IA per individualizzare l'insegnamento.
insegnanti_attuali_noce25.md,noce25,Insegnanti in servizio,insegnanti_in_servizio,3,"In che modo utilizzi l’intelligenza artificiale per individualizzare l’insegnamento? (Nota: l’individualizzazione si riferisce alle strategie didattiche che mirano ad assicurare a tutti gli studenti il raggiungimento delle competenze fondamentali del curricolo, attraverso una diversificazione dei percorsi di insegnamento.)","E' attualmente un modo utile per ingaggiare gli studenti proponendo attività più in linea con i loro interessi e il loro mondo. Individualizzare l'insegnamento significa pianificare ponendosi l'obiettivo di coinvolgere gli studenti e senza dubbio, l'Ai è un ottimo strumento",False,,0,non_specificato,non_specificato,,0.0,"La risposta descrive l'uso dell'IA per ingaggiare gli studenti basandosi sui loro interessi, definendolo come 'individualizzazione', ma non menziona strategie didattiche mirate al raggiungimento delle competenze fondamentali comuni (come..."
insegnanti_attuali_ntis26.md,ntis26,Insegnanti in servizio,insegnanti_in_servizio,2,"In che modo utilizzi l’intelligenza artificiale per individualizzare l’insegnamento? (Nota: l’individualizzazione si riferisce alle strategie didattiche che mirano ad assicurare a tutti gli studenti il raggiungimento delle competenze fondamentali del curricolo, attraverso una diversificazione dei percorsi di insegnamento.)",Per la traduzione dei compiti in lingua inglese per gli studenti con un BES linguistico in quanto stranieri,True,scaffolding_guidato|supporti_bes_dsa,2,sottogruppo,generazione_materiali,traduzione dei compiti in lingua inglese per gli studenti con un BES linguistico,0.95,L'uso dell'IA per tradurre compiti specifici per studenti stranieri con BES linguistico configura una strategia di individualizzazione tramite semplificazione linguistica e supporto mirato a un sottogruppo.
insegnanti_attuali_ogna07.md,ogna07,Insegnanti in servizio,insegnanti_in_servizio,2,"In che modo utilizzi l’intelligenza artificiale per individualizzare l’insegnamento? (Nota: l’individualizzazione si riferisce alle strategie didattiche che mirano ad assicurare a tutti gli studenti il raggiungimento delle competenze fondamentali del curricolo, attraverso una diversificazione dei percorsi di insegnamento.)","Mappe concettuali, schemi, ideazione di testo",False,,0,non_specificato,non_specificato,,0.0,"La risposta elenca solo prodotti generati (mappe, schemi, testi) senza descrivere strategie didattiche di individualizzazione (es. livelli, scaffolding, feedback) né il loro utilizzo per il raggiungimento delle competenze comuni."
insegnanti_attuali_ogri20.md,ogri20,Insegnanti in servizio,insegnanti_in_servizio,3,"In che modo utilizzi l’intelligenza artificiale per individualizzare l’insegnamento? (Nota: l’individualizzazione si riferisce alle strategie didattiche che mirano ad assicurare a tutti gli studenti il raggiungimento delle competenze fondamentali del curricolo, attraverso una diversificazione dei percorsi di insegnamento.)","chiedo all'IA di semplificarmi testi, creare storie con i dati che inserisco io.",True,semplificazione|livelli_difficolta,2,sottogruppo,generazione_materiali,chiedo all'IA di semplificarmi testi,0.95,L'uso dell'IA per semplificare testi e creare storie personalizzate indica una strategia di adattamento dei materiali per gestire diversi livelli di difficoltà.
insegnanti_attuali_olmi21.md,olmi21,Insegnanti in servizio,insegnanti_in_servizio,2,"In che modo utilizzi l’intelligenza artificiale per individualizzare l’insegnamento? (Nota: l’individualizzazione si riferisce alle strategie didattiche che mirano ad assicurare a tutti gli studenti il raggiungimento delle competenze fondamentali del curricolo, attraverso una diversificazione dei percorsi di insegnamento.)","Cerco di adattare le domande, le spiegazioni e gli esercizi",True,livelli_difficolta|esercizi_differenziati|scaffolding_guidato,3,sottogruppo,adattamento_contenuti,"Cerco di adattare le domande, le spiegazioni e gli esercizi",0.95,"L'adattamento di domande, spiegazioni ed esercizi indica una differenziazione dei percorsi per livelli di difficoltà."
insegnanti_attuali_ongo01.md,ongo01,Insegnanti in servizio,insegnanti_in_servizio,3,"In che modo utilizzi l’intelligenza artificiale per individualizzare l’insegnamento? (Nota: l’individualizzazione si riferisce alle strategie didattiche che mirano ad assicurare a tutti gli studenti il raggiungimento delle competenze fondamentali del curricolo, attraverso una diversificazione dei percorsi di insegnamento.)",Ancora non mi sono servito di questo strumento nella didattica quotidiana per individualizzare l'insegnamento,False,,0,non_specificato,non_specificato,Ancora non mi sono servito di questo strumento nella didattica quotidiana per individualizzare l'insegnamento,1.0,Il partecipante dichiara esplicitamente di non aver ancora utilizzato lo strumento per l'individualizzazione.
insegnanti_attuali_onzi03.md,onzi03,Insegnanti in servizio,insegnanti_in_servizio,2,"In che modo utilizzi l’intelligenza artificiale per individualizzare l’insegnamento? (Nota: l’individualizzazione si riferisce alle strategie didattiche che mirano ad assicurare a tutti gli studenti il raggiungimento delle competenze fondamentali del curricolo, attraverso una diversificazione dei percorsi di insegnamento.)",faccio elaborare esercizi su medesimi contenuti ma differenziati per fasce di livello,True,livelli_difficolta|esercizi_differenziati,2,sottogruppo,generazione_materiali,faccio elaborare esercizi su medesimi contenuti ma differenziati per fasce di livello,0.95,L'insegnante utilizza l'IA per creare esercizi con la stessa base concettuale ma con difficoltà differenziate per fasce di livello.
insegnanti_attuali_orio4.md,orio4,Insegnanti in servizio,insegnanti_in_servizio,3,"In che modo utilizzi l’intelligenza artificiale per individualizzare l’insegnamento? (Nota: l’individualizzazione si riferisce alle strategie didattiche che mirano ad assicurare a tutti gli studenti il raggiungimento delle competenze fondamentali del curricolo, attraverso una diversificazione dei percorsi di insegnamento.)",attraverso la descrizione delle peculiarità dei miei alunni,False,,0,non_specificato,non_specificato,attraverso la descrizione delle peculiarità dei miei alunni,0.0,"La risposta descrive un'azione amministrativa o di conoscenza (descrizione delle peculiarità) ma non cita strategie didattiche operative per l'individualizzazione (es. scaffolding, esercizi differenziati, feedback) né il ruolo dell'IA ne..."
insegnanti_attuali_orlandi28.md,Orlandi28,Insegnanti in servizio,insegnanti_in_servizio,3,"In che modo utilizzi l’intelligenza artificiale per individualizzare l’insegnamento? (Nota: l’individualizzazione si riferisce alle strategie didattiche che mirano ad assicurare a tutti gli studenti il raggiungimento delle competenze fondamentali del curricolo, attraverso una diversificazione dei percorsi di insegnamento.)",Sto sperimentando un modulo di riflessione sull'uso della traduzione automatica e quali competenze  di comprensione servono per gestire le traduzioni automatiche,False,,0,non_specificato,non_specificato,,0.0,"La risposta descrive un'attività di riflessione sulla traduzione automatica e le competenze di comprensione, ma non menziona strategie didattiche per l'individualizzazione (come diversificazione di percorsi, scaffolding, recupero, ecc.)..."
insegnanti_attuali_osti31.md,osti31,Insegnanti in servizio,insegnanti_in_servizio,2,"In che modo utilizzi l’intelligenza artificiale per individualizzare l’insegnamento? (Nota: l’individualizzazione si riferisce alle strategie didattiche che mirano ad assicurare a tutti gli studenti il raggiungimento delle competenze fondamentali del curricolo, attraverso una diversificazione dei percorsi di insegnamento.)",tramite creazione di mappe o riassunti personalizzati in base allo stile di apprendimento,True,semplificazione|livelli_difficolta,2,sottogruppo,generazione_materiali,creazione di mappe o riassunti personalizzati,0.95,La creazione di mappe o riassunti personalizzati in base allo stile di apprendimento implica la semplificazione o l'adattamento del livello di difficoltà per favorire il raggiungimento delle competenze.
insegnanti_attuali_otta06.md,otta06,Insegnanti in servizio,insegnanti_in_servizio,2,"In che modo utilizzi l’intelligenza artificiale per individualizzare l’insegnamento? (Nota: l’individualizzazione si riferisce alle strategie didattiche che mirano ad assicurare a tutti gli studenti il raggiungimento delle competenze fondamentali del curricolo, attraverso una diversificazione dei percorsi di insegnamento.)",Mi aiuta a trovare nuove attività originali da proporre in classe per la valutazione formativa o anche per la pianificazione della lezione.,True,valutazione_formativa,1,gruppo_classe,generazione_materiali,Mi aiuta a trovare nuove attività originali da proporre in classe per la valutazione formativa,0.95,"La risposta descrive l'uso dell'IA per generare attività originali specificamente per la valutazione formativa, una strategia di individualizzazione."
insegnanti_attuali_otti15.md,otti15,Insegnanti in servizio,insegnanti_in_servizio,2,"In che modo utilizzi l’intelligenza artificiale per individualizzare l’insegnamento? (Nota: l’individualizzazione si riferisce alle strategie didattiche che mirano ad assicurare a tutti gli studenti il raggiungimento delle competenze fondamentali del curricolo, attraverso una diversificazione dei percorsi di insegnamento.)",Per alunni con BES,True,supporti_bes_dsa|semplificazione|feedback_mirato,3,sottogruppo,generazione_materiali,Per alunni con BES,0.95,"La risposta specifica l'utilizzo dell'IA per supportare alunni con Bisogni Educativi Speciali, implicando strategie di semplificazione e fornitura di supporti specifici."
insegnanti_attuali_ovanna.md,Ovanna,Insegnanti in servizio,insegnanti_in_servizio,2,"In che modo utilizzi l’intelligenza artificiale per individualizzare l’insegnamento? (Nota: l’individualizzazione si riferisce alle strategie didattiche che mirano ad assicurare a tutti gli studenti il raggiungimento delle competenze fondamentali del curricolo, attraverso una diversificazione dei percorsi di insegnamento.)",Analizzare grande quantità di informazioni,False,,0,non_specificato,non_specificato,Analizzare grande quantità di informazioni,0.0,"La risposta descrive un'azione generica di analisi dati senza menzionare strategie didattiche specifiche per l'individualizzazione (come differenziazione, scaffolding, ecc.) né il contesto di applicazione."
insegnanti_attuali_ozzi18.md,ozzi18,Insegnanti in servizio,insegnanti_in_servizio,2,"In che modo utilizzi l’intelligenza artificiale per individualizzare l’insegnamento? (Nota: l’individualizzazione si riferisce alle strategie didattiche che mirano ad assicurare a tutti gli studenti il raggiungimento delle competenze fondamentali del curricolo, attraverso una diversificazione dei percorsi di insegnamento.)",creare mappe,True,livelli_difficolta|scaffolding_guidato,2,sottogruppo,generazione_materiali,creare mappe,0.85,La creazione di mappe implica l'adattamento dei materiali a diversi livelli di comprensione e scaffolding per facilitare l'apprendimento.
insegnanti_attuali_pace11.md,pace11,Insegnanti in servizio,insegnanti_in_servizio,3,"In che modo utilizzi l’intelligenza artificiale per individualizzare l’insegnamento? (Nota: l’individualizzazione si riferisce alle strategie didattiche che mirano ad assicurare a tutti gli studenti il raggiungimento delle competenze fondamentali del curricolo, attraverso una diversificazione dei percorsi di insegnamento.)",Posso creare attività che possono sfruttare vari canali sensoriali,True,livelli_difficolta|supporti_bes_dsa,2,sottogruppo,generazione_materiali,Posso creare attività che possono sfruttare vari canali sensoriali,0.85,"La creazione di attività con vari canali sensoriali implica la diversificazione dei percorsi e l'adattamento dei materiali per supportare diversi stili di apprendimento, rientrando nell'individualizzazione delle strategie didattiche."
insegnanti_attuali_pola10.md,pola10,Insegnanti in servizio,insegnanti_in_servizio,3,"In che modo utilizzi l’intelligenza artificiale per individualizzare l’insegnamento? (Nota: l’individualizzazione si riferisce alle strategie didattiche che mirano ad assicurare a tutti gli studenti il raggiungimento delle competenze fondamentali del curricolo, attraverso una diversificazione dei percorsi di insegnamento.)",Produzione di materiali di sintesi,True,livelli_difficolta|semplificazione|recupero_prerequisiti,3,sottogruppo,generazione_materiali,Produzione di materiali di sintesi,0.85,La produzione di materiali di sintesi implica la creazione di risorse adattate a diversi livelli di comprensione e difficoltà per supportare il raggiungimento delle competenze.
insegnanti_attuali_raia30.md,raia30,Insegnanti in servizio,insegnanti_in_servizio,3,"In che modo utilizzi l’intelligenza artificiale per individualizzare l’insegnamento? (Nota: l’individualizzazione si riferisce alle strategie didattiche che mirano ad assicurare a tutti gli studenti il raggiungimento delle competenze fondamentali del curricolo, attraverso una diversificazione dei percorsi di insegnamento.)","Per creare video, fumetti o podcast e cercare di coinvolgere studenti ADHD o con problemi cognitivi o legati alla vista o all’udito, ma ho iniziato da poco ad utilizzarle",True,supporti_bes_dsa|semplificazione|livelli_difficolta,3,sottogruppo,generazione_materiali,"Per creare video, fumetti o podcast e cercare di coinvolgere studenti ADHD o con problemi cognitivi o legati alla vista o all'udito",0.95,"L'uso di formati alternativi (video, fumetti, podcast) per studenti con BES/DSA rappresenta una strategia di semplificazione e adattamento dei materiali per garantire l'accesso alle competenze."
insegnanti_attuali_raro28.md,raro28,Insegnanti in servizio,insegnanti_in_servizio,2,"In che modo utilizzi l’intelligenza artificiale per individualizzare l’insegnamento? (Nota: l’individualizzazione si riferisce alle strategie didattiche che mirano ad assicurare a tutti gli studenti il raggiungimento delle competenze fondamentali del curricolo, attraverso una diversificazione dei percorsi di insegnamento.)",creando contenuti che siano accessibili a tutti,True,semplificazione|livelli_difficolta,2,gruppo_classe,adattamento_contenuti,creando contenuti che siano accessibili a tutti,0.95,"La creazione di contenuti accessibili a tutti implica l'adattamento dei materiali per garantire la comprensione da parte di tutti gli studenti, coprendo strategie di semplificazione e adeguamento dei livelli di difficoltà."
insegnanti_attuali_rati06.md,rati06,Insegnanti in servizio,insegnanti_in_servizio,3,"In che modo utilizzi l’intelligenza artificiale per individualizzare l’insegnamento? (Nota: l’individualizzazione si riferisce alle strategie didattiche che mirano ad assicurare a tutti gli studenti il raggiungimento delle competenze fondamentali del curricolo, attraverso una diversificazione dei percorsi di insegnamento.)",La uso per creare immagini che rappresentano il concetto da inserire in mappe,False,,0,non_specificato,generazione_materiali,creare immagini,0.95,"La risposta descrive l'uso dell'IA per generare immagini, ma non menziona strategie di individualizzazione (come diversificazione di percorsi, scaffolding, recupero, ecc.) né il raggiungimento di competenze fondamentali comuni, come defi..."
insegnanti_attuali_rini09.md,Rini09,Insegnanti in servizio,insegnanti_in_servizio,3,"In che modo utilizzi l’intelligenza artificiale per individualizzare l’insegnamento? (Nota: l’individualizzazione si riferisce alle strategie didattiche che mirano ad assicurare a tutti gli studenti il raggiungimento delle competenze fondamentali del curricolo, attraverso una diversificazione dei percorsi di insegnamento.)",Come aiuto,False,,0,non_specificato,non_specificato,,0.0,La risposta 'Come aiuto' non descrive alcuna pratica didattica specifica né strategie di individualizzazione.
insegnanti_attuali_rini13.md,rini13,Insegnanti in servizio,insegnanti_in_servizio,3,"In che modo utilizzi l’intelligenza artificiale per individualizzare l’insegnamento? (Nota: l’individualizzazione si riferisce alle strategie didattiche che mirano ad assicurare a tutti gli studenti il raggiungimento delle competenze fondamentali del curricolo, attraverso una diversificazione dei percorsi di insegnamento.)",Creazione di mappe e schemi,True,livelli_difficolta|scaffolding_guidato,2,sottogruppo,generazione_materiali,Creazione di mappe e schemi,0.85,La creazione di mappe e schemi è una strategia di scaffolding e semplificazione per supportare il raggiungimento delle competenze.
insegnanti_attuali_rini15.md,rini15,Insegnanti in servizio,insegnanti_in_servizio,2,"In che modo utilizzi l’intelligenza artificiale per individualizzare l’insegnamento? (Nota: l’individualizzazione si riferisce alle strategie didattiche che mirano ad assicurare a tutti gli studenti il raggiungimento delle competenze fondamentali del curricolo, attraverso una diversificazione dei percorsi di insegnamento.)",chiedo di proporre qualche esercizio specifico utilizzando delle direttive che do io,True,esercizi_differenziati,1,sottogruppo,generazione_materiali,chiedo di proporre qualche esercizio specifico,0.95,L'uso di direttive per generare esercizi specifici indica una strategia di differenziazione dei percorsi di apprendimento.
insegnanti_attuali_rini29.md,RINI29,Insegnanti in servizio,insegnanti_in_servizio,2,"In che modo utilizzi l’intelligenza artificiale per individualizzare l’insegnamento? (Nota: l’individualizzazione si riferisce alle strategie didattiche che mirano ad assicurare a tutti gli studenti il raggiungimento delle competenze fondamentali del curricolo, attraverso una diversificazione dei percorsi di insegnamento.)",PER ADATTARE I PERCORSI EDUCATIVI ALLE CARATTERISTICHE E  AI BISOGNI DI CIASCUN ALUNNO.,True,livelli_difficolta|scaffolding_guidato|esercizi_differenziati|feedback_mirato,4,singolo_studente,adattamento_contenuti,PER ADATTARE I PERCORSI EDUCATIVI ALLE CARATTERISTICHE E AI BISOGNI DI CIASCUN ALUNNO,0.95,"La risposta descrive esplicitamente l'adattamento dei percorsi alle caratteristiche individuali, implicando differenziazione di livelli e supporto mirato."
insegnanti_attuali_rino23.md,RINO23,Insegnanti in servizio,insegnanti_in_servizio,3,"In che modo utilizzi l’intelligenza artificiale per individualizzare l’insegnamento? (Nota: l’individualizzazione si riferisce alle strategie didattiche che mirano ad assicurare a tutti gli studenti il raggiungimento delle competenze fondamentali del curricolo, attraverso una diversificazione dei percorsi di insegnamento.)",Rielaborazione di contenuti per studenti con difficoltà di apprendimento,True,livelli_difficolta|semplificazione|supporti_bes_dsa,3,sottogruppo,adattamento_contenuti,Rielaborazione di contenuti per studenti con difficoltà di apprendimento,0.95,"La risposta descrive l'adattamento dei materiali per studenti con difficoltà, allineandosi alla definizione di individualizzazione per il raggiungimento delle competenze."
insegnanti_attuali_roni06.md,roni06,Insegnanti in servizio,insegnanti_in_servizio,3,"In che modo utilizzi l’intelligenza artificiale per individualizzare l’insegnamento? (Nota: l’individualizzazione si riferisce alle strategie didattiche che mirano ad assicurare a tutti gli studenti il raggiungimento delle competenze fondamentali del curricolo, attraverso una diversificazione dei percorsi di insegnamento.)",Soprattutto per supporti compensative per DSA,True,supporti_bes_dsa,1,sottogruppo,generazione_materiali,supporti compensative per DSA,0.95,La risposta cita esplicitamente l'uso dell'IA per creare supporti compensativi specifici per gli studenti con DSA.
insegnanti_attuali_rrin08.md,rrin08,Insegnanti in servizio,insegnanti_in_servizio,3,"In che modo utilizzi l’intelligenza artificiale per individualizzare l’insegnamento? (Nota: l’individualizzazione si riferisce alle strategie didattiche che mirano ad assicurare a tutti gli studenti il raggiungimento delle competenze fondamentali del curricolo, attraverso una diversificazione dei percorsi di insegnamento.)",Produco contenuti individualizzati sulla base delle delle preferenze di apprendimento,True,livelli_difficolta|scaffolding_guidato,2,sottogruppo,generazione_materiali,Produco contenuti individualizzati sulla base delle delle preferenze di apprendimento,0.85,"La risposta descrive la creazione di materiali differenziati in base alle preferenze, indicando una strategia di individualizzazione per raggiungere competenze comuni."
insegnanti_attuali_runo01.md,runo01,Insegnanti in servizio,insegnanti_in_servizio,3,"In che modo utilizzi l’intelligenza artificiale per individualizzare l’insegnamento? (Nota: l’individualizzazione si riferisce alle strategie didattiche che mirano ad assicurare a tutti gli studenti il raggiungimento delle competenze fondamentali del curricolo, attraverso una diversificazione dei percorsi di insegnamento.)",test differenziati,True,livelli_difficolta|esercizi_differenziati,2,sottogruppo,generazione_materiali,test differenziati,0.95,La risposta 'test differenziati' indica l'uso dell'IA per creare materiali con diversi livelli di difficoltà per gestire le esigenze di apprendimento.
insegnanti_attuali_rzio16.md,RZIO16,Insegnanti in servizio,insegnanti_in_servizio,2,"In che modo utilizzi l’intelligenza artificiale per individualizzare l’insegnamento? (Nota: l’individualizzazione si riferisce alle strategie didattiche che mirano ad assicurare a tutti gli studenti il raggiungimento delle competenze fondamentali del curricolo, attraverso una diversificazione dei percorsi di insegnamento.)",Come strumento compensativo,True,supporti_bes_dsa,1,sottogruppo,generazione_materiali,Come strumento compensativo,0.95,L'uso dell'IA come 'strumento compensativo' indica una strategia di supporto per studenti con difficoltà specifiche (BES/DSA) per garantire il raggiungimento delle competenze.
insegnanti_attuali_sani19.md,Sani19,Insegnanti in servizio,insegnanti_in_servizio,2,"In che modo utilizzi l’intelligenza artificiale per individualizzare l’insegnamento? (Nota: l’individualizzazione si riferisce alle strategie didattiche che mirano ad assicurare a tutti gli studenti il raggiungimento delle competenze fondamentali del curricolo, attraverso una diversificazione dei percorsi di insegnamento.)",Giochi didattici locandine disegni estrapolazione di immagini sui testi,False,,0,non_specificato,non_specificato,,0.0,"La risposta descrive attività didattiche generiche (giochi, locandine, disegni) ma non menziona l'utilizzo dell'IA né strategie di individualizzazione."
insegnanti_attuali_santi13.md,santi13,Insegnanti in servizio,insegnanti_in_servizio,2,"In che modo utilizzi l’intelligenza artificiale per individualizzare l’insegnamento? (Nota: l’individualizzazione si riferisce alle strategie didattiche che mirano ad assicurare a tutti gli studenti il raggiungimento delle competenze fondamentali del curricolo, attraverso una diversificazione dei percorsi di insegnamento.)",Ricerca della strategia ideale per personalizzare al meglio un percorso di insegnamento.,True,livelli_difficolta|scaffolding_guidato,2,sottogruppo,suggerimento_strategie,Ricerca della strategia ideale per personalizzare al meglio un percorso di insegnamento,0.85,"L'insegnante cerca attivamente strategie per differenziare i percorsi di insegnamento, indicando l'uso dell'IA per supportare l'individualizzazione verso le competenze fondamentali."
insegnanti_attuali_sario2.md,SARIO2,Insegnanti in servizio,insegnanti_in_servizio,2,"In che modo utilizzi l’intelligenza artificiale per individualizzare l’insegnamento? (Nota: l’individualizzazione si riferisce alle strategie didattiche che mirano ad assicurare a tutti gli studenti il raggiungimento delle competenze fondamentali del curricolo, attraverso una diversificazione dei percorsi di insegnamento.)",non la utilizzo per questo scopo,False,,0,non_specificato,non_specificato,non la utilizzo per questo scopo,1.0,L'insegnante dichiara esplicitamente di non utilizzare l'IA per l'individualizzazione.
insegnanti_attuali_schi10.md,Schi10,Insegnanti in servizio,insegnanti_in_servizio,3,"In che modo utilizzi l’intelligenza artificiale per individualizzare l’insegnamento? (Nota: l’individualizzazione si riferisce alle strategie didattiche che mirano ad assicurare a tutti gli studenti il raggiungimento delle competenze fondamentali del curricolo, attraverso una diversificazione dei percorsi di insegnamento.)",Rafforzamento di apprendimento,False,,0,non_specificato,non_specificato,,0.0,"La risposta 'Rafforzamento di apprendimento' è un concetto generico che non descrive una pratica specifica di individualizzazione (come diversificazione di percorsi, scaffolding, ecc.) né menziona l'uso dell'IA."
insegnanti_attuali_sepe29.md,sepe29,Insegnanti in servizio,insegnanti_in_servizio,2,"In che modo utilizzi l’intelligenza artificiale per individualizzare l’insegnamento? (Nota: l’individualizzazione si riferisce alle strategie didattiche che mirano ad assicurare a tutti gli studenti il raggiungimento delle competenze fondamentali del curricolo, attraverso una diversificazione dei percorsi di insegnamento.)",Creare sintesi dei concetti fondamentali,True,semplificazione|scaffolding_guidato,2,sottogruppo,generazione_materiali,Creare sintesi dei concetti fondamentali,0.95,La sintesi dei concetti fondamentali è una strategia di semplificazione e scaffolding per facilitare l'accesso ai contenuti.
insegnanti_attuali_sini22.md,sini22,Insegnanti in servizio,insegnanti_in_servizio,2,"In che modo utilizzi l’intelligenza artificiale per individualizzare l’insegnamento? (Nota: l’individualizzazione si riferisce alle strategie didattiche che mirano ad assicurare a tutti gli studenti il raggiungimento delle competenze fondamentali del curricolo, attraverso una diversificazione dei percorsi di insegnamento.)",Chiedo all'IA di creare o adattare contenuti in base alle necessità di alcuni studenti.,True,livelli_difficolta,1,sottogruppo,adattamento_contenuti,Chiedo all'IA di creare o adattare contenuti,0.95,"La risposta descrive l'adattamento di contenuti per rispondere alle necessità di alcuni studenti, indicando una strategia di individualizzazione."
insegnanti_attuali_soli24.md,soli24,Insegnanti in servizio,insegnanti_in_servizio,3,"In che modo utilizzi l’intelligenza artificiale per individualizzare l’insegnamento? (Nota: l’individualizzazione si riferisce alle strategie didattiche che mirano ad assicurare a tutti gli studenti il raggiungimento delle competenze fondamentali del curricolo, attraverso una diversificazione dei percorsi di insegnamento.)",preparazione lezioni,False,,0,non_specificato,non_specificato,preparazione lezioni,0.0,"La risposta 'preparazione lezioni' è troppo generica e non descrive strategie specifiche di individualizzazione (come diversificazione di percorsi, scaffolding, feedback, ecc.) né il ruolo dell'IA in tale contesto."
insegnanti_attuali_stini27.md,Stini27,Insegnanti in servizio,insegnanti_in_servizio,3,"In che modo utilizzi l’intelligenza artificiale per individualizzare l’insegnamento? (Nota: l’individualizzazione si riferisce alle strategie didattiche che mirano ad assicurare a tutti gli studenti il raggiungimento delle competenze fondamentali del curricolo, attraverso una diversificazione dei percorsi di insegnamento.)","utilizzare piattaforme basate su AI al fine di proporre esercizi, testi, video o attività differenti a seconda del livello di ciascun alunno.",True,livelli_difficolta|esercizi_differenziati,2,sottogruppo,generazione_materiali,"proporre esercizi, testi, video o attività differenti a seconda del livello di ciascun alunno",0.95,L'insegnante utilizza l'IA per generare materiali differenziati in base al livello degli alunni.
insegnanti_attuali_tano01.md,tano01,Insegnanti in servizio,insegnanti_in_servizio,3,"In che modo utilizzi l’intelligenza artificiale per individualizzare l’insegnamento? (Nota: l’individualizzazione si riferisce alle strategie didattiche che mirano ad assicurare a tutti gli studenti il raggiungimento delle competenze fondamentali del curricolo, attraverso una diversificazione dei percorsi di insegnamento.)",non la utilizzo,False,,0,non_specificato,non_specificato,non la utilizzo,1.0,L'insegnante dichiara esplicitamente di non utilizzare l'IA per l'individualizzazione.
insegnanti_attuali_taro21.md,Taro21,Insegnanti in servizio,insegnanti_in_servizio,2,"In che modo utilizzi l’intelligenza artificiale per individualizzare l’insegnamento? (Nota: l’individualizzazione si riferisce alle strategie didattiche che mirano ad assicurare a tutti gli studenti il raggiungimento delle competenze fondamentali del curricolo, attraverso una diversificazione dei percorsi di insegnamento.)",Chiedo test adattati,True,livelli_difficolta|valutazione_formativa,2,sottogruppo,generazione_materiali,Chiedo test adattati,0.95,L'uso di 'test adattati' implica la creazione di strumenti di valutazione o esercizio con difficoltà differenziate per rispondere ai livelli degli studenti.
insegnanti_attuali_tini20.md,Tini20,Insegnanti in servizio,insegnanti_in_servizio,2,"In che modo utilizzi l’intelligenza artificiale per individualizzare l’insegnamento? (Nota: l’individualizzazione si riferisce alle strategie didattiche che mirano ad assicurare a tutti gli studenti il raggiungimento delle competenze fondamentali del curricolo, attraverso una diversificazione dei percorsi di insegnamento.)",Lo utilizzo per supporto nella creazione di quiz di verifica,False,,0,non_specificato,non_specificato,Lo utilizzo per supporto nella creazione di quiz di verifica,0.95,"La risposta descrive un uso strumentale (creazione di quiz) non collegato esplicitamente a strategie di individualizzazione per il raggiungimento delle competenze fondamentali (come diversificazione di percorsi, scaffolding, recupero, ec..."
insegnanti_attuali_tini24.md,tini24,Insegnanti in servizio,insegnanti_in_servizio,2,"In che modo utilizzi l’intelligenza artificiale per individualizzare l’insegnamento? (Nota: l’individualizzazione si riferisce alle strategie didattiche che mirano ad assicurare a tutti gli studenti il raggiungimento delle competenze fondamentali del curricolo, attraverso una diversificazione dei percorsi di insegnamento.)",Fornendo materiale in base alle competenze di ognuno,True,livelli_difficolta|scaffolding_guidato,2,sottogruppo,generazione_materiali,Fornendo materiale in base alle competenze di ognuno,0.95,La risposta indica la creazione di materiali differenziati in funzione delle competenze specifiche di ogni studente.
insegnanti_attuali_tino06.md,tino06,Insegnanti in servizio,insegnanti_in_servizio,3,"In che modo utilizzi l’intelligenza artificiale per individualizzare l’insegnamento? (Nota: l’individualizzazione si riferisce alle strategie didattiche che mirano ad assicurare a tutti gli studenti il raggiungimento delle competenze fondamentali del curricolo, attraverso una diversificazione dei percorsi di insegnamento.)",Non la utilizzo,False,,0,non_specificato,non_specificato,Non la utilizzo,1.0,L'insegnante dichiara esplicitamente di non utilizzare l'IA per l'individualizzazione.
insegnanti_attuali_tino28.md,tino28,Insegnanti in servizio,insegnanti_in_servizio,3,"In che modo utilizzi l’intelligenza artificiale per individualizzare l’insegnamento? (Nota: l’individualizzazione si riferisce alle strategie didattiche che mirano ad assicurare a tutti gli studenti il raggiungimento delle competenze fondamentali del curricolo, attraverso una diversificazione dei percorsi di insegnamento.)",monitoraggio del progresso degli studenti,False,,0,non_specificato,non_specificato,,0.0,"La risposta 'monitoraggio del progresso degli studenti' non descrive una strategia specifica di individualizzazione (come diversificazione di percorsi, scaffolding, semplificazione, ecc.) ma un'attività generica di valutazione o controllo."
insegnanti_attuali_tito07.md,tito07,Insegnanti in servizio,insegnanti_in_servizio,3,"In che modo utilizzi l’intelligenza artificiale per individualizzare l’insegnamento? (Nota: l’individualizzazione si riferisce alle strategie didattiche che mirano ad assicurare a tutti gli studenti il raggiungimento delle competenze fondamentali del curricolo, attraverso una diversificazione dei percorsi di insegnamento.)",Esercizi specifici in base al livello di conoscenza e competenza linguistica,True,livelli_difficolta|esercizi_differenziati,2,sottogruppo,generazione_materiali,Esercizi specifici in base al livello di conoscenza e competenza linguistica,0.95,"La risposta descrive la creazione di esercizi differenziati basati sul livello di competenza, allineandosi alla definizione di individualizzazione per il raggiungimento delle competenze."
insegnanti_attuali_tore26.md,tore26,Insegnanti in servizio,insegnanti_in_servizio,2,"In che modo utilizzi l’intelligenza artificiale per individualizzare l’insegnamento? (Nota: l’individualizzazione si riferisce alle strategie didattiche che mirano ad assicurare a tutti gli studenti il raggiungimento delle competenze fondamentali del curricolo, attraverso una diversificazione dei percorsi di insegnamento.)",chiedo suggerimenti su come individualizzare i percorsi didattici,True,scaffolding_guidato|livelli_difficolta,2,sottogruppo,suggerimento_strategie,chiedo suggerimenti su come individualizzare i percorsi didattici,0.95,"L'insegnante utilizza l'IA per ottenere indicazioni su come differenziare i percorsi didattici, coprendo strategie di scaffolding e livelli di difficoltà."
insegnanti_attuali_ucci06.md,ucci06,Insegnanti in servizio,insegnanti_in_servizio,3,"In che modo utilizzi l’intelligenza artificiale per individualizzare l’insegnamento? (Nota: l’individualizzazione si riferisce alle strategie didattiche che mirano ad assicurare a tutti gli studenti il raggiungimento delle competenze fondamentali del curricolo, attraverso una diversificazione dei percorsi di insegnamento.)",Creazione di slide e verifiche,False,,0,non_specificato,non_specificato,Creazione di slide e verifiche,0.0,La risposta menziona solo la creazione di materiali generici (slide e verifiche) senza descrivere strategie di individualizzazione mirate al raggiungimento delle competenze fondamentali per tutti gli studenti.
insegnanti_attuali_udio01.md,UDIO01,Insegnanti in servizio,insegnanti_in_servizio,3,"In che modo utilizzi l’intelligenza artificiale per individualizzare l’insegnamento? (Nota: l’individualizzazione si riferisce alle strategie didattiche che mirano ad assicurare a tutti gli studenti il raggiungimento delle competenze fondamentali del curricolo, attraverso una diversificazione dei percorsi di insegnamento.)",Non utilizzo l’intelligenza artificiale per individualizzare l’insegnamento.,False,,0,non_specificato,non_specificato,Non utilizzo l'intelligenza artificiale per individualizzare l'insegnamento.,1.0,Il partecipante dichiara esplicitamente di non utilizzare l'IA per l'individualizzazione.
insegnanti_attuali_urro18.md,Urro18,Insegnanti in servizio,insegnanti_in_servizio,3,"In che modo utilizzi l’intelligenza artificiale per individualizzare l’insegnamento? (Nota: l’individualizzazione si riferisce alle strategie didattiche che mirano ad assicurare a tutti gli studenti il raggiungimento delle competenze fondamentali del curricolo, attraverso una diversificazione dei percorsi di insegnamento.)",Creando del materiale utilizzabile da tutti gli studenti,True,semplificazione,1,gruppo_classe,generazione_materiali,Creando del materiale utilizzabile da tutti gli studenti,0.95,"La risposta indica la creazione di materiale per tutti gli studenti, implicando una semplificazione o adattamento dei contenuti per garantire l'accesso a tutti."
insegnanti_attuali_usso09.md,usso09,Insegnanti in servizio,insegnanti_in_servizio,2,"In che modo utilizzi l’intelligenza artificiale per individualizzare l’insegnamento? (Nota: l’individualizzazione si riferisce alle strategie didattiche che mirano ad assicurare a tutti gli studenti il raggiungimento delle competenze fondamentali del curricolo, attraverso una diversificazione dei percorsi di insegnamento.)","Es. per la ricerca di esempi realistici per svolgere degli esrecizi : es ricerca di valori tabulati di parametri biomedici che si prestino bene ad esempi di crosscorrelazione, ricerca di tabelle dei coefficienti di estinzione molare per simulare un esame spettrofotometrico",True,esercizi_differenziati|scaffolding_guidato,2,sottogruppo,generazione_materiali,ricerca di esempi realistici per svolgere degli esercizi,0.85,"L'uso dell'IA per reperire dati specifici (valori biomedici, coefficienti di estinzione) serve a costruire esercizi differenziati e simulazioni mirate per supportare il raggiungimento delle competenze."
insegnanti_attuali_uzzi13.md,uzzi13,Insegnanti in servizio,insegnanti_in_servizio,3,"In che modo utilizzi l’intelligenza artificiale per individualizzare l’insegnamento? (Nota: l’individualizzazione si riferisce alle strategie didattiche che mirano ad assicurare a tutti gli studenti il raggiungimento delle competenze fondamentali del curricolo, attraverso una diversificazione dei percorsi di insegnamento.)","Semplifico dei materiali per bambini con difficoltà di apprendimento o, al contrario, ricerco materiale un po' più impegnativo per alcuni bambini più dotati.",True,semplificazione|livelli_difficolta,2,sottogruppo,generazione_materiali,"Semplifico dei materiali per bambini con difficoltà di apprendimento o, al contrario, ricerco materiale un po' più impegnativo per alcuni bambini più dotati.",0.95,L'insegnante utilizza l'IA per adattare la difficoltà dei materiali (semplificazione o aumento) in base alle capacità dei sottogruppi di studenti.
insegnanti_attuali_vari16.md,vari16,Insegnanti in servizio,insegnanti_in_servizio,2,"In che modo utilizzi l’intelligenza artificiale per individualizzare l’insegnamento? (Nota: l’individualizzazione si riferisce alle strategie didattiche che mirano ad assicurare a tutti gli studenti il raggiungimento delle competenze fondamentali del curricolo, attraverso una diversificazione dei percorsi di insegnamento.)",Chiedendo suggerimenti e ipotesi di risultato,False,,0,non_specificato,non_specificato,,0.0,"La risposta descrive un uso generico dell'IA per chiedere suggerimenti e ipotesi di risultato, senza menzionare strategie didattiche specifiche per l'individualizzazione (come diversificazione di percorsi, scaffolding, recupero, ecc.) né..."
insegnanti_attuali_vese28.md,vese28,Insegnanti in servizio,insegnanti_in_servizio,3,"In che modo utilizzi l’intelligenza artificiale per individualizzare l’insegnamento? (Nota: l’individualizzazione si riferisce alle strategie didattiche che mirano ad assicurare a tutti gli studenti il raggiungimento delle competenze fondamentali del curricolo, attraverso una diversificazione dei percorsi di insegnamento.)",Attraverso la creazione di mappe concettuali,False,,0,non_specificato,non_specificato,Attraverso la creazione di mappe concettuali,0.95,"La risposta descrive un'attività generica (creazione di mappe concettuali) senza esplicitare strategie di individualizzazione (come diversificazione di percorsi, scaffolding, recupero, ecc.) né il target specifico degli studenti."
insegnanti_attuali_zani26.md,zani26,Insegnanti in servizio,insegnanti_in_servizio,3,"In che modo utilizzi l’intelligenza artificiale per individualizzare l’insegnamento? (Nota: l’individualizzazione si riferisce alle strategie didattiche che mirano ad assicurare a tutti gli studenti il raggiungimento delle competenze fondamentali del curricolo, attraverso una diversificazione dei percorsi di insegnamento.)",Fornisco mappe e schermi agli studenti BES che hanno necessità di facilitazione esemplificazione,True,semplificazione|supporti_bes_dsa,2,sottogruppo,generazione_materiali,Fornisco mappe e schermi agli studenti BES,0.95,L'uso di mappe e schermi per studenti BES indica una semplificazione dei contenuti e l'impiego di supporti specifici per facilitare l'apprendimento.
insegnanti_attuali_zano05.md,zano05,Insegnanti in servizio,insegnanti_in_servizio,3,"In che modo utilizzi l’intelligenza artificiale per individualizzare l’insegnamento? (Nota: l’individualizzazione si riferisce alle strategie didattiche che mirano ad assicurare a tutti gli studenti il raggiungimento delle competenze fondamentali del curricolo, attraverso una diversificazione dei percorsi di insegnamento.)",per l'apprendimento e la verifica,False,,0,non_specificato,non_specificato,per l'apprendimento e la verifica,0.0,"La risposta non descrive una pratica specifica di individualizzazione, ma solo un ambito generico di utilizzo dell'IA."
insegnanti_attuali_zano29.md,zano29,Insegnanti in servizio,insegnanti_in_servizio,3,"In che modo utilizzi l’intelligenza artificiale per individualizzare l’insegnamento? (Nota: l’individualizzazione si riferisce alle strategie didattiche che mirano ad assicurare a tutti gli studenti il raggiungimento delle competenze fondamentali del curricolo, attraverso una diversificazione dei percorsi di insegnamento.)",Creare riassunti o articoli,False,,0,non_specificato,non_specificato,Creare riassunti o articoli,0.0,"La risposta descrive un'attività generica (creazione di materiali) senza esplicitare strategie di individualizzazione (come diversificazione di percorsi, scaffolding, recupero, ecc.) mirate al raggiungimento delle competenze fondamentali..."
insegnanti_attuali_zone05.md,Zone05,Insegnanti in servizio,insegnanti_in_servizio,3,"In che modo utilizzi l’intelligenza artificiale per individualizzare l’insegnamento? (Nota: l’individualizzazione si riferisce alle strategie didattiche che mirano ad assicurare a tutti gli studenti il raggiungimento delle competenze fondamentali del curricolo, attraverso una diversificazione dei percorsi di insegnamento.)",Creazione di verifiche personalizzate e materiale didattico,True,livelli_difficolta|valutazione_formativa,2,sottogruppo,generazione_materiali,Creazione di verifiche personalizzate e materiale didattico,0.95,"La risposta descrive la creazione di verifiche e materiali specifici, indicando una differenziazione dei percorsi (livelli) e una valutazione mirata."
insegnanti_attuali_zzei19.md,zzei19,Insegnanti in servizio,insegnanti_in_servizio,2,"In che modo utilizzi l’intelligenza artificiale per individualizzare l’insegnamento? (Nota: l’individualizzazione si riferisce alle strategie didattiche che mirano ad assicurare a tutti gli studenti il raggiungimento delle competenze fondamentali del curricolo, attraverso una diversificazione dei percorsi di insegnamento.)",Con l'aiuto di immagini suoni e colori che dimostrano ai bambini il lavoro da svolgere o realizzare.,True,scaffolding_guidato|supporti_bes_dsa,2,gruppo_classe,generazione_materiali,Con l'aiuto di immagini suoni e colori che dimostrano ai bambini il lavoro da svolgere o realizzare,0.95,"L'uso di immagini, suoni e colori per 'dimostrare' il lavoro corrisponde a un supporto visivo e uditivo (scaffolding) per facilitare l'apprendimento, tipico di strategie di individualizzazione tramite materiali differenziati."
insegnanti_futuri_00004m.md,00004M,Insegnanti pre-service,insegnanti_pre_service,3,"In che modo utilizzi l’intelligenza artificiale per individualizzare l’insegnamento? (Nota: l’individualizzazione si riferisce alle strategie didattiche che mirano ad assicurare a tutti gli studenti il raggiungimento delle competenze fondamentali del curricolo, attraverso una diversificazione dei percorsi di insegnamento.)",Attraverso le mappe concettuali,False,,0,non_specificato,non_specificato,Attraverso le mappe concettuali,0.0,"La risposta non descrive una pratica di individualizzazione (strategie, livelli, scaffolding) ma cita solo uno strumento generico (mappe concettuali) senza specificare come venga utilizzato per differenziare i percorsi o supportare il ra..."
insegnanti_futuri_acca02.md,ACCA02,Insegnanti pre-service,insegnanti_pre_service,3,"In che modo utilizzi l’intelligenza artificiale per individualizzare l’insegnamento? (Nota: l’individualizzazione si riferisce alle strategie didattiche che mirano ad assicurare a tutti gli studenti il raggiungimento delle competenze fondamentali del curricolo, attraverso una diversificazione dei percorsi di insegnamento.)",non ho mai insegnato,False,,0,non_specificato,non_specificato,non ho mai insegnato,1.0,"Il partecipante dichiara di non aver mai insegnato, quindi non è possibile descrivere alcuna pratica di individualizzazione."
insegnanti_futuri_aldi28.md,Aldi28,Insegnanti pre-service,insegnanti_pre_service,2,"In che modo utilizzi l’intelligenza artificiale per individualizzare l’insegnamento? (Nota: l’individualizzazione si riferisce alle strategie didattiche che mirano ad assicurare a tutti gli studenti il raggiungimento delle competenze fondamentali del curricolo, attraverso una diversificazione dei percorsi di insegnamento.)",Non la utilizzo,False,,0,non_specificato,non_specificato,Non la utilizzo,1.0,Il partecipante dichiara esplicitamente di non utilizzare l'IA per l'individualizzazione.
insegnanti_futuri_allo13.md,allo13,Insegnanti pre-service,insegnanti_pre_service,2,"In che modo utilizzi l’intelligenza artificiale per individualizzare l’insegnamento? (Nota: l’individualizzazione si riferisce alle strategie didattiche che mirano ad assicurare a tutti gli studenti il raggiungimento delle competenze fondamentali del curricolo, attraverso una diversificazione dei percorsi di insegnamento.)",Descrivendo la situazione dell’ alunno in particolare,False,,0,non_specificato,non_specificato,,0.0,"La risposta descrive solo l'azione di descrizione della situazione dell'alunno, senza menzionare strategie didattiche specifiche per l'individualizzazione (come diversificazione di percorsi, scaffolding, feedback, ecc.) né il ruolo dell'..."
insegnanti_futuri_anzi18.md,anzi18,Insegnanti pre-service,insegnanti_pre_service,3,"In che modo utilizzi l’intelligenza artificiale per individualizzare l’insegnamento? (Nota: l’individualizzazione si riferisce alle strategie didattiche che mirano ad assicurare a tutti gli studenti il raggiungimento delle competenze fondamentali del curricolo, attraverso una diversificazione dei percorsi di insegnamento.)",Al momento in nessun mdodo,False,,0,non_specificato,non_specificato,Al momento in nessun mdodo,1.0,Il partecipante dichiara esplicitamente di non utilizzare l'IA per individualizzare l'insegnamento.
insegnanti_futuri_aria13.md,Aria13,Insegnanti pre-service,insegnanti_pre_service,2,"In che modo utilizzi l’intelligenza artificiale per individualizzare l’insegnamento? (Nota: l’individualizzazione si riferisce alle strategie didattiche che mirano ad assicurare a tutti gli studenti il raggiungimento delle competenze fondamentali del curricolo, attraverso una diversificazione dei percorsi di insegnamento.)",Tramite c.ai intervistamo degli autori per poi produrre power point,False,,0,non_specificato,non_specificato,Tramite c.ai intervistamo degli autori per poi produrre power point,0.0,"La risposta descrive un uso dell'IA per la produzione di materiali (intervista e slide), ma non menziona strategie didattiche di individualizzazione (come diversificazione di percorsi, scaffolding, recupero, ecc.) né il raggiungimento di..."
insegnanti_futuri_bello20.md,Bello20,Insegnanti pre-service,insegnanti_pre_service,3,"In che modo utilizzi l’intelligenza artificiale per individualizzare l’insegnamento? (Nota: l’individualizzazione si riferisce alle strategie didattiche che mirano ad assicurare a tutti gli studenti il raggiungimento delle competenze fondamentali del curricolo, attraverso una diversificazione dei percorsi di insegnamento.)",Ancora non insegno,False,,0,non_specificato,non_specificato,Ancora non insegno,1.0,"Il partecipante dichiara di non insegnare ancora, quindi non è possibile descrivere pratiche di individualizzazione."
insegnanti_futuri_ente12.md,Ente12,Insegnanti pre-service,insegnanti_pre_service,3,"In che modo utilizzi l’intelligenza artificiale per individualizzare l’insegnamento? (Nota: l’individualizzazione si riferisce alle strategie didattiche che mirano ad assicurare a tutti gli studenti il raggiungimento delle competenze fondamentali del curricolo, attraverso una diversificazione dei percorsi di insegnamento.)",non insegno,False,,0,non_specificato,non_specificato,non insegno,1.0,"Il partecipante dichiara esplicitamente di non insegnare, quindi non utilizza l'IA per individualizzare."
insegnanti_futuri_eone18.md,eone18,Insegnanti pre-service,insegnanti_pre_service,3,"In che modo utilizzi l’intelligenza artificiale per individualizzare l’insegnamento? (Nota: l’individualizzazione si riferisce alle strategie didattiche che mirano ad assicurare a tutti gli studenti il raggiungimento delle competenze fondamentali del curricolo, attraverso una diversificazione dei percorsi di insegnamento.)",Non ancora insegno,False,,0,non_specificato,non_specificato,Non ancora insegno,1.0,"Il partecipante dichiara di non insegnare ancora, quindi non è possibile identificare alcuna pratica di individualizzazione."
insegnanti_futuri_erlo23.md,Erlo23,Insegnanti pre-service,insegnanti_pre_service,3,"In che modo utilizzi l’intelligenza artificiale per individualizzare l’insegnamento? (Nota: l’individualizzazione si riferisce alle strategie didattiche che mirano ad assicurare a tutti gli studenti il raggiungimento delle competenze fondamentali del curricolo, attraverso una diversificazione dei percorsi di insegnamento.)",Non la uso,False,,0,non_specificato,non_specificato,Non la uso,1.0,Il partecipante dichiara esplicitamente di non utilizzare l'IA per l'individualizzazione.
insegnanti_futuri_erti16.md,erti16,Insegnanti pre-service,insegnanti_pre_service,2,"In che modo utilizzi l’intelligenza artificiale per individualizzare l’insegnamento? (Nota: l’individualizzazione si riferisce alle strategie didattiche che mirano ad assicurare a tutti gli studenti il raggiungimento delle competenze fondamentali del curricolo, attraverso una diversificazione dei percorsi di insegnamento.)",Non ho mai insegnato.,False,,0,non_specificato,non_specificato,Non ho mai insegnato,1.0,"Il partecipante dichiara di non aver mai insegnato, quindi non è possibile descrivere alcuna pratica di individualizzazione."
insegnanti_futuri_garo04.md,Garo04,Insegnanti pre-service,insegnanti_pre_service,3,"In che modo utilizzi l’intelligenza artificiale per individualizzare l’insegnamento? (Nota: l’individualizzazione si riferisce alle strategie didattiche che mirano ad assicurare a tutti gli studenti il raggiungimento delle competenze fondamentali del curricolo, attraverso una diversificazione dei percorsi di insegnamento.)",Non insegno ancora,False,,0,non_specificato,non_specificato,Non insegno ancora,1.0,"Il partecipante dichiara di non essere ancora in fase di insegnamento, quindi non può utilizzare l'IA per individualizzare."
insegnanti_futuri_ilio18.md,Ilio18,Insegnanti pre-service,insegnanti_pre_service,3,"In che modo utilizzi l’intelligenza artificiale per individualizzare l’insegnamento? (Nota: l’individualizzazione si riferisce alle strategie didattiche che mirano ad assicurare a tutti gli studenti il raggiungimento delle competenze fondamentali del curricolo, attraverso una diversificazione dei percorsi di insegnamento.)",Utilizzando parole chiave,False,,0,non_specificato,non_specificato,Utilizzando parole chiave,0.0,"La risposta non descrive una pratica didattica specifica per l'individualizzazione, ma solo un metodo di input generico."
insegnanti_futuri_ino18.md,Ino18,Insegnanti pre-service,insegnanti_pre_service,2,"In che modo utilizzi l’intelligenza artificiale per individualizzare l’insegnamento? (Nota: l’individualizzazione si riferisce alle strategie didattiche che mirano ad assicurare a tutti gli studenti il raggiungimento delle competenze fondamentali del curricolo, attraverso una diversificazione dei percorsi di insegnamento.)",Per darmi spunti di riflessione,False,,0,non_specificato,non_specificato,Per darmi spunti di riflessione,0.0,"La risposta non descrive una pratica didattica specifica per l'individualizzazione, ma solo un obiettivo generico."
insegnanti_futuri_ioli28.md,Ioli28,Insegnanti pre-service,insegnanti_pre_service,2,"In che modo utilizzi l’intelligenza artificiale per individualizzare l’insegnamento? (Nota: l’individualizzazione si riferisce alle strategie didattiche che mirano ad assicurare a tutti gli studenti il raggiungimento delle competenze fondamentali del curricolo, attraverso una diversificazione dei percorsi di insegnamento.)",Creare spiegazioni personalizzate,True,livelli_difficolta|scaffolding_guidato,2,singolo_studente,generazione_materiali,Creare spiegazioni personalizzate,0.95,La creazione di spiegazioni personalizzate implica l'adattamento dei contenuti e dei livelli di difficoltà in base alle esigenze individuali dello studente.
insegnanti_futuri_manci11.md,Manci11,Insegnanti pre-service,insegnanti_pre_service,3,"In che modo utilizzi l’intelligenza artificiale per individualizzare l’insegnamento? (Nota: l’individualizzazione si riferisce alle strategie didattiche che mirano ad assicurare a tutti gli studenti il raggiungimento delle competenze fondamentali del curricolo, attraverso una diversificazione dei percorsi di insegnamento.)",Rendere il lavoro proposto agli studenti più accattivanti,False,,0,non_specificato,non_specificato,Rendere il lavoro proposto agli studenti più accattivanti,0.0,"La risposta descrive una strategia di motivazione (rendere accattivante) ma non menziona l'uso dell'IA né strategie di individualizzazione delle competenze fondamentali (livelli, scaffolding, ecc.)."
insegnanti_futuri_namo20-10-49.md,Namo20/10/49,Insegnanti pre-service,insegnanti_pre_service,3,"In che modo utilizzi l’intelligenza artificiale per individualizzare l’insegnamento? (Nota: l’individualizzazione si riferisce alle strategie didattiche che mirano ad assicurare a tutti gli studenti il raggiungimento delle competenze fondamentali del curricolo, attraverso una diversificazione dei percorsi di insegnamento.)",Nn utilizzo,False,,0,non_specificato,non_specificato,Nn utilizzo,1.0,L'insegnante dichiara esplicitamente di non utilizzare l'IA per individualizzare l'insegnamento.
insegnanti_futuri_nati19.md,nati19,Insegnanti pre-service,insegnanti_pre_service,3,"In che modo utilizzi l’intelligenza artificiale per individualizzare l’insegnamento? (Nota: l’individualizzazione si riferisce alle strategie didattiche che mirano ad assicurare a tutti gli studenti il raggiungimento delle competenze fondamentali del curricolo, attraverso una diversificazione dei percorsi di insegnamento.)",Creando riassunti di alcuni argomenti ed esercitazioni,True,semplificazione|esercizi_differenziati,2,sottogruppo,generazione_materiali,Creando riassunti di alcuni argomenti ed esercitazioni,0.95,La creazione di riassunti e esercitazioni implica la semplificazione dei contenuti e la differenziazione degli esercizi per supportare il raggiungimento delle competenze.
insegnanti_futuri_orgi03.md,Orgi03,Insegnanti pre-service,insegnanti_pre_service,2,"In che modo utilizzi l’intelligenza artificiale per individualizzare l’insegnamento? (Nota: l’individualizzazione si riferisce alle strategie didattiche che mirano ad assicurare a tutti gli studenti il raggiungimento delle competenze fondamentali del curricolo, attraverso una diversificazione dei percorsi di insegnamento.)",Feedback,True,feedback_mirato,1,singolo_studente,feedback,Feedback,0.95,La risposta esplicita l'uso dell'IA per fornire feedback.
insegnanti_futuri_ossi27.md,Ossi27,Insegnanti pre-service,insegnanti_pre_service,3,"In che modo utilizzi l’intelligenza artificiale per individualizzare l’insegnamento? (Nota: l’individualizzazione si riferisce alle strategie didattiche che mirano ad assicurare a tutti gli studenti il raggiungimento delle competenze fondamentali del curricolo, attraverso una diversificazione dei percorsi di insegnamento.)",L'uso indirettamente con gli studenti,False,,0,non_specificato,non_specificato,,0.0,"La risposta non descrive una pratica didattica specifica per l'individualizzazione, ma solo un uso indiretto."
insegnanti_futuri_prella42.md,Prella42,Insegnanti pre-service,insegnanti_pre_service,3,"In che modo utilizzi l’intelligenza artificiale per individualizzare l’insegnamento? (Nota: l’individualizzazione si riferisce alle strategie didattiche che mirano ad assicurare a tutti gli studenti il raggiungimento delle competenze fondamentali del curricolo, attraverso una diversificazione dei percorsi di insegnamento.)",Non insegno,False,,0,non_specificato,non_specificato,Non insegno,1.0,"Il partecipante dichiara esplicitamente di non svolgere attività di insegnamento, rendendo impossibile l'uso dell'IA per individualizzare."
insegnanti_futuri_rigo23.md,Rigo23,Insegnanti pre-service,insegnanti_pre_service,2,"In che modo utilizzi l’intelligenza artificiale per individualizzare l’insegnamento? (Nota: l’individualizzazione si riferisce alle strategie didattiche che mirano ad assicurare a tutti gli studenti il raggiungimento delle competenze fondamentali del curricolo, attraverso una diversificazione dei percorsi di insegnamento.)",Quiz,False,,0,non_specificato,non_specificato,,0.0,"La risposta non descrive alcuna pratica di individualizzazione, limitandosi a menzionare 'Quiz'."
insegnanti_futuri_rino01.md,Rino01,Insegnanti pre-service,insegnanti_pre_service,3,"In che modo utilizzi l’intelligenza artificiale per individualizzare l’insegnamento? (Nota: l’individualizzazione si riferisce alle strategie didattiche che mirano ad assicurare a tutti gli studenti il raggiungimento delle competenze fondamentali del curricolo, attraverso una diversificazione dei percorsi di insegnamento.)",.,False,,0,non_specificato,non_specificato,,0.0,La risposta è vuota e non descrive alcuna pratica.
insegnanti_futuri_sani26.md,sani26,Insegnanti pre-service,insegnanti_pre_service,3,"In che modo utilizzi l’intelligenza artificiale per individualizzare l’insegnamento? (Nota: l’individualizzazione si riferisce alle strategie didattiche che mirano ad assicurare a tutti gli studenti il raggiungimento delle competenze fondamentali del curricolo, attraverso una diversificazione dei percorsi di insegnamento.)",Non insegno,False,,0,non_specificato,non_specificato,Non insegno,1.0,"Il partecipante dichiara esplicitamente di non insegnare, rendendo impossibile l'uso dell'IA per individualizzare l'insegnamento."
insegnanti_futuri_sser26.md,sser26,Insegnanti pre-service,insegnanti_pre_service,2,"In che modo utilizzi l’intelligenza artificiale per individualizzare l’insegnamento? (Nota: l’individualizzazione si riferisce alle strategie didattiche che mirano ad assicurare a tutti gli studenti il raggiungimento delle competenze fondamentali del curricolo, attraverso una diversificazione dei percorsi di insegnamento.)","Per declinare modelli standard in relazione a specifici contesti. Fornito un modello, l'ia può proporre e fornire spunti interessanti, che poi possono essere implementati.",True,scaffolding_guidato,1,sottogruppo,suggerimento_strategie,"l'ia può proporre e fornire spunti interessanti, che poi possono essere implementati",0.85,"L'IA viene utilizzata per declinare modelli standard in contesti specifici, fornendo spunti per differenziare l'insegnamento."
insegnanti_futuri_urdi30.md,urdi30,Insegnanti pre-service,insegnanti_pre_service,2,"In che modo utilizzi l’intelligenza artificiale per individualizzare l’insegnamento? (Nota: l’individualizzazione si riferisce alle strategie didattiche che mirano ad assicurare a tutti gli studenti il raggiungimento delle competenze fondamentali del curricolo, attraverso una diversificazione dei percorsi di insegnamento.)",Come supporto,False,,0,non_specificato,non_specificato,Come supporto,0.0,"La risposta non descrive una pratica specifica di individualizzazione, ma solo un ruolo generico."
insegnanti_futuri_usso06.md,usso06,Insegnanti pre-service,insegnanti_pre_service,2,"In che modo utilizzi l’intelligenza artificiale per individualizzare l’insegnamento? (Nota: l’individualizzazione si riferisce alle strategie didattiche che mirano ad assicurare a tutti gli studenti il raggiungimento delle competenze fondamentali del curricolo, attraverso una diversificazione dei percorsi di insegnamento.)",chiedo le opinioni,False,,0,non_specificato,non_specificato,chiedo le opinioni,0.0,"La risposta non descrive una pratica di individualizzazione didattica, ma solo un'azione generica di raccolta opinioni."
