source_name,record_code,group,cohort,item_index,question,answer,stance,pro_count,con_count,pro_categories,con_categories,pros_json,cons_json,confidence,reason
studenti_2z1uz.md,2Z1UZ,Studenti,studenti,6,"In base alla tua esperiezia, quali sono i pro e i contro dell'uso dell'intelligenza artificiale nello studio?","i pro sono l'efficacia e la velocità di risposte, dati e miglioramenti rispetto a come espongo ceri concetti per esempio. i contro sono la poca conoscenza sull'utilizzo dei dati che fornisco, soprattutto quelli personali",misto,2,1,efficienza_tempo|supporto_comprensione,privacy_etica,"[{""category"": ""efficienza_tempo"", ""evidence"": ""efficacia e la velocità di risposte"", ""reason"": ""Il partecipante cita la velocità e l'efficacia come vantaggi.""}, {""category"": ""supporto_comprensione"", ""evidence"": ""miglioramenti rispetto a come espongo ceri concetti"", ""reason"": ""Il partecipante indica che l'IA aiuta a esporre e comprendere meglio i concetti.""}]","[{""category"": ""privacy_etica"", ""evidence"": ""poca conoscenza sull'utilizzo dei dati che fornisco, soprattutto quelli personali"", ""reason"": ""Il partecipante esprime preoccupazione riguardo alla gestione dei dati personali forniti.""}]",0.95,La risposta elenca esplicitamente sia dei pro che dei contro.
studenti_aber28.md,aber28,Studenti,studenti,7,"In base alla tua esperiezia, quali sono i pro e i contro dell'uso dell'intelligenza artificiale nello studio?",ti velocizza ma non ti fa ragionare con il tuo cervello,misto,1,1,efficienza_tempo,delega_cognitiva,"[{""category"": ""efficienza_tempo"", ""evidence"": ""ti velocizza"", ""reason"": ""Il partecipante evidenzia il vantaggio della velocità.""}]","[{""category"": ""delega_cognitiva"", ""evidence"": ""non ti fa ragionare con il tuo cervello"", ""reason"": ""Il partecipante segnala il rischio di non attivare il pensiero autonomo.""}]",0.9,La risposta elenca esplicitamente un vantaggio (velocità) e uno svantaggio (mancanza di ragionamento).
studenti_aciu28.md,ACIU28,Studenti,studenti,7,"In base alla tua esperiezia, quali sono i pro e i contro dell'uso dell'intelligenza artificiale nello studio?",studio più veloce,solo_pro,1,0,efficienza_tempo,,"[{""category"": ""efficienza_tempo"", ""evidence"": ""studio più veloce"", ""reason"": ""Il partecipante indica che l'IA accelera il processo di studio.""}]",[],0.9,La risposta menziona esclusivamente un beneficio (velocità).
studenti_aggi06.md,AGGI06,Studenti,studenti,7,"In base alla tua esperiezia, quali sono i pro e i contro dell'uso dell'intelligenza artificiale nello studio?",ottimizza i tempi ma se utilizzate troppo potrebbero limitare l’apprendimento,misto,1,1,efficienza_tempo,dipendenza,"[{""category"": ""efficienza_tempo"", ""evidence"": ""ottimizza i tempi"", ""reason"": ""Il partecipante indica che l'IA permette di risparmiare tempo nello studio.""}]","[{""category"": ""dipendenza"", ""evidence"": ""se utilizzate troppo"", ""reason"": ""Il partecipante avverte il rischio di un uso eccessivo che porta a limitare l'apprendimento.""}]",0.9,La risposta elenca esplicitamente un vantaggio (ottimizzazione tempi) e un rischio (uso eccessivo che limita l'apprendimento).
studenti_aggi23.md,aggi23,Studenti,studenti,8,"In base alla tua esperiezia, quali sono i pro e i contro dell'uso dell'intelligenza artificiale nello studio?","secondo il mio punto di vista l’intelligenza artificiale utilizzata in un modo corretto può solo che aiutare noi ragazzi ,per esempio, nello studio.ma non condivido se viene utilizzata in una maniera scorretta ma anche poco utile per noi stessi come per copiare durante le verifiche o per riassumere intere pagine e quindi andando a sostituirci e a lavorare al nostro posto.",misto,1,2,supporto_comprensione,plagio_autorialita|delega_cognitiva,"[{""category"": ""supporto_comprensione"", ""evidence"": ""può solo che aiutare noi ragazzi"", ""reason"": ""Il partecipante indica che l'IA può aiutare nello studio.""}]","[{""category"": ""plagio_autorialita"", ""evidence"": ""copiare durante le verifiche"", ""reason"": ""Il partecipante evidenzia il rischio di plagio e sostituzione del lavoro dello studente.""}, {""category"": ""delega_cognitiva"", ""evidence"": ""riassumere intere pagine e quindi andando a sostituirci e a lavorare al nostro posto"", ""reason"": ""Il partecipante segnala il rischio di delegare completamente il lavoro di sintesi e studio all'IA.""}]",0.9,La risposta elenca esplicitamente un beneficio (aiuto nello studio) e due rischi (copiare e sostituire il lavoro dello studente).
studenti_agie16.md,Agie16,Studenti,studenti,7,"In base alla tua esperiezia, quali sono i pro e i contro dell'uso dell'intelligenza artificiale nello studio?","I pro che ti possono facilitare nel tempo dello studio, il contro è che questa facilitazione può portare ad un apprendimento minore",misto,1,1,efficienza_tempo,delega_cognitiva,"[{""category"": ""efficienza_tempo"", ""evidence"": ""facilitare nel tempo dello studio"", ""reason"": ""Il partecipante indica che l'IA facilita lo studio nel tempo.""}]","[{""category"": ""delega_cognitiva"", ""evidence"": ""portare ad un apprendimento minore"", ""reason"": ""Il partecipante segnala che la facilitazione dell'IA può ridurre l'apprendimento.""}]",0.9,La risposta elenca esplicitamente un vantaggio (facilitazione temporale) e uno svantaggio (riduzione dell'apprendimento).
studenti_aldi03.md,aldi03,Studenti,studenti,7,"In base alla tua esperiezia, quali sono i pro e i contro dell'uso dell'intelligenza artificiale nello studio?",i pro:è più facile studiare contro:non ci sono,misto,1,0,efficienza_tempo,,"[{""category"": ""efficienza_tempo"", ""evidence"": ""è più facile studiare"", ""reason"": ""Il partecipante indica che l'IA rende lo studio più facile, implicando un vantaggio di facilità o efficienza.""}]",[],0.9,La risposta elenca esplicitamente un pro ('è più facile studiare') e nega la presenza di contro ('non ci sono').
studenti_alessandra-aprile-28.md,Alessandra aprile 28,Studenti,studenti,3,"In base alla tua esperiezia, quali sono i pro e i contro dell'uso dell'intelligenza artificiale nello studio?",io non uso mai inteligenza  artificiale,nessuno,0,0,,,[],[],0.0,Nessuna classificazione valida restituita dal modello.
studenti_alma15.md,Alma15,Studenti,studenti,3,"In base alla tua esperiezia, quali sono i pro e i contro dell'uso dell'intelligenza artificiale nello studio?",Secondo me ci sono solo contro proprio per la pocca chiarezza e la semplicità,nessuno,0,0,,,[],[],0.0,Nessuna classificazione valida restituita dal modello.
studenti_alma18.md,Alma18,Studenti,studenti,7,"In base alla tua esperiezia, quali sono i pro e i contro dell'uso dell'intelligenza artificiale nello studio?","Pro= semplificare lo studio, Contro= può essere utilizzata in maniera sbagliata",misto,1,1,efficienza_tempo,delega_cognitiva,"[{""category"": ""efficienza_tempo"", ""evidence"": ""semplificare lo studio"", ""reason"": ""Il partecipante indica che l'IA facilita e velocizza il processo di studio.""}]","[{""category"": ""delega_cognitiva"", ""evidence"": ""può essere utilizzata in maniera sbagliata"", ""reason"": ""Il partecipante evidenzia il rischio di un uso improprio che potrebbe portare a una cattiva applicazione o dipendenza.""}]",0.9,La risposta elenca esplicitamente un vantaggio ('semplificare') e uno svantaggio ('utilizzata in maniera sbagliata').
studenti_ande26.md,ande26,Studenti,studenti,7,"In base alla tua esperiezia, quali sono i pro e i contro dell'uso dell'intelligenza artificiale nello studio?","I pro sono che aiutano in molti modi, ma di contro vengono usati anche per le cose banali e potrebbe limitare lo sviluppo di alcune capacità",misto,1,2,supporto_comprensione,delega_cognitiva|dipendenza,"[{""category"": ""supporto_comprensione"", ""evidence"": ""aiutano in molti modi"", ""reason"": ""Il partecipante indica che l'IA offre supporto in vari ambiti dello studio.""}]","[{""category"": ""delega_cognitiva"", ""evidence"": ""potrebbe limitare lo sviluppo di alcune capacità"", ""reason"": ""Il partecipante segnala il rischio di un'impoverimento delle capacità cognitive.""}, {""category"": ""dipendenza"", ""evidence"": ""vengono usati anche per le cose banali"", ""reason"": ""Il partecipante evidenzia un uso eccessivo o improprio dell'IA per compiti semplici.""}]",0.9,"La risposta elenca esplicitamente sia vantaggi ('aiutano') sia svantaggi ('limitare lo sviluppo', 'cose banali')."
studenti_anio03.md,anio03,Studenti,studenti,7,"In base alla tua esperiezia, quali sono i pro e i contro dell'uso dell'intelligenza artificiale nello studio?",pro: aiutano nello studio contro: sosti sono troppo l uomo,misto,1,1,supporto_comprensione,dipendenza,"[{""category"": ""supporto_comprensione"", ""evidence"": ""aiutano nello studio"", ""reason"": ""Il partecipante indica che l'IA fornisce supporto durante lo studio.""}]","[{""category"": ""dipendenza"", ""evidence"": ""sosti sono troppo l uomo"", ""reason"": ""Il partecipante esprime il rischio che l'IA sostituisca eccessivamente l'uomo.""}]",0.9,La risposta elenca esplicitamente un pro e un contro.
studenti_anna11.md,anna11,Studenti,studenti,8,"In base alla tua esperiezia, quali sono i pro e i contro dell'uso dell'intelligenza artificiale nello studio?","Il pro principale è l’ottimizzazione del tempo, il lato negativo è la perdita di capacità",misto,1,1,efficienza_tempo,delega_cognitiva,"[{""category"": ""efficienza_tempo"", ""evidence"": ""ottimizzazione del tempo"", ""reason"": ""Il partecipante cita l'ottimizzazione del tempo come vantaggio principale.""}]","[{""category"": ""delega_cognitiva"", ""evidence"": ""perdita di capacità"", ""reason"": ""Il partecipante segnala che l'uso dell'IA porta alla perdita di capacità cognitive.""}]",0.9,La risposta elenca esplicitamente un pro (ottimizzazione del tempo) e un contro (perdita di capacità).
studenti_anni26.md,Anni26,Studenti,studenti,8,"In base alla tua esperiezia, quali sono i pro e i contro dell'uso dell'intelligenza artificiale nello studio?",I pro che mi aiuta nei compiti e i contro che non mi applico come dovrei,misto,1,1,supporto_comprensione,delega_cognitiva,"[{""category"": ""supporto_comprensione"", ""evidence"": ""mi aiuta nei compiti"", ""reason"": ""Il partecipante indica che l'IA assiste nella risoluzione dei compiti.""}]","[{""category"": ""delega_cognitiva"", ""evidence"": ""non mi applico come dovrei"", ""reason"": ""Il partecipante segnala una riduzione dell'impegno personale dovuta all'uso dell'IA.""}]",0.9,La risposta elenca esplicitamente un vantaggio ('aiuta nei compiti') e uno svantaggio ('non mi applico come dovrei').
studenti_anti03.md,anti03,Studenti,studenti,7,"In base alla tua esperiezia, quali sono i pro e i contro dell'uso dell'intelligenza artificiale nello studio?","pro, se usato in modo intelligente può risultare utile per l'apprendimento, contro invece sfruttarlo in modo da ridurre al minimo l'impegno o lo sforzo nell'esecuzione di compiti",misto,1,1,supporto_comprensione,delega_cognitiva,"[{""category"": ""supporto_comprensione"", ""evidence"": ""utile per l'apprendimento"", ""reason"": ""Il partecipante indica che l'IA può facilitare l'apprendimento se usata correttamente.""}]","[{""category"": ""delega_cognitiva"", ""evidence"": ""ridurre al minimo l'impegno o lo sforzo nell'esecuzione di compiti"", ""reason"": ""Il partecipante evidenzia il rischio di usare l'IA per evitare lo sforzo cognitivo necessario.""}]",0.9,La risposta elenca esplicitamente un vantaggio ('utile per l'apprendimento') e uno svantaggio ('ridurre al minimo l'impegno').
studenti_anti09.md,anti09,Studenti,studenti,2,"In base alla tua esperiezia, quali sono i pro e i contro dell'uso dell'intelligenza artificiale nello studio?",un pro è sicuramente la capacità di fornire risposte immediate alle domande che si pongono senza far perdere tempo; un contro può essere considerare l'intelligenza artificiale come unica fonte,misto,1,1,efficienza_tempo,dipendenza,"[{""category"": ""efficienza_tempo"", ""evidence"": ""capacità di fornire risposte immediate alle domande che si pongono senza far perdere tempo"", ""reason"": ""Il partecipante evidenzia il risparmio di tempo grazie alla velocità di risposta dell'IA.""}]","[{""category"": ""dipendenza"", ""evidence"": ""considerare l'intelligenza artificiale come unica fonte"", ""reason"": ""Il partecipante segnala il rischio di affidarsi esclusivamente all'IA, limitando altre fonti.""}]",0.9,La risposta elenca esplicitamente un vantaggio (risparmio tempo) e uno svantaggio (uso come unica fonte).
studenti_anzo27.md,Anzo27,Studenti,studenti,8,"In base alla tua esperiezia, quali sono i pro e i contro dell'uso dell'intelligenza artificiale nello studio?",Il pro è avere un sistema che possa rispondere anche ai dubbi più semplici. Il contro è ovviamente l’utilizzo improprio dello strumento per fare le cose al posto nostro come la produzione di un testo o un lavoro,nessuno,0,0,,,[],[],0.0,Nessuna classificazione valida restituita dal modello.
studenti_arcia13.md,Arcia13,Studenti,studenti,8,"In base alla tua esperiezia, quali sono i pro e i contro dell'uso dell'intelligenza artificiale nello studio?","I pro sono un aiuto per quanto riguarda la comprensione e la riduzione di tempo nel comprendere i concetti, i contro sono un iperutilizzo che elimina il proprio apprendimento",misto,2,1,supporto_comprensione|efficienza_tempo,delega_cognitiva,"[{""category"": ""supporto_comprensione"", ""evidence"": ""aiuto per quanto riguarda la comprensione"", ""reason"": ""Il partecipante cita l'aiuto alla comprensione come vantaggio.""}, {""category"": ""efficienza_tempo"", ""evidence"": ""riduzione di tempo nel comprendere i concetti"", ""reason"": ""Il partecipante indica la riduzione del tempo necessario per apprendere come beneficio.""}]","[{""category"": ""delega_cognitiva"", ""evidence"": ""iperutilizzo che elimina il proprio apprendimento"", ""reason"": ""Il partecipante segnala che un uso eccessivo impedisce l'apprendimento autonomo.""}]",0.9,La risposta elenca esplicitamente sia pro che contro.
studenti_ardi01.md,ARDI01,Studenti,studenti,6,"In base alla tua esperiezia, quali sono i pro e i contro dell'uso dell'intelligenza artificiale nello studio?","Pro: se usato in modo corretto può aiutare a comprendere meglio o a imparare nuove cose. Contro: un abuso può limitare le proprie conoscenze e competenze, affidandosi troppo ai sistemi di ia.",misto,2,2,supporto_comprensione|supporto_comprensione,delega_cognitiva|delega_cognitiva,"[{""category"": ""supporto_comprensione"", ""evidence"": ""aiutare a comprendere meglio"", ""reason"": ""Il partecipante indica che l'IA facilita la comprensione di concetti.""}, {""category"": ""supporto_comprensione"", ""evidence"": ""a imparare nuove cose"", ""reason"": ""Il partecipante evidenzia il supporto nell'apprendimento di nuovi contenuti.""}]","[{""category"": ""delega_cognitiva"", ""evidence"": ""affidandosi troppo ai sistemi di ia"", ""reason"": ""Il partecipante segnala il rischio di dipendenza eccessiva dall'IA.""}, {""category"": ""delega_cognitiva"", ""evidence"": ""limitare le proprie conoscenze e competenze"", ""reason"": ""Il partecipante indica che l'abuso dell'IA porta a una riduzione delle competenze personali.""}]",0.95,La risposta elenca esplicitamente un beneficio legato alla comprensione e un rischio legato alla delega cognitiva.
studenti_ardi03.md,ardi03,Studenti,studenti,7,"In base alla tua esperiezia, quali sono i pro e i contro dell'uso dell'intelligenza artificiale nello studio?","i pro sono l'avere a disposizione uno strumento che risolve/spiega ogni dubbio in modo chiaro e veloce, un contro potrebbe essere il non riuscire più a sapersi documentare su libri di testo o comunque fare affidamento alla letteratura messa a disposizione da biblioteca.",misto,1,1,supporto_comprensione,dipendenza,"[{""category"": ""supporto_comprensione"", ""evidence"": ""risolve/spiega ogni dubbio in modo chiaro e veloce"", ""reason"": ""Il partecipante evidenzia la capacità dell'IA di chiarire concetti e risolvere dubbi rapidamente.""}]","[{""category"": ""dipendenza"", ""evidence"": ""non riuscire più a sapersi documentare su libri di testo"", ""reason"": ""Il partecipante teme che l'uso dell'IA porti all'abbandono delle fonti tradizionali e alla perdita di autonomia nella ricerca.""}]",0.95,La risposta elenca esplicitamente un vantaggio (velocità/chiarimento) e uno svantaggio (perdita di capacità di documentazione autonoma).
studenti_ardi09.md,ARDI09,Studenti,studenti,7,"In base alla tua esperiezia, quali sono i pro e i contro dell'uso dell'intelligenza artificiale nello studio?","Pro in quanto facilita il mio lavoro, contro in quanto credo che facendo le mappe al mio posto imparo meno approfonditamente",misto,1,1,efficienza_tempo,delega_cognitiva,"[{""category"": ""efficienza_tempo"", ""evidence"": ""facilita il mio lavoro"", ""reason"": ""Il partecipante indica che l'IA rende più agevole o veloce l'esecuzione del compito.""}]","[{""category"": ""delega_cognitiva"", ""evidence"": ""facendo le mappe al mio posto imparo meno approfonditamente"", ""reason"": ""Il partecipante segnala che la generazione automatica dei materiali sostituisce l'elaborazione personale, riducendo l'apprendimento.""}]",0.95,La risposta esplicita chiaramente un vantaggio operativo e uno svantaggio legato alla profondità dell'apprendimento.
studenti_ardo03.md,ardo03,Studenti,studenti,2,"In base alla tua esperiezia, quali sono i pro e i contro dell'uso dell'intelligenza artificiale nello studio?","pro: ti aiuta a comprendere meglio un argomento, un testo o degli esercizi. contro: cambierà il nostro futuro.",misto,1,1,supporto_comprensione,altro,"[{""category"": ""supporto_comprensione"", ""evidence"": ""ti aiuta a comprendere meglio un argomento, un testo o degli esercizi"", ""reason"": ""Il partecipante cita il miglioramento della comprensione come vantaggio.""}]","[{""category"": ""altro"", ""evidence"": ""cambierà il nostro futuro"", ""reason"": ""Il partecipante esprime un timore generico sul futuro come svantaggio.""}]",0.6,La risposta elenca un beneficio specifico e un rischio generico.
studenti_ardo30.md,ARDO30,Studenti,studenti,7,"In base alla tua esperiezia, quali sono i pro e i contro dell'uso dell'intelligenza artificiale nello studio?",Quando non è più un sostegno allo studio ma diventa l’unica fonte,solo_contro,0,1,,dipendenza,[],"[{""category"": ""dipendenza"", ""evidence"": ""diventa l'unica fonte"", ""reason"": ""Il partecipante evidenzia il rischio di sostituire completamente l'attività di studio con l'IA.""}]",0.9,La risposta descrive esclusivamente uno scenario negativo in cui l'IA sostituisce il sostegno allo studio.
studenti_arli70.md,Arli70,Studenti,studenti,8,"In base alla tua esperiezia, quali sono i pro e i contro dell'uso dell'intelligenza artificiale nello studio?",Pro e che ti aiuta contro e che nn dovrebbe,nessuno,0,0,,,[],[],0.0,La risposta non contiene un contenuto significativo o dichiarabile.
studenti_arlo14.md,ARLO14,Studenti,studenti,3,"In base alla tua esperiezia, quali sono i pro e i contro dell'uso dell'intelligenza artificiale nello studio?",L’accessibilità come pro e disinformazione come contro,nessuno,0,0,,,[],[],0.0,Nessuna classificazione valida restituita dal modello.
studenti_asia17.md,Asia17,Studenti,studenti,2,"In base alla tua esperiezia, quali sono i pro e i contro dell'uso dell'intelligenza artificiale nello studio?","Pro: aiuta a comprendere argomenti difficili e semplificarli, contro: limita il pensiero e l’immaginazione",nessuno,0,0,,,[],[],0.0,Nessuna classificazione valida restituita dal modello.
studenti_assa25.md,assa25,Studenti,studenti,7,"In base alla tua esperiezia, quali sono i pro e i contro dell'uso dell'intelligenza artificiale nello studio?",pro: efficienza  contro: è facile copiare,misto,1,1,efficienza_tempo,plagio_autorialita,"[{""category"": ""efficienza_tempo"", ""evidence"": ""efficienza"", ""reason"": ""Il partecipante cita l'efficienza come vantaggio.""}]","[{""category"": ""plagio_autorialita"", ""evidence"": ""è facile copiare"", ""reason"": ""Il partecipante evidenzia il rischio di plagio o copia.""}]",1.0,La risposta elenca esplicitamente un pro (efficienza) e un contro (copiare).
studenti_atti14.md,Atti14,Studenti,studenti,8,"In base alla tua esperiezia, quali sono i pro e i contro dell'uso dell'intelligenza artificiale nello studio?",Velocizzare lo studio/ non ottenere informazioni vere,nessuno,0,0,,,[],[],0.0,Nessuna classificazione valida restituita dal modello.
studenti_atto01.md,Atto01,Studenti,studenti,7,"In base alla tua esperiezia, quali sono i pro e i contro dell'uso dell'intelligenza artificiale nello studio?",Pro: studio più facile  Contro:alcune volte può commettere errori nel rispondere quindi fare attenzione e controllare,misto,1,1,efficienza_tempo,affidabilita_errori,"[{""category"": ""efficienza_tempo"", ""evidence"": ""studio più facile"", ""reason"": ""Il partecipante indica che l'IA rende lo studio più semplice, implicando un guadagno di facilità o velocità.""}]","[{""category"": ""affidabilita_errori"", ""evidence"": ""alcune volte può commettere errori nel rispondere"", ""reason"": ""Il partecipante segnala il rischio di risposte errate da parte dell'IA.""}]",0.9,La risposta elenca esplicitamente un vantaggio ('studio più facile') e uno svantaggio ('commettere errori').
studenti_auje28.md,auje28,Studenti,studenti,2,"In base alla tua esperiezia, quali sono i pro e i contro dell'uso dell'intelligenza artificiale nello studio?",I pro sono che può essere molto utile il contro invece che un giorno si userà solo quella,misto,1,1,supporto_comprensione,dipendenza,"[{""category"": ""supporto_comprensione"", ""evidence"": ""può essere molto utile"", ""reason"": ""Il partecipante indica che l'IA è uno strumento di utilità per lo studio.""}]","[{""category"": ""dipendenza"", ""evidence"": ""un giorno si userà solo quella"", ""reason"": ""Il partecipante teme che l'uso dell'IA possa portare a un utilizzo esclusivo, sostituendo altre risorse o metodi.""}]",0.9,La risposta elenca esplicitamente un vantaggio ('molto utile') e un rischio futuro ('userà solo quella').
studenti_auro08.md,Auro08,Studenti,studenti,7,"In base alla tua esperiezia, quali sono i pro e i contro dell'uso dell'intelligenza artificiale nello studio?",Pro: migliore apprendimento e risposte più rapide ai problemi  Contro: affidarsi troppo e non riuscire a sviluppare pensiero critico,misto,2,1,efficienza_tempo|supporto_comprensione,delega_cognitiva,"[{""category"": ""efficienza_tempo"", ""evidence"": ""risposte più rapide"", ""reason"": ""Il partecipante cita la rapidità delle risposte come vantaggio.""}, {""category"": ""supporto_comprensione"", ""evidence"": ""migliore apprendimento"", ""reason"": ""Il partecipante indica un miglioramento dell'apprendimento come beneficio.""}]","[{""category"": ""delega_cognitiva"", ""evidence"": ""affidarsi troppo e non riuscire a sviluppare pensiero critico"", ""reason"": ""Il partecipante evidenzia il rischio di dipendenza e perdita di capacità critica.""}]",0.95,La risposta elenca esplicitamente sia un pro che un contro.
studenti_ayed027.md,Ayed027,Studenti,studenti,8,"In base alla tua esperiezia, quali sono i pro e i contro dell'uso dell'intelligenza artificiale nello studio?",Contro è l’indipendenza,solo_contro,0,1,,dipendenza,[],"[{""category"": ""dipendenza"", ""evidence"": ""Contro è l’indipendenza"", ""reason"": ""Il partecipante identifica la perdita di indipendenza come un rischio.""}]",0.9,La risposta menziona esplicitamente un solo contro (l'indipendenza).
studenti_azio3.md,azio3,Studenti,studenti,2,"In base alla tua esperiezia, quali sono i pro e i contro dell'uso dell'intelligenza artificiale nello studio?",pro sono che ti può aiutare e i contro e che non riesci a fare le cose senza,misto,1,1,supporto_comprensione,dipendenza,"[{""category"": ""supporto_comprensione"", ""evidence"": ""ti può aiutare"", ""reason"": ""Il partecipante indica che l'IA offre assistenza nello studio.""}]","[{""category"": ""dipendenza"", ""evidence"": ""non riesci a fare le cose senza"", ""reason"": ""Il partecipante segnala che l'uso dell'IA crea una dipendenza tale da impedire l'autonomia.""}]",0.9,La risposta elenca esplicitamente un vantaggio ('aiutare') e uno svantaggio ('non riesci a fare le cose senza').
studenti_azza13.md,azza13,Studenti,studenti,7,"In base alla tua esperiezia, quali sono i pro e i contro dell'uso dell'intelligenza artificiale nello studio?",tutti pro,solo_pro,0,0,,,[],[],1.0,La risposta afferma esplicitamente che ci sono solo pro.
studenti_azza22.md,AZZA22,Studenti,studenti,3,"In base alla tua esperiezia, quali sono i pro e i contro dell'uso dell'intelligenza artificiale nello studio?",I pro credo siano la possibilità di farsi interrogare come fossimo effettivamente a un vero esame. Come contro mi sembra di notare in alcuni colleghi la completa incapacità di formulare un pensiero senza ausilio di Chat GPT ad esempio. In generale non vedo dei contro se non un utilizzo smodato.,misto,1,2,supporto_comprensione,delega_cognitiva|dipendenza,"[{""category"": ""supporto_comprensione"", ""evidence"": ""possibilità di farsi interrogare come fossimo effettivamente a un vero esame"", ""reason"": ""L'uso dell'IA è visto come uno strumento per simulare e migliorare la preparazione agli esami.""}]","[{""category"": ""delega_cognitiva"", ""evidence"": ""completa incapacità di formulare un pensiero senza ausilio di Chat GPT"", ""reason"": ""Si osserva una perdita di autonomia nel pensiero e nella capacità di esprimersi senza l'aiuto dell'IA.""}, {""category"": ""dipendenza"", ""evidence"": ""utilizzo smodato"", ""reason"": ""Viene segnalato il rischio di un uso eccessivo e non controllato della tecnologia.""}]",0.9,La risposta elenca esplicitamente un vantaggio (simulazione esame) e due svantaggi (incapacità di pensare autonomamente e uso smodato).
studenti_azzo23.md,AZZO23,Studenti,studenti,3,"In base alla tua esperiezia, quali sono i pro e i contro dell'uso dell'intelligenza artificiale nello studio?",può agevolare lo studio qualora ci si ritrovi davanti ad un paragrafo particolarmente difficile (come può esserlo un testo di filosofia teoretica); può essere nocivo se lo si usa come sostituto al proprio cervello e alla propria capacità di ragionare.,misto,1,1,supporto_comprensione,delega_cognitiva,"[{""category"": ""supporto_comprensione"", ""evidence"": ""può agevolare lo studio qualora ci si ritrovi davanti ad un paragrafo particolarmente difficile"", ""reason"": ""L'IA aiuta a comprendere testi complessi o difficili.""}]","[{""category"": ""delega_cognitiva"", ""evidence"": ""può essere nocivo se lo si usa come sostituto al proprio cervello e alla propria capacità di ragionare"", ""reason"": ""L'uso dell'IA come sostituto del pensiero indebolisce le capacità cognitive autonome.""}]",0.95,La risposta elenca esplicitamente un vantaggio (agevolazione studio) e uno svantaggio (nocivo sostituto cervello).
studenti_bara20.md,BARA20,Studenti,studenti,7,"In base alla tua esperiezia, quali sono i pro e i contro dell'uso dell'intelligenza artificiale nello studio?","Sicuramente l’intelligenza artificiale ti permette di agevolare lo studio, aiutandoti nella preparazione dei materiali o come supporto per la ripetizione in vista dell’esame. Tuttavia, un contro da tenere in considerazione è quello di diventare “dipendenti” da questi ausili, non riuscendo a studiare senza l’intelligenza artificiale.",misto,2,2,produzione_materiali|supporto_comprensione,dipendenza|delega_cognitiva,"[{""category"": ""produzione_materiali"", ""evidence"": ""agevolare lo studio, aiutandoti nella preparazione dei materiali"", ""reason"": ""Il partecipante cita l'aiuto nella preparazione dei materiali come vantaggio.""}, {""category"": ""supporto_comprensione"", ""evidence"": ""supporto per la ripetizione in vista dell'esame"", ""reason"": ""Il partecipante indica il supporto per la ripetizione come beneficio.""}]","[{""category"": ""dipendenza"", ""evidence"": ""diventare 'dipendenti' da questi ausili"", ""reason"": ""Il partecipante segnala il rischio di dipendenza dagli strumenti.""}, {""category"": ""delega_cognitiva"", ""evidence"": ""non riuscendo a studiare senza l'intelligenza artificiale"", ""reason"": ""Il partecipante evidenzia la perdita di autonomia nello studio.""}]",0.95,La risposta elenca esplicitamente sia i pro che i contro dell'uso dell'IA.
studenti_bara29.md,Bara29,Studenti,studenti,3,"In base alla tua esperiezia, quali sono i pro e i contro dell'uso dell'intelligenza artificiale nello studio?",Veloce e di effetto non apposita per certi argomenti,misto,1,1,efficienza_tempo,affidabilita_errori,"[{""category"": ""efficienza_tempo"", ""evidence"": ""Veloce"", ""reason"": ""Il partecipante evidenzia la rapidità dell'IA come vantaggio.""}]","[{""category"": ""affidabilita_errori"", ""evidence"": ""di effetto non apposita per certi argomenti"", ""reason"": ""Il partecipante segnala che l'IA fornisce risposte non pertinenti o errate in specifici contesti.""}]",0.9,La risposta elenca esplicitamente un pro (velocità) e un contro (mancanza di pertinenza).
studenti_beni22.md,beni22,Studenti,studenti,8,"In base alla tua esperiezia, quali sono i pro e i contro dell'uso dell'intelligenza artificiale nello studio?",secondo me i pro: ti aiuta nello studio se utilizzata in modo adeguato e in maniera intelligente e i contro e i contro è il fatto che alcune persone utilizzato AI non in modo corretto,misto,1,1,autonomia_organizzazione,altro,"[{""category"": ""autonomia_organizzazione"", ""evidence"": ""ti aiuta nello studio se utilizzata in modo adeguato e in maniera intelligente"", ""reason"": ""Il partecipante indica che l'IA è utile quando usata con criterio e intelligenza.""}]","[{""category"": ""altro"", ""evidence"": ""alcune persone utilizzato AI non in modo corretto"", ""reason"": ""Il partecipante segnala che l'uso scorretto dell'IA da parte di alcune persone è un problema.""}]",0.9,La risposta elenca sia un vantaggio legato all'uso intelligente sia un rischio legato all'uso non corretto.
studenti_bini02.md,Bini02,Studenti,studenti,7,"In base alla tua esperiezia, quali sono i pro e i contro dell'uso dell'intelligenza artificiale nello studio?",Gli ragazzi e i genitori,nessuno,0,0,,,[],[],1.0,"La risposta non contiene alcuna informazione sostanziale, limitandosi a un riferimento generico ai soggetti coinvolti senza esprimere pro o contro."
studenti_bini16.md,BINI16,Studenti,studenti,7,"In base alla tua esperiezia, quali sono i pro e i contro dell'uso dell'intelligenza artificiale nello studio?","pro = maggiore velocità e completezza, comprensione più chiara del materiale. contro = eccessive informazioni oppure utilizzo dell’ia anche quando non è necessaria",misto,3,2,efficienza_tempo|supporto_comprensione|produzione_materiali,affidabilita_errori|delega_cognitiva,"[{""category"": ""efficienza_tempo"", ""evidence"": ""maggiore velocità"", ""reason"": ""Il partecipante cita la velocità come vantaggio.""}, {""category"": ""supporto_comprensione"", ""evidence"": ""comprensione più chiara del materiale"", ""reason"": ""Il partecipante indica una migliore comprensione del contenuto.""}, {""category"": ""produzione_materiali"", ""evidence"": ""completezza"", ""reason"": ""Il partecipante menziona la completezza come aspetto positivo.""}]","[{""category"": ""affidabilita_errori"", ""evidence"": ""eccessive informazioni"", ""reason"": ""Il partecipante segnala il rischio di sovraccarico informativo o disinformazione.""}, {""category"": ""delega_cognitiva"", ""evidence"": ""utilizzo dell'ia anche quando non è necessaria"", ""reason"": ""Il partecipante evidenzia l'uso improprio o eccessivo dell'IA.""}]",0.95,La risposta elenca esplicitamente sia pro che contro.
studenti_caro22.md,caro22,Studenti,studenti,8,"In base alla tua esperiezia, quali sono i pro e i contro dell'uso dell'intelligenza artificiale nello studio?",Un pro è il sostegno che dà nella compresione o in qualsiasi altra attività e  Un contro potrebbe essere un suo uso smisurato e una limitazione nella creatività,misto,1,2,supporto_comprensione,creativita_coinvolgimento|dipendenza,"[{""category"": ""supporto_comprensione"", ""evidence"": ""sostegno che dà nella compresione"", ""reason"": ""Il partecipante indica che l'IA aiuta a comprendere meglio i contenuti.""}]","[{""category"": ""creativita_coinvolgimento"", ""evidence"": ""limitazione nella creatività"", ""reason"": ""Il partecipante segnala che un uso eccessivo riduce la creatività.""}, {""category"": ""dipendenza"", ""evidence"": ""uso smisurato"", ""reason"": ""Il partecipante evidenzia il rischio di un utilizzo eccessivo e non controllato.""}]",0.9,La risposta elenca esplicitamente un vantaggio (sostegno alla comprensione) e due svantaggi (limitazione della creatività e uso smisurato).
studenti_chia10.md,chia10,Studenti,studenti,7,"In base alla tua esperiezia, quali sono i pro e i contro dell'uso dell'intelligenza artificiale nello studio?",pro sicuramente l’allegare file o foto contro per ora nessuno,misto,1,0,produzione_materiali,,"[{""category"": ""produzione_materiali"", ""evidence"": ""allegare file o foto"", ""reason"": ""Il partecipante cita la capacità di gestire e allegare documenti come vantaggio.""}]",[],0.9,La risposta elenca esplicitamente un pro ('allegare file o foto') e dichiara l'assenza di contro ('contro per ora nessuno').
studenti_chia10_2.md,chia10,Studenti,studenti,7,"In base alla tua esperiezia, quali sono i pro e i contro dell'uso dell'intelligenza artificiale nello studio?",pro sicuramente l’allegare file o foto contro per ora nessuno,misto,1,1,produzione_materiali,altro,"[{""category"": ""produzione_materiali"", ""evidence"": ""allegare file o foto"", ""reason"": ""Il partecipante cita la possibilità di allegare file o foto come vantaggio.""}]","[{""category"": ""altro"", ""evidence"": ""per ora nessuno"", ""reason"": ""Il partecipante dichiara l'assenza attuale di contro.""}]",0.6,La risposta elenca un pro specifico e nega la presenza di contro.
studenti_chio05.md,Chio05,Studenti,studenti,7,"In base alla tua esperiezia, quali sono i pro e i contro dell'uso dell'intelligenza artificiale nello studio?","Pro ti aiuta a fare veloce e ti dà idee , contro non ti fa sviluppare bene l'immagine",misto,2,1,efficienza_tempo|creativita_coinvolgimento,creativita_coinvolgimento,"[{""category"": ""efficienza_tempo"", ""evidence"": ""ti aiuta a fare veloce"", ""reason"": ""Il partecipante cita la velocità come vantaggio.""}, {""category"": ""creativita_coinvolgimento"", ""evidence"": ""ti dà idee"", ""reason"": ""Il partecipante cita la generazione di idee come vantaggio.""}]","[{""category"": ""creativita_coinvolgimento"", ""evidence"": ""non ti fa sviluppare bene l'immagine"", ""reason"": ""Il partecipante segnala un limite nello sviluppo creativo o visivo.""}]",0.9,La risposta elenca esplicitamente sia un pro che un contro.
studenti_cini21.md,cini21,Studenti,studenti,8,"In base alla tua esperiezia, quali sono i pro e i contro dell'uso dell'intelligenza artificiale nello studio?","Pro: permette uno studio più rapido, aiuta a preparare meglio un?interrogazione/esame contro: talvolta non è preciso al 100% e può fare numerosi errori",misto,2,1,efficienza_tempo|supporto_comprensione,affidabilita_errori,"[{""category"": ""efficienza_tempo"", ""evidence"": ""permette uno studio più rapido"", ""reason"": ""Il partecipante evidenzia il vantaggio della velocità nello studio.""}, {""category"": ""supporto_comprensione"", ""evidence"": ""aiuta a preparare meglio un'interrogazione/esame"", ""reason"": ""Il partecipante indica un beneficio nella preparazione e comprensione dei contenuti.""}]","[{""category"": ""affidabilita_errori"", ""evidence"": ""talvolta non è preciso al 100% e può fare numerosi errori"", ""reason"": ""Il partecipante segnala la mancanza di precisione e la presenza di errori.""}]",0.95,"La risposta elenca chiaramente sia un vantaggio (velocità, preparazione) sia uno svantaggio (errori, imprecisione)."
studenti_ciuc31.md,ciuc31,Studenti,studenti,7,"In base alla tua esperiezia, quali sono i pro e i contro dell'uso dell'intelligenza artificiale nello studio?",il pro è evitare quei compiti noiosi contro può diventare una dipendenza in cui gli studenti non avranno piu creatività e capacità critica,misto,1,3,efficienza_tempo,creativita_coinvolgimento|delega_cognitiva|dipendenza,"[{""category"": ""efficienza_tempo"", ""evidence"": ""evitare quei compiti noiosi"", ""reason"": ""Il partecipante indica che l'IA permette di saltare attività ripetitive, risparmiando tempo.""}]","[{""category"": ""creativita_coinvolgimento"", ""evidence"": ""non avranno piu creatività"", ""reason"": ""Il partecipante segnala il rischio di perdita della capacità creativa.""}, {""category"": ""delega_cognitiva"", ""evidence"": ""non avranno piu ... capacità critica"", ""reason"": ""Il partecipante evidenzia il pericolo di erosione delle capacità critiche.""}, {""category"": ""dipendenza"", ""evidence"": ""può diventare una dipendenza"", ""reason"": ""Il partecipante avverte il rischio di sviluppare un'abitudine eccessiva all'uso dell'IA.""}]",0.95,La risposta elenca esplicitamente un vantaggio e tre svantaggi specifici.
studenti_coll01.md,coll01,Studenti,studenti,7,"In base alla tua esperiezia, quali sono i pro e i contro dell'uso dell'intelligenza artificiale nello studio?",pro velocizza i tempi e contro potrebbe sottrarre buona parte delle capacità critiche,misto,1,1,efficienza_tempo,delega_cognitiva,"[{""category"": ""efficienza_tempo"", ""evidence"": ""velocizza i tempi"", ""reason"": ""Il partecipante evidenzia il vantaggio della rapidità nell'esecuzione dei compiti.""}]","[{""category"": ""delega_cognitiva"", ""evidence"": ""potrebbe sottrarre buona parte delle capacità critiche"", ""reason"": ""Il partecipante segnala il rischio di erosione delle capacità di pensiero autonomo.""}]",0.95,La risposta esplicita chiaramente un beneficio (velocità) e un rischio (perdita di capacità critiche).
studenti_coni.md,Coni,Studenti,studenti,2,"In base alla tua esperiezia, quali sono i pro e i contro dell'uso dell'intelligenza artificiale nello studio?",I pro sono nelle traduzioni e i contro è che non capiscono le consegne,misto,1,1,supporto_comprensione,affidabilita_errori,"[{""category"": ""supporto_comprensione"", ""evidence"": ""traduzioni"", ""reason"": ""Il partecipante cita le traduzioni come vantaggio.""}]","[{""category"": ""affidabilita_errori"", ""evidence"": ""non capiscono le consegne"", ""reason"": ""Il partecipante segnala che l'IA non comprende le istruzioni fornite.""}]",0.9,La risposta elenca esplicitamente un pro e un contro.
studenti_curi04.md,curi04,Studenti,studenti,7,"In base alla tua esperiezia, quali sono i pro e i contro dell'uso dell'intelligenza artificiale nello studio?","I pro sono la rapidità dell’apprendimento e la precisione dell’apprendimento, i contro sono che a volte sembra che sostituiscano i processi individuali di metabolizzazione ed elaborazione dei contenuti",misto,2,1,efficienza_tempo|supporto_comprensione,delega_cognitiva,"[{""category"": ""efficienza_tempo"", ""evidence"": ""rapidità dell'apprendimento"", ""reason"": ""Il partecipante cita la velocità come vantaggio.""}, {""category"": ""supporto_comprensione"", ""evidence"": ""precisione dell'apprendimento"", ""reason"": ""Il partecipante cita la precisione come vantaggio.""}]","[{""category"": ""delega_cognitiva"", ""evidence"": ""sostituiscano i processi individuali di metabolizzazione ed elaborazione dei contenuti"", ""reason"": ""Il partecipante teme che l'IA prenda il posto del pensiero individuale.""}]",0.95,La risposta elenca esplicitamente sia pro che contro.
studenti_daro04.md,Daro04,Studenti,studenti,8,"In base alla tua esperiezia, quali sono i pro e i contro dell'uso dell'intelligenza artificiale nello studio?",I pro é che ti agevola i contro sono quelli che non usiamo più la testa per studiare,misto,1,1,efficienza_tempo,delega_cognitiva,"[{""category"": ""efficienza_tempo"", ""evidence"": ""ti agevola"", ""reason"": ""Il partecipante indica che l'IA agevola lo studio.""}]","[{""category"": ""delega_cognitiva"", ""evidence"": ""non usiamo più la testa per studiare"", ""reason"": ""Il partecipante segnala che l'uso dell'IA porta a non usare più la testa.""}]",0.9,La risposta elenca esplicitamente un pro e un contro.
studenti_ddei02.md,Ddei02,Studenti,studenti,7,"In base alla tua esperiezia, quali sono i pro e i contro dell'uso dell'intelligenza artificiale nello studio?",I pro riguardano la velocità e la completezza nel reperire informazioni ed il contro potrebbe essere diminuire lo sforzo cognitivo fatto dagli studenti,misto,1,1,ricerca_informazioni,delega_cognitiva,"[{""category"": ""ricerca_informazioni"", ""evidence"": ""velocità e completezza nel reperire informazioni"", ""reason"": ""Il partecipante evidenzia il vantaggio di ottenere informazioni rapidamente e in modo esaustivo.""}]","[{""category"": ""delega_cognitiva"", ""evidence"": ""diminuire lo sforzo cognitivo fatto dagli studenti"", ""reason"": ""Il partecipante segnala il rischio di ridurre l'impegno mentale necessario per lo studio.""}]",0.9,La risposta elenca esplicitamente un pro e un contro.
studenti_ddei10.md,DDEI10,Studenti,studenti,8,"In base alla tua esperiezia, quali sono i pro e i contro dell'uso dell'intelligenza artificiale nello studio?",Pro velocità ed efficienza contro può togliere l’autonomia e lo sviluppo di capacità di gestione dello studio,misto,1,2,efficienza_tempo,autonomia_organizzazione|autonomia_organizzazione,"[{""category"": ""efficienza_tempo"", ""evidence"": ""velocità ed efficienza"", ""reason"": ""Il partecipante evidenzia il guadagno in termini di rapidità e produttività.""}]","[{""category"": ""autonomia_organizzazione"", ""evidence"": ""togliere l'autonomia"", ""reason"": ""Il partecipante segnala il rischio di perdita di indipendenza nello studio.""}, {""category"": ""autonomia_organizzazione"", ""evidence"": ""sviluppo di capacità di gestione dello studio"", ""reason"": ""Il partecipante indica che l'uso dell'IA potrebbe impedire l'acquisizione di competenze di gestione autonoma.""}]",0.9,La risposta elenca esplicitamente un vantaggio (velocità/efficienza) e due svantaggi legati all'autonomia e allo sviluppo delle capacità di gestione.
studenti_di34e.md,Di34e,Studenti,studenti,8,"In base alla tua esperiezia, quali sono i pro e i contro dell'uso dell'intelligenza artificiale nello studio?",Non lo so,nessuno,0,0,,,[],[],0.0,Nessuna classificazione valida restituita dal modello.
studenti_diego.md,Diego,Studenti,studenti,3,"In base alla tua esperiezia, quali sono i pro e i contro dell'uso dell'intelligenza artificiale nello studio?",Non lo uso,nessuno,0,0,,,[],[],0.0,Nessuna classificazione valida restituita dal modello.
studenti_dini04.md,Dini04,Studenti,studenti,7,"In base alla tua esperiezia, quali sono i pro e i contro dell'uso dell'intelligenza artificiale nello studio?",I pro che ti aiutano a svolgere i compiti il contro e che si possono usare in modo un po’ sbagliato,misto,1,1,efficienza_tempo,delega_cognitiva,"[{""category"": ""efficienza_tempo"", ""evidence"": ""aiutano a svolgere i compiti"", ""reason"": ""Il partecipante indica che l'IA facilita lo svolgimento dei compiti, implicando un vantaggio di efficienza.""}]","[{""category"": ""delega_cognitiva"", ""evidence"": ""si possono usare in modo un po’ sbagliato"", ""reason"": ""Il partecipante evidenzia il rischio di un utilizzo improprio che può portare a errori o cattiva applicazione.""}]",0.6,La risposta elenca esplicitamente un pro (aiuto ai compiti) e un contro (uso sbagliato).
studenti_dini08.md,Dini08,Studenti,studenti,8,"In base alla tua esperiezia, quali sono i pro e i contro dell'uso dell'intelligenza artificiale nello studio?",Tanti pro ci sono e i contro è che puoi essere sgamato dai prof,misto,1,1,altro,plagio_autorialita,"[{""category"": ""altro"", ""evidence"": ""Tanti pro ci sono"", ""reason"": ""Il partecipante afferma genericamente l'esistenza di molti vantaggi senza specificare quali.""}]","[{""category"": ""plagio_autorialita"", ""evidence"": ""puoi essere sgamato dai prof"", ""reason"": ""Il partecipante indica il rischio di essere scoperti dagli insegnanti nell'uso dell'IA.""}]",0.9,La risposta elenca genericamente dei pro e un rischio specifico legato alla rilevazione dell'uso dell'IA.
studenti_ecco19-09-81.md,ecco19/09/81,Studenti,studenti,3,"In base alla tua esperiezia, quali sono i pro e i contro dell'uso dell'intelligenza artificiale nello studio?",Pro: risponde a qualsiasi dubbio tu possa avere  Contro: la gente tende ad affidarsi troppo,nessuno,0,0,,,[],[],0.0,Nessuna classificazione valida restituita dal modello.
studenti_edko12.md,edko12,Studenti,studenti,3,"In base alla tua esperiezia, quali sono i pro e i contro dell'uso dell'intelligenza artificiale nello studio?","non c'è sforzo, non c'è ricerca, non c'è ""perdita di tempo"" e di conseguenza non c'è memorizzazione",solo_contro,0,1,,delega_cognitiva,[],"[{""category"": ""delega_cognitiva"", ""evidence"": ""non c'è sforzo, non c'è ricerca, non c'è 'perdita di tempo' e di conseguenza non c'è memorizzazione"", ""reason"": ""Il partecipante evidenzia l'assenza di sforzo e ricerca, portando a una mancanza di memorizzazione.""}]",0.9,La risposta elenca esclusivamente aspetti negativi legati all'assenza di sforzo cognitivo e di memorizzazione.
studenti_egri25.md,egri25,Studenti,studenti,7,"In base alla tua esperiezia, quali sono i pro e i contro dell'uso dell'intelligenza artificiale nello studio?","i contro sono che viene usata male e in modo nocivo per la nostra intelligenza, i pro è uno strumento molto utile che fa risparmiare tempo e i miei risultati e l’apprendimento non cambiano",misto,1,1,efficienza_tempo,delega_cognitiva,"[{""category"": ""efficienza_tempo"", ""evidence"": ""fa risparmiare tempo"", ""reason"": ""Il partecipante indica che l'IA è uno strumento utile per risparmiare tempo.""}]","[{""category"": ""delega_cognitiva"", ""evidence"": ""viene usata male e in modo nocivo per la nostra intelligenza"", ""reason"": ""Il partecipante segnala che l'uso scorretto dell'IA danneggia l'intelligenza.""}]",0.9,La risposta elenca sia un pro (risparmio di tempo) sia un contro (uso nocivo per l'intelligenza).
studenti_ele07.md,ele07,Studenti,studenti,7,"In base alla tua esperiezia, quali sono i pro e i contro dell'uso dell'intelligenza artificiale nello studio?",i pro sono ad esempio il risparmio di tempo utilizzato nella ricerca i contro fanno riferimento a un uso maladattivo,misto,1,1,efficienza_tempo,delega_cognitiva,"[{""category"": ""efficienza_tempo"", ""evidence"": ""risparmio di tempo"", ""reason"": ""Il partecipante cita esplicitamente il risparmio di tempo come vantaggio.""}]","[{""category"": ""delega_cognitiva"", ""evidence"": ""uso maladattivo"", ""reason"": ""Il partecipante definisce il contro come un 'uso maladattivo', implicando una cattiva gestione o delega del processo cognitivo.""}]",0.9,La risposta elenca chiaramente un pro (risparmio di tempo) e un contro (uso maladattivo).
studenti_ella.md,ella,Studenti,studenti,7,"In base alla tua esperiezia, quali sono i pro e i contro dell'uso dell'intelligenza artificiale nello studio?",contro: non siamo autonomi contro: ci aiuta tanto,misto,1,1,supporto_comprensione,delega_cognitiva,"[{""category"": ""supporto_comprensione"", ""evidence"": ""ci aiuta tanto"", ""reason"": ""Il partecipante indica che l'IA offre un forte supporto nello studio.""}]","[{""category"": ""delega_cognitiva"", ""evidence"": ""non siamo autonomi"", ""reason"": ""Il partecipante segnala una perdita di autonomia e dipendenza dall'IA.""}]",0.9,La risposta elenca esplicitamente sia un vantaggio ('ci aiuta tanto') sia uno svantaggio ('non siamo autonomi').
studenti_ella14.md,ella14,Studenti,studenti,2,"In base alla tua esperiezia, quali sono i pro e i contro dell'uso dell'intelligenza artificiale nello studio?","i pro sono che l’ai fornisce nozioni “universali”, ovvero ha una preparazione su tutte le materie e da risposte semplici da capire ma allo stesso tempo efficaci e corrette, un pro è che secondo me limita le capacità autonome degli alunni",misto,1,1,supporto_comprensione,delega_cognitiva,"[{""category"": ""supporto_comprensione"", ""evidence"": ""da risposte semplici da capire ma allo stesso tempo efficaci e corrette"", ""reason"": ""Il partecipante evidenzia la chiarezza e l'efficacia delle risposte fornite dall'IA.""}]","[{""category"": ""delega_cognitiva"", ""evidence"": ""limita le capacità autonome degli alunni"", ""reason"": ""Il partecipante segnala che l'uso dell'IA riduce l'autonomia e le capacità di ragionamento indipendente degli studenti.""}]",0.9,La risposta elenca esplicitamente un vantaggio (risposte chiare ed efficaci) e uno svantaggio (limitazione dell'autonomia).
studenti_ella17.md,ELLA17,Studenti,studenti,7,"In base alla tua esperiezia, quali sono i pro e i contro dell'uso dell'intelligenza artificiale nello studio?","Aiuta a facilitare e ad alleggerire lo studio ma, talvolta, la prontezza e la facilità di reperire informazioni può deficitare alcune competenze.",misto,1,1,efficienza_tempo,delega_cognitiva,"[{""category"": ""efficienza_tempo"", ""evidence"": ""Aiuta a facilitare e ad alleggerire lo studio"", ""reason"": ""Il partecipante evidenzia come l'IA semplifichi il processo di studio.""}]","[{""category"": ""delega_cognitiva"", ""evidence"": ""la prontezza e la facilità di reperire informazioni può deficitare alcune competenze"", ""reason"": ""Il partecipante segnala che la facilità di accesso alle informazioni può indebolire lo sviluppo di competenze specifiche.""}]",0.9,La risposta elenca esplicitamente un vantaggio ('facilitare e alleggerire') e uno svantaggio ('deficitare alcune competenze').
studenti_ella19.md,ella19,Studenti,studenti,7,"In base alla tua esperiezia, quali sono i pro e i contro dell'uso dell'intelligenza artificiale nello studio?","L'affidarsi all'AI può rappresentare entrambi: da una parte ti aiuta in vari compiti, dall'altra c'è il rischio che non si venga aiutati in modo totalmente corretto",misto,1,1,supporto_comprensione,affidabilita_errori,"[{""category"": ""supporto_comprensione"", ""evidence"": ""ti aiuta in vari compiti"", ""reason"": ""Il partecipante indica che l'AI assiste nell'esecuzione di compiti di studio.""}]","[{""category"": ""affidabilita_errori"", ""evidence"": ""rischio che non si venga aiutati in modo totalmente corretto"", ""reason"": ""Il partecipante evidenzia il pericolo di ricevere risposte errate o incomplete.""}]",0.9,La risposta elenca esplicitamente un vantaggio ('aiuta in vari compiti') e un rischio ('rischio che non si venga aiutati in modo totalmente corretto').
studenti_elli04.md,Elli04,Studenti,studenti,7,"In base alla tua esperiezia, quali sono i pro e i contro dell'uso dell'intelligenza artificiale nello studio?",Velocizza il processo ma rischia di far impigrire la mente se usata indiscriminatamente,misto,1,1,efficienza_tempo,delega_cognitiva,"[{""category"": ""efficienza_tempo"", ""evidence"": ""Velocizza il processo"", ""reason"": ""Il partecipante evidenzia l'accelerazione del processo di studio.""}]","[{""category"": ""delega_cognitiva"", ""evidence"": ""rischia di far impigrire la mente"", ""reason"": ""Il partecipante segnala il rischio di atrofizzazione delle capacità cognitive.""}]",0.9,La risposta elenca esplicitamente un vantaggio (velocizzazione) e uno svantaggio (impigrimento della mente).
studenti_elli08.md,Elli08,Studenti,studenti,7,"In base alla tua esperiezia, quali sono i pro e i contro dell'uso dell'intelligenza artificiale nello studio?","Pro: velocizzare alcuni processi che ricorrerebbero Maggio tempo Contro: l'uso spropositato puó portare ad esserne dipendenti e a perdere alcune capacità di ragionamento, affidandosi totalmente all'IA",misto,1,2,efficienza_tempo,dipendenza|delega_cognitiva,"[{""category"": ""efficienza_tempo"", ""evidence"": ""velocizzare alcuni processi"", ""reason"": ""Il partecipante evidenzia il vantaggio di accelerare le attività.""}]","[{""category"": ""dipendenza"", ""evidence"": ""puó portare ad esserne dipendenti"", ""reason"": ""Il partecipante segnala il rischio di creare una dipendenza dall'IA.""}, {""category"": ""delega_cognitiva"", ""evidence"": ""perdere alcune capacità di ragionamento, affidandosi totalmente all'IA"", ""reason"": ""Il partecipante indica il rischio di atrofizzare le capacità di pensiero autonomo.""}]",0.95,La risposta elenca esplicitamente un pro (velocizzazione) e due contro (dipendenza e perdita di capacità di ragionamento).
studenti_elli23.md,elli23,Studenti,studenti,8,"In base alla tua esperiezia, quali sono i pro e i contro dell'uso dell'intelligenza artificiale nello studio?",pro: efficacia e rapidità di elaborazione di contenuti contro: non sempre le fonti sono sincere,misto,1,1,efficienza_tempo,affidabilita_errori,"[{""category"": ""efficienza_tempo"", ""evidence"": ""efficacia e rapidità di elaborazione"", ""reason"": ""Il partecipante evidenzia la velocità e l'efficacia nell'elaborazione dei contenuti.""}]","[{""category"": ""affidabilita_errori"", ""evidence"": ""non sempre le fonti sono sincere"", ""reason"": ""Il partecipante segnala il rischio di informazioni non veritiere o fonti inaffidabili.""}]",0.9,La risposta elenca esplicitamente un vantaggio (pro) e uno svantaggio (contro).
studenti_elli24.md,ELLI24,Studenti,studenti,7,"In base alla tua esperiezia, quali sono i pro e i contro dell'uso dell'intelligenza artificiale nello studio?",I pro sono che fornisce velocemente la risposta di cui ho bisogno. I contro è che per ottenere informazioni più specifiche devo riformulare in modo diverso la domanda,misto,1,1,efficienza_tempo,delega_cognitiva,"[{""category"": ""efficienza_tempo"", ""evidence"": ""fornisce velocemente la risposta di cui ho bisogno"", ""reason"": ""Il partecipante evidenzia la rapidità di risposta come vantaggio.""}]","[{""category"": ""delega_cognitiva"", ""evidence"": ""per ottenere informazioni più specifiche devo riformulare in modo diverso la domanda"", ""reason"": ""Il partecipante indica la necessità di riformulare le domande come svantaggio, suggerendo una limitazione nell'interazione diretta o nella precisione immediata.""}]",0.9,La risposta elenca esplicitamente un pro e un contro.
studenti_elli27.md,elli27,Studenti,studenti,7,"In base alla tua esperiezia, quali sono i pro e i contro dell'uso dell'intelligenza artificiale nello studio?",pro - risparmio tempo; contro - troppo sintetico,misto,1,1,efficienza_tempo,standardizzazione,"[{""category"": ""efficienza_tempo"", ""evidence"": ""risparmio tempo"", ""reason"": ""Il partecipante cita il risparmio di tempo come vantaggio.""}]","[{""category"": ""standardizzazione"", ""evidence"": ""troppo sintetico"", ""reason"": ""Il partecipante segnala che l'output è eccessivamente sintetico.""}]",0.9,La risposta elenca esplicitamente un pro e un contro.
studenti_elli28.md,Elli28,Studenti,studenti,7,"In base alla tua esperiezia, quali sono i pro e i contro dell'uso dell'intelligenza artificiale nello studio?","Vi è meno elaborazione mentale (contro), velocizza e diminuisce la mole di studio (pro)",misto,1,1,efficienza_tempo,delega_cognitiva,"[{""category"": ""efficienza_tempo"", ""evidence"": ""velocizza e diminuisce la mole di studio"", ""reason"": ""Il partecipante indica che l'IA accelera il processo di studio e riduce il volume di materiale da affrontare.""}]","[{""category"": ""delega_cognitiva"", ""evidence"": ""Vi è meno elaborazione mentale"", ""reason"": ""Il partecipante segnala che l'uso dell'IA riduce l'attività di elaborazione mentale.""}]",0.9,La risposta elenca esplicitamente un vantaggio (velocizzazione) e uno svantaggio (ridotta elaborazione mentale).
studenti_elli9.md,elli9,Studenti,studenti,4,"In base alla tua esperiezia, quali sono i pro e i contro dell'uso dell'intelligenza artificiale nello studio?",pro: aiuta nell'elaborazione e quindi ad apprendere meglio. Contro: si rischia di utilizzare gli strumenti tecnologici come unica opzione di apprendimento e sostegno,misto,1,1,supporto_comprensione,dipendenza,"[{""category"": ""supporto_comprensione"", ""evidence"": ""aiuta nell'elaborazione e quindi ad apprendere meglio"", ""reason"": ""Il partecipante indica che l'IA facilita l'elaborazione dei contenuti, migliorando l'apprendimento.""}]","[{""category"": ""dipendenza"", ""evidence"": ""si rischia di utilizzare gli strumenti tecnologici come unica opzione di apprendimento e sostegno"", ""reason"": ""Il partecipante evidenzia il rischio di affidarsi esclusivamente alla tecnologia, riducendo altre forme di supporto.""}]",0.95,La risposta elenca esplicitamente un beneficio (miglior apprendimento tramite elaborazione) e un rischio (uso esclusivo degli strumenti).
studenti_ello14.md,ello14,Studenti,studenti,7,"In base alla tua esperiezia, quali sono i pro e i contro dell'uso dell'intelligenza artificiale nello studio?",Pro è molto veloce da usare; contro fa gravi errori,misto,1,1,efficienza_tempo,affidabilita_errori,"[{""category"": ""efficienza_tempo"", ""evidence"": ""molto veloce da usare"", ""reason"": ""Il partecipante evidenzia la rapidità d'uso come vantaggio.""}]","[{""category"": ""affidabilita_errori"", ""evidence"": ""fa gravi errori"", ""reason"": ""Il partecipante segnala la produzione di errori gravi come svantaggio.""}]",1.0,La risposta elenca esplicitamente un pro e un contro.
studenti_ello16.md,ello16,Studenti,studenti,6,"In base alla tua esperiezia, quali sono i pro e i contro dell'uso dell'intelligenza artificiale nello studio?",aiuta con riassunti ma non esprime tutti i concetti chiave,nessuno,0,0,,,[],[],0.0,Nessuna classificazione valida restituita dal modello.
studenti_ello18.md,Ello18,Studenti,studenti,3,"In base alla tua esperiezia, quali sono i pro e i contro dell'uso dell'intelligenza artificiale nello studio?",Può aiutare nella schematizzazione di grasse quantità di dati (es. indici di più libri),solo_pro,1,0,produzione_materiali,,"[{""category"": ""produzione_materiali"", ""evidence"": ""aiutare nella schematizzazione di grasse quantità di dati"", ""reason"": ""Il partecipante evidenzia la capacità dell'IA di organizzare grandi volumi di informazioni.""}]",[],0.9,La risposta menziona esclusivamente un beneficio operativo.
studenti_ello27.md,Ello27,Studenti,studenti,3,"In base alla tua esperiezia, quali sono i pro e i contro dell'uso dell'intelligenza artificiale nello studio?","Aiuto nello studio, sostituzione dell' uomo",nessuno,0,0,,,[],[],0.0,Nessuna classificazione valida restituita dal modello.
studenti_emartello30.md,emartello30,Studenti,studenti,8,"In base alla tua esperiezia, quali sono i pro e i contro dell'uso dell'intelligenza artificiale nello studio?",Avvolte fa cose giuste altre no,nessuno,0,0,,,[],[],0.0,Nessuna classificazione valida restituita dal modello.
studenti_enna19.md,enna19,Studenti,studenti,7,"In base alla tua esperiezia, quali sono i pro e i contro dell'uso dell'intelligenza artificiale nello studio?",pro:faccio prima,solo_pro,1,0,efficienza_tempo,,"[{""category"": ""efficienza_tempo"", ""evidence"": ""faccio prima"", ""reason"": ""Il partecipante afferma esplicitamente che l'uso dell'IA permette di completare i compiti in meno tempo.""}]",[],1.0,La risposta menziona esclusivamente un vantaggio (velocità) senza citare alcun svantaggio.
studenti_enti09.md,Enti09,Studenti,studenti,3,"In base alla tua esperiezia, quali sono i pro e i contro dell'uso dell'intelligenza artificiale nello studio?",Sicuramente è un buono strumento per la preparazione di progetti e programmi però può portare a distrazioni frequenti,misto,1,1,produzione_materiali,dipendenza,"[{""category"": ""produzione_materiali"", ""evidence"": ""buono strumento per la preparazione di progetti e programmi"", ""reason"": ""Il partecipante evidenzia l'utilità dell'IA nella creazione di materiali di studio.""}]","[{""category"": ""dipendenza"", ""evidence"": ""può portare a distrazioni frequenti"", ""reason"": ""Il partecipante segnala il rischio di distrazione come svantaggio dell'uso dell'IA.""}]",0.9,La risposta elenca esplicitamente un vantaggio e uno svantaggio.
studenti_enzi01.md,Enzi01,Studenti,studenti,7,"In base alla tua esperiezia, quali sono i pro e i contro dell'uso dell'intelligenza artificiale nello studio?","I pro sono sicuramente le informazioni in più che mi fornisce l’intelligenza artificiale, la traduzione simultanea e la ricerca di per esempio, articoli scientifici  I contro sono che è necessario controllare la provenienza per esempio di alcune informazione per verificare che siano giuste",misto,3,1,ricerca_informazioni|ricerca_informazioni|ricerca_informazioni,affidabilita_errori,"[{""category"": ""ricerca_informazioni"", ""evidence"": ""informazioni in più che mi fornisce l'intelligenza artificiale"", ""reason"": ""Il partecipante cita l'accesso a informazioni aggiuntive come vantaggio.""}, {""category"": ""ricerca_informazioni"", ""evidence"": ""traduzione simultanea"", ""reason"": ""Il partecipante menziona la traduzione come funzione utile.""}, {""category"": ""ricerca_informazioni"", ""evidence"": ""ricerca di per esempio, articoli scientifici"", ""reason"": ""Il partecipante indica la capacità di ricerca di fonti specifiche.""}]","[{""category"": ""affidabilita_errori"", ""evidence"": ""è necessario controllare la provenienza per esempio di alcune informazione per verificare che siano giuste"", ""reason"": ""Il partecipante evidenzia la necessità di verificare l'accuratezza delle informazioni fornite dall'IA.""}]",0.95,La risposta elenca esplicitamente sia vantaggi (pro) che svantaggi (contro) dell'uso dell'IA.
studenti_eppe03.md,eppe03,Studenti,studenti,7,"In base alla tua esperiezia, quali sono i pro e i contro dell'uso dell'intelligenza artificiale nello studio?",Sicuramente l'intelligenza artificiale è molto utile soprattutto per fare operazione che magari se fatte manualmente richiederebbero più tempo. Forse il maggiore contro è che spesso l'ia sostituisce in maniera troppo brutale l'operato degli esseri umani.,misto,1,1,efficienza_tempo,riduzione_relazione,"[{""category"": ""efficienza_tempo"", ""evidence"": ""molto utile soprattutto per fare operazione che magari se fatte manualmente richiederebbero più tempo"", ""reason"": ""Il partecipante evidenzia il risparmio di tempo rispetto alle operazioni manuali.""}]","[{""category"": ""riduzione_relazione"", ""evidence"": ""spesso l'ia sostituisce in maniera troppo brutale l'operato degli esseri umani"", ""reason"": ""Il partecipante segnala una sostituzione eccessiva dell'apporto umano.""}]",0.9,La risposta elenca esplicitamente un vantaggio (tempo) e uno svantaggio (sostituzione umana).
studenti_erta03.md,erta03,Studenti,studenti,8,"In base alla tua esperiezia, quali sono i pro e i contro dell'uso dell'intelligenza artificiale nello studio?",Nessuno,nessuno,0,0,,,[],[],0.0,Nessuna classificazione valida restituita dal modello.
studenti_erto07.md,erto07,Studenti,studenti,7,"In base alla tua esperiezia, quali sono i pro e i contro dell'uso dell'intelligenza artificiale nello studio?","pro veloce e facilitatorio, contro ti impigrisce",misto,2,1,efficienza_tempo|autonomia_organizzazione,dipendenza,"[{""category"": ""efficienza_tempo"", ""evidence"": ""pro veloce"", ""reason"": ""Il partecipante descrive l'IA come uno strumento rapido.""}, {""category"": ""autonomia_organizzazione"", ""evidence"": ""facilitatorio"", ""reason"": ""Il partecipante indica che l'IA facilita il processo di studio.""}]","[{""category"": ""dipendenza"", ""evidence"": ""ti impigrisce"", ""reason"": ""Il partecipante segnala che l'uso dell'IA porta a una mancanza di impegno o pigrizia.""}]",0.9,"La risposta elenca esplicitamente un vantaggio ('veloce', 'facilitatorio') e uno svantaggio ('impigrisce')."
studenti_esca26.md,esca26,Studenti,studenti,8,"In base alla tua esperiezia, quali sono i pro e i contro dell'uso dell'intelligenza artificiale nello studio?","I pro sono che può davvero essere molto d’aiuto e risparmiare tempo, i contro però è il rischio che le persone non la usino come un aiuto bensì come un sostituto",misto,1,1,efficienza_tempo,delega_cognitiva,"[{""category"": ""efficienza_tempo"", ""evidence"": ""risparmiare tempo"", ""reason"": ""Il partecipante evidenzia il vantaggio del risparmio temporale.""}]","[{""category"": ""delega_cognitiva"", ""evidence"": ""rischio che le persone non la usino come un aiuto bensì come un sostituto"", ""reason"": ""Il partecipante segnala il rischio di sostituzione dell'attività cognitiva umana.""}]",0.95,La risposta elenca esplicitamente un pro e un contro.
studenti_esco22.md,ESCO22,Studenti,studenti,7,"In base alla tua esperiezia, quali sono i pro e i contro dell'uso dell'intelligenza artificiale nello studio?",pro sono gli aiuti di sintesi. contro sono le informazioni non precise.,misto,1,1,supporto_comprensione,affidabilita_errori,"[{""category"": ""supporto_comprensione"", ""evidence"": ""aiuti di sintesi"", ""reason"": ""Il partecipante cita la sintesi come vantaggio.""}]","[{""category"": ""affidabilita_errori"", ""evidence"": ""informazioni non precise"", ""reason"": ""Il partecipante segnala l'imprecisione delle informazioni fornite dall'IA.""}]",1.0,La risposta elenca esplicitamente un pro e un contro.
studenti_esta02.md,ESTA02,Studenti,studenti,7,"In base alla tua esperiezia, quali sono i pro e i contro dell'uso dell'intelligenza artificiale nello studio?",Chiedergli di ragionare al mio posto non mi aiuta nel ragionamento,solo_contro,0,1,,delega_cognitiva,[],"[{""category"": ""delega_cognitiva"", ""evidence"": ""Chiedergli di ragionare al mio posto non mi aiuta nel ragionamento"", ""reason"": ""Il partecipante evidenzia che l'IA sostituisce il proprio processo di pensiero, impedendo lo sviluppo del ragionamento autonomo.""}]",0.95,La risposta esprime esclusivamente un rischio legato alla perdita di autonomia cognitiva.
studenti_etta07.md,etta07,Studenti,studenti,7,"In base alla tua esperiezia, quali sono i pro e i contro dell'uso dell'intelligenza artificiale nello studio?",pro: velocizzano il lavoro  contro: facciamo lavorare meno il nostro cervello,misto,1,1,efficienza_tempo,delega_cognitiva,"[{""category"": ""efficienza_tempo"", ""evidence"": ""velocizzano il lavoro"", ""reason"": ""Il partecipante indica che l'IA accelera i processi di studio.""}]","[{""category"": ""delega_cognitiva"", ""evidence"": ""facciamo lavorare meno il nostro cervello"", ""reason"": ""Il partecipante segnala il rischio di un uso eccessivo che riduce l'attività mentale.""}]",0.95,La risposta elenca esplicitamente un vantaggio (velocità) e uno svantaggio (riduzione sforzo cognitivo).
studenti_etta30.md,etta30,Studenti,studenti,7,"In base alla tua esperiezia, quali sono i pro e i contro dell'uso dell'intelligenza artificiale nello studio?","pro: tempo ridotto, schemi semplificati, riassunti dettagliati , comprensione di temi complessi contro: diventarne dipendenti e non essere in grado di svolgere normali attività senza l’uso di IA, soprattutto se in età troppo precoce",misto,4,2,efficienza_tempo|produzione_materiali|supporto_comprensione|supporto_comprensione,dipendenza|delega_cognitiva,"[{""category"": ""efficienza_tempo"", ""evidence"": ""tempo ridotto"", ""reason"": ""Il partecipante cita il risparmio di tempo come vantaggio.""}, {""category"": ""produzione_materiali"", ""evidence"": ""schemi semplificati"", ""reason"": ""L'IA facilita la creazione di schemi di studio.""}, {""category"": ""supporto_comprensione"", ""evidence"": ""riassunti dettagliati"", ""reason"": ""L'IA aiuta a fornire riassunti che migliorano la comprensione.""}, {""category"": ""supporto_comprensione"", ""evidence"": ""comprensione di temi complessi"", ""reason"": ""L'IA supporta la comprensione di argomenti difficili.""}]","[{""category"": ""dipendenza"", ""evidence"": ""diventarne dipendenti"", ""reason"": ""Il partecipante evidenzia il rischio di dipendenza dall'IA.""}, {""category"": ""delega_cognitiva"", ""evidence"": ""non essere in grado di svolgere normali attività senza l'uso di IA"", ""reason"": ""L'uso eccessivo porta all'incapacità di svolgere attività cognitive autonome.""}]",0.95,La risposta elenca chiaramente sia i benefici operativi e cognitivi sia i rischi legati alla dipendenza e alla perdita di autonomia.
studenti_etti02.md,Etti02,Studenti,studenti,3,"In base alla tua esperiezia, quali sono i pro e i contro dell'uso dell'intelligenza artificiale nello studio?","Contro: anche quando non sa le risposte, le dà sbagliate",solo_contro,0,1,,affidabilita_errori,[],"[{""category"": ""affidabilita_errori"", ""evidence"": ""anche quando non sa le risposte, le dà sbagliate"", ""reason"": ""Il partecipante evidenzia il rischio di ricevere informazioni errate anche in assenza di conoscenza.""}]",0.95,La risposta contiene esclusivamente un contro.
studenti_etti07.md,etti07,Studenti,studenti,7,"In base alla tua esperiezia, quali sono i pro e i contro dell'uso dell'intelligenza artificiale nello studio?",pro velocità e spiegazioni chiari contro nessuno,solo_pro,2,0,efficienza_tempo|supporto_comprensione,,"[{""category"": ""efficienza_tempo"", ""evidence"": ""velocità"", ""reason"": ""Il partecipante cita esplicitamente la velocità come vantaggio.""}, {""category"": ""supporto_comprensione"", ""evidence"": ""spiegazioni chiari"", ""reason"": ""Il partecipante indica che l'IA fornisce spiegazioni chiare.""}]",[],1.0,"La risposta elenca solo pro (velocità, spiegazioni chiari) e nega esplicitamente l'esistenza di contro (nessuno)."
studenti_etti08.md,etti08,Studenti,studenti,6,"In base alla tua esperiezia, quali sono i pro e i contro dell'uso dell'intelligenza artificiale nello studio?",minimo sforzo massima resa,nessuno,0,0,,,[],[],0.0,Nessuna classificazione valida restituita dal modello.
studenti_etti19.md,etti19,Studenti,studenti,8,"In base alla tua esperiezia, quali sono i pro e i contro dell'uso dell'intelligenza artificiale nello studio?",I pro sono: aiuta tutti a trovare un modo più semplice per apprendere gli argomenti che si studiano ma anche nella vita quotidiana l'intelligenza artificiale può avere una grande importanza e può fornire informazioni di ogni genere  Contro: se viene utilizzata in modo eccessivo porterà un effetto negativo sull'uomo in quanto esso non si impegnerà e non avrà la motivazione per apprendere e studiare.,misto,2,2,supporto_comprensione|ricerca_informazioni,dipendenza|delega_cognitiva,"[{""category"": ""supporto_comprensione"", ""evidence"": ""aiuta tutti a trovare un modo più semplice per apprendere gli argomenti che si studiano"", ""reason"": ""Il partecipante evidenzia come l'IA faciliti l'apprendimento degli argomenti.""}, {""category"": ""ricerca_informazioni"", ""evidence"": ""può fornire informazioni di ogni genere"", ""reason"": ""Il partecipante cita la capacità dell'IA di fornire informazioni varie.""}]","[{""category"": ""dipendenza"", ""evidence"": ""se viene utilizzata in modo eccessivo porterà un effetto negativo sull'uomo"", ""reason"": ""Il partecipante avverte del rischio negativo derivante da un uso eccessivo.""}, {""category"": ""delega_cognitiva"", ""evidence"": ""non si impegnerà e non avrà la motivazione per apprendere e studiare"", ""reason"": ""Il partecipante segnala la perdita di impegno e motivazione allo studio.""}]",0.9,"La risposta elenca chiaramente sia vantaggi (facilità di apprendimento, informazioni) sia svantaggi (uso eccessivo, mancanza di motivazione)."
studenti_etti22.md,etti22,Studenti,studenti,7,"In base alla tua esperiezia, quali sono i pro e i contro dell'uso dell'intelligenza artificiale nello studio?","Spiegazioni chiare, aiuta a risolvere dubbi ma non tutto cioè che riporta é sempre corretto",misto,2,1,supporto_comprensione|supporto_comprensione,affidabilita_errori,"[{""category"": ""supporto_comprensione"", ""evidence"": ""Spiegazioni chiare"", ""reason"": ""Il partecipante evidenzia la chiarezza delle spiegazioni fornite dall'IA.""}, {""category"": ""supporto_comprensione"", ""evidence"": ""aiuta a risolvere dubbi"", ""reason"": ""Il partecipante indica che l'IA è utile per chiarire incertezze.""}]","[{""category"": ""affidabilita_errori"", ""evidence"": ""non tutto cioè che riporta é sempre corretto"", ""reason"": ""Il partecipante segnala che le informazioni fornite dall'IA non sono sempre accurate.""}]",0.9,"La risposta elenca sia un vantaggio (chiarezza, aiuto ai dubbi) sia un rischio (mancanza di accuratezza)."
studenti_etto06.md,Etto06,Studenti,studenti,3,"In base alla tua esperiezia, quali sono i pro e i contro dell'uso dell'intelligenza artificiale nello studio?",pro: velocità di reperimento informazioni; contro: informazioni non precise o non pienamente corrette,misto,1,1,ricerca_informazioni,affidabilita_errori,"[{""category"": ""ricerca_informazioni"", ""evidence"": ""velocità di reperimento informazioni"", ""reason"": ""Il partecipante evidenzia la rapidità nell'ottenere dati come vantaggio.""}]","[{""category"": ""affidabilita_errori"", ""evidence"": ""informazioni non precise o non pienamente corrette"", ""reason"": ""Il partecipante segnala l'insufficienza di accuratezza e correttezza dei dati forniti dall'IA.""}]",1.0,La risposta elenca esplicitamente un pro e un contro.
studenti_fico26.md,fico26,Studenti,studenti,7,"In base alla tua esperiezia, quali sono i pro e i contro dell'uso dell'intelligenza artificiale nello studio?",io trovo solo pro: ottimizzare e studiare meglio,solo_pro,2,0,efficienza_tempo|supporto_comprensione,,"[{""category"": ""efficienza_tempo"", ""evidence"": ""ottimizzare"", ""reason"": ""Il partecipante cita l'ottimizzazione come vantaggio.""}, {""category"": ""supporto_comprensione"", ""evidence"": ""studiare meglio"", ""reason"": ""Il partecipante indica un miglioramento nell'apprendimento.""}]",[],1.0,"La risposta esplicita solo pro, escludendo qualsiasi contro."
studenti_fini21.md,fini21,Studenti,studenti,7,"In base alla tua esperiezia, quali sono i pro e i contro dell'uso dell'intelligenza artificiale nello studio?",semplificare le cose,solo_pro,1,0,efficienza_tempo,,"[{""category"": ""efficienza_tempo"", ""evidence"": ""semplificare le cose"", ""reason"": ""Il partecipante indica che l'IA semplifica i processi di studio.""}]",[],0.9,La risposta menziona esclusivamente un beneficio (semplificazione).
studenti_fora21.md,Fora21,Studenti,studenti,2,"In base alla tua esperiezia, quali sono i pro e i contro dell'uso dell'intelligenza artificiale nello studio?",Aiuta a fare domande,solo_pro,1,0,supporto_comprensione,,"[{""category"": ""supporto_comprensione"", ""evidence"": ""Aiuta a fare domande"", ""reason"": ""Il partecipante indica che l'IA facilita la formulazione di domande, supportando la comprensione.""}]",[],0.9,La risposta menziona esclusivamente un beneficio dell'uso dell'IA.
studenti_fori04.md,fori04,Studenti,studenti,3,"In base alla tua esperiezia, quali sono i pro e i contro dell'uso dell'intelligenza artificiale nello studio?",Sicuramente il pro dell’intelligenza artificiale è la velocità con il quale si possono avere delle risposte dettagliate e anche schematizzate; ma un contro solo intelligenza artificiale è che non capisce mai in una volta sola il suo vero scopo (il compito non lo concepisce al primo tentativo).,misto,1,1,efficienza_tempo,affidabilita_errori,"[{""category"": ""efficienza_tempo"", ""evidence"": ""velocità con il quale si possono avere delle risposte dettagliate e anche schematizzate"", ""reason"": ""Il partecipante evidenzia il vantaggio della rapidità e della capacità di schematizzare le risposte.""}]","[{""category"": ""affidabilita_errori"", ""evidence"": ""non capisce mai in una volta sola il suo vero scopo"", ""reason"": ""Il partecipante segnala l'incapacità dell'IA di comprendere correttamente il compito al primo tentativo.""}]",0.9,La risposta elenca esplicitamente un pro (velocità) e un contro (mancanza di comprensione immediata).
studenti_gelo05.md,Gelo05,Studenti,studenti,7,"In base alla tua esperiezia, quali sono i pro e i contro dell'uso dell'intelligenza artificiale nello studio?",Pro concetti più facilmente reperibili Contro si perde l’autonomia della ricerca,misto,1,1,ricerca_informazioni,autonomia_organizzazione,"[{""category"": ""ricerca_informazioni"", ""evidence"": ""Pro concetti più facilmente reperibili"", ""reason"": ""Il partecipante indica che l'IA facilita la reperibilità dei concetti.""}]","[{""category"": ""autonomia_organizzazione"", ""evidence"": ""Contro si perde l'autonomia della ricerca"", ""reason"": ""Il partecipante segnala la perdita dell'autonomia nel processo di ricerca.""}]",0.9,La risposta elenca esplicitamente un pro e un contro.
studenti_gelo14.md,gelo14,Studenti,studenti,7,"In base alla tua esperiezia, quali sono i pro e i contro dell'uso dell'intelligenza artificiale nello studio?","I pro sono il tempo che si risparmia e la semplificazione, i contro una riduzione di attenzione , di impegno ed una minor voglia di fare e imparare in quanto c'è qualcuno che lo fa al posto tuo",misto,2,3,efficienza_tempo|autonomia_organizzazione,delega_cognitiva|riduzione_relazione|dipendenza,"[{""category"": ""efficienza_tempo"", ""evidence"": ""tempo che si risparmia"", ""reason"": ""Il partecipante cita il risparmio di tempo come vantaggio.""}, {""category"": ""autonomia_organizzazione"", ""evidence"": ""semplificazione"", ""reason"": ""Il partecipante indica la semplificazione come beneficio.""}]","[{""category"": ""delega_cognitiva"", ""evidence"": ""c'è qualcuno che lo fa al posto tuo"", ""reason"": ""Il partecipante evidenzia la tendenza a delegare il lavoro ad altri.""}, {""category"": ""riduzione_relazione"", ""evidence"": ""riduzione di attenzione"", ""reason"": ""Il partecipante segnala una diminuzione dell'attenzione.""}, {""category"": ""dipendenza"", ""evidence"": ""minor voglia di fare e imparare"", ""reason"": ""Il partecipante nota una diminuzione della motivazione a impegnarsi.""}]",0.95,La risposta elenca esplicitamente sia pro che contro.
studenti_gelo25.md,gelo25,Studenti,studenti,7,"In base alla tua esperiezia, quali sono i pro e i contro dell'uso dell'intelligenza artificiale nello studio?",i pro che mi aiuta molto  i contro che crea dipendenza,misto,1,1,efficienza_tempo,dipendenza,"[{""category"": ""efficienza_tempo"", ""evidence"": ""mi aiuta molto"", ""reason"": ""Il partecipante indica un aiuto generale che implica un vantaggio operativo.""}]","[{""category"": ""dipendenza"", ""evidence"": ""crea dipendenza"", ""reason"": ""Il partecipante segnala esplicitamente il rischio di dipendenza.""}]",0.9,La risposta elenca sia un pro che un contro.
studenti_gemi14.md,gemi14,Studenti,studenti,3,"In base alla tua esperiezia, quali sono i pro e i contro dell'uso dell'intelligenza artificiale nello studio?","come pro sicuramente si risparmia del tempo, mentre come contro mi verrebbe da dire che non ci si impegna più come si sarebbe fatto senza",misto,1,1,efficienza_tempo,delega_cognitiva,"[{""category"": ""efficienza_tempo"", ""evidence"": ""si risparmia del tempo"", ""reason"": ""Il partecipante indica che l'uso dell'IA permette di risparmiare tempo.""}]","[{""category"": ""delega_cognitiva"", ""evidence"": ""non ci si impegna più come si sarebbe fatto senza"", ""reason"": ""Il partecipante segnala una riduzione dell'impegno e dell'effort cognitivo rispetto allo studio tradizionale.""}]",0.9,La risposta elenca esplicitamente un vantaggio (risparmio tempo) e uno svantaggio (mancanza di impegno).
studenti_gera26.md,gera26,Studenti,studenti,7,"In base alla tua esperiezia, quali sono i pro e i contro dell'uso dell'intelligenza artificiale nello studio?",i pro sono che aiuta tutti a trovare un modo più semplice per capire gli argomenti che si stanno studiando. i contro è che se l’intelligenza artificiale viene usata in modo scorretto può avere un effetto negativo sulla società,misto,1,1,supporto_comprensione,privacy_etica,"[{""category"": ""supporto_comprensione"", ""evidence"": ""aiuta tutti a trovare un modo più semplice per capire gli argomenti che si stanno studiando"", ""reason"": ""Il partecipante indica che l'IA facilita la comprensione degli argomenti di studio.""}]","[{""category"": ""privacy_etica"", ""evidence"": ""se l'intelligenza artificiale viene usata in modo scorretto può avere un effetto negativo sulla società"", ""reason"": ""Il partecipante segnala un rischio sociale legato all'uso scorretto dell'IA.""}]",0.9,La risposta elenca esplicitamente un vantaggio e uno svantaggio.
studenti_geri29.md,geri29,Studenti,studenti,7,"In base alla tua esperiezia, quali sono i pro e i contro dell'uso dell'intelligenza artificiale nello studio?",pro velocità contro perché dopo un tot di domande sono a pagamento,misto,1,1,efficienza_tempo,disuguaglianze,"[{""category"": ""efficienza_tempo"", ""evidence"": ""pro velocità"", ""reason"": ""Il partecipante evidenzia la rapidità come vantaggio.""}]","[{""category"": ""disuguaglianze"", ""evidence"": ""contro perché dopo un tot di domande sono a pagamento"", ""reason"": ""Il partecipante segnala un limite economico che crea barriere all'accesso.""}]",0.95,La risposta elenca esplicitamente un pro (velocità) e un contro (costo).
studenti_gese.md,gese,Studenti,studenti,7,"In base alla tua esperiezia, quali sono i pro e i contro dell'uso dell'intelligenza artificiale nello studio?",pro: informazioni che non ci sono sul libro  contro: non riesco ad apprendere bene dal telefono,misto,1,1,ricerca_informazioni,dipendenza,"[{""category"": ""ricerca_informazioni"", ""evidence"": ""informazioni che non ci sono sul libro"", ""reason"": ""Il partecipante cita l'accesso a informazioni non presenti nei libri di testo come vantaggio.""}]","[{""category"": ""dipendenza"", ""evidence"": ""non riesco ad apprendere bene dal telefono"", ""reason"": ""Il partecipante indica che l'uso del dispositivo (telefono) tramite IA impedisce un buon apprendimento.""}]",0.9,La risposta elenca esplicitamente un pro e un contro.
studenti_gini04.md,gini04,Studenti,studenti,3,"In base alla tua esperiezia, quali sono i pro e i contro dell'uso dell'intelligenza artificiale nello studio?",Pro: può essere magari utile quando sei in difficoltà o svolgere in meno tempo i compiti quando proprio non hai il tempo a disposizione. Contro: se lo usi regolarmente non ti sarà utile perché non avrai appreso nulla. Esempio: a casa puoi anche usarlo ma nelle verifiche no e quindi è a tuo svantaggio perché in classe avrai maggiore difficoltà non essendoci esercitata a sufficienza,misto,2,2,efficienza_tempo|supporto_comprensione,delega_cognitiva|dipendenza,"[{""category"": ""efficienza_tempo"", ""evidence"": ""svolgere in meno tempo i compiti"", ""reason"": ""Il partecipante cita il risparmio di tempo come vantaggio.""}, {""category"": ""supporto_comprensione"", ""evidence"": ""utile quando sei in difficoltà"", ""reason"": ""Il partecipante indica l'IA come supporto in momenti di difficoltà.""}]","[{""category"": ""delega_cognitiva"", ""evidence"": ""non avrai appreso nulla"", ""reason"": ""Il partecipante segnala che l'uso regolare impedisce l'apprendimento.""}, {""category"": ""dipendenza"", ""evidence"": ""non essendoci esercitata a sufficienza"", ""reason"": ""Il partecipante evidenzia il rischio di non aver sviluppato le competenze necessarie senza l'IA.""}]",0.95,La risposta elenca chiaramente sia benefici operativi e di comprensione sia rischi legati all'apprendimento e all'esercizio.
studenti_glia01.md,Glia01,Studenti,studenti,2,"In base alla tua esperiezia, quali sono i pro e i contro dell'uso dell'intelligenza artificiale nello studio?",Penso che l’intelligenza artificiale nello studio non sia utile perché penso che sostituisca l’apprendimento attivo e critico,solo_contro,0,1,,delega_cognitiva,[],"[{""category"": ""delega_cognitiva"", ""evidence"": ""sostituisca l'apprendimento attivo e critico"", ""reason"": ""Il partecipante afferma che l'IA sostituisce l'apprendimento attivo e critico.""}]",0.95,La risposta esprime esclusivamente un contro all'uso dell'IA nello studio.
studenti_glia18.md,glia18,Studenti,studenti,8,"In base alla tua esperiezia, quali sono i pro e i contro dell'uso dell'intelligenza artificiale nello studio?","i pro dell'uso dell'intelligenza artificiale nello studio sono la fruibilità, la facilità e sono un importante supporto allo  studio. i contro sono sicuramente il rischio che questa progressivamente possa essere usata eccessivamente e ridurre le capacità di ragionamento e attentive individuali rischiando di affidarsi totalmente su questi sistemi",misto,2,2,supporto_comprensione|efficienza_tempo,delega_cognitiva|dipendenza,"[{""category"": ""supporto_comprensione"", ""evidence"": ""importante supporto allo studio"", ""reason"": ""Il partecipante evidenzia il ruolo di supporto dell'IA per lo studio.""}, {""category"": ""efficienza_tempo"", ""evidence"": ""fruibilità, la facilità"", ""reason"": ""Il partecipante cita la facilità d'uso e la fruibilità come vantaggi.""}]","[{""category"": ""delega_cognitiva"", ""evidence"": ""ridurre le capacità di ragionamento"", ""reason"": ""Il partecipante teme che l'uso eccessivo riduca le capacità di ragionamento.""}, {""category"": ""dipendenza"", ""evidence"": ""affidarsi totalmente su questi sistemi"", ""reason"": ""Il partecipante segnala il rischio di affidamento totale ai sistemi.""}]",0.95,"La risposta elenca esplicitamente sia pro (fruibilità, facilità, supporto) sia contro (riduzione capacità, affidamento totale)."
studenti_glia24.md,glia24,Studenti,studenti,7,"In base alla tua esperiezia, quali sono i pro e i contro dell'uso dell'intelligenza artificiale nello studio?",pro: aiuta per apprendere contro: alcune volte non funziona o da informazioni false,misto,1,2,supporto_comprensione,affidabilita_errori|affidabilita_errori,"[{""category"": ""supporto_comprensione"", ""evidence"": ""aiuta per apprendere"", ""reason"": ""Il partecipante indica che l'IA facilita il processo di apprendimento.""}]","[{""category"": ""affidabilita_errori"", ""evidence"": ""da informazioni false"", ""reason"": ""Il partecipante segnala il rischio di ricevere dati inaccurati.""}, {""category"": ""affidabilita_errori"", ""evidence"": ""non funziona"", ""reason"": ""Il partecipante segnala l'instabilità o il malfunzionamento dell'IA.""}]",0.9,"La risposta elenca esplicitamente un beneficio ('aiuta per apprendere') e due rischi ('non funziona', 'informazioni false')."
studenti_glia26.md,glia26,Studenti,studenti,8,"In base alla tua esperiezia, quali sono i pro e i contro dell'uso dell'intelligenza artificiale nello studio?","I pro sono la specificità e la velocità del sistema, i contro è che avendo dati molto vasti spesso non rispondono precisamente a ciò che chiedo",misto,1,1,efficienza_tempo,affidabilita_errori,"[{""category"": ""efficienza_tempo"", ""evidence"": ""specificità e la velocità del sistema"", ""reason"": ""Il partecipante evidenzia la rapidità e la capacità di fornire risposte specifiche come vantaggio.""}]","[{""category"": ""affidabilita_errori"", ""evidence"": ""spesso non rispondono precisamente a ciò che chiedo"", ""reason"": ""Il partecipante segnala l'incapacità dell'IA di essere precisa quando si lavora con grandi quantità di dati.""}]",0.9,La risposta elenca esplicitamente un pro e un contro.
studenti_glio26.md,Glio26,Studenti,studenti,3,"In base alla tua esperiezia, quali sono i pro e i contro dell'uso dell'intelligenza artificiale nello studio?","Ritengo che sia utile affidarsi all’intelligenza artificiale sé questa viene adottata con criterio a fini informativi, come se fosse una grande enciclopedia. L’aspetto negativo risiede nell’uso eccessivo che di essa si può fare, quando ad esempio si delega all’IA il proprio lavoro, escludendo a priori un esercizio e abilità personali.",misto,1,1,ricerca_informazioni,delega_cognitiva,"[{""category"": ""ricerca_informazioni"", ""evidence"": ""utile affidarsi all'intelligenza artificiale ... a fini informativi, come se fosse una grande enciclopedia"", ""reason"": ""Il partecipante definisce l'IA come uno strumento utile per l'informazione, paragonandola a un'enciclopedia.""}]","[{""category"": ""delega_cognitiva"", ""evidence"": ""uso eccessivo che di essa si può fare, quando ad esempio si delega all'IA il proprio lavoro"", ""reason"": ""Il partecipante evidenzia il rischio di delegare completamente il lavoro all'IA, escludendo l'esercizio delle abilità personali.""}]",0.95,La risposta elenca esplicitamente un vantaggio (uso informativo) e uno svantaggio (delega del lavoro).
studenti_hini29.md,hini29,Studenti,studenti,7,"In base alla tua esperiezia, quali sono i pro e i contro dell'uso dell'intelligenza artificiale nello studio?",Tendenza a delegare le funzioni all' ia,misto,0,1,,delega_cognitiva,[],"[{""category"": ""delega_cognitiva"", ""evidence"": ""Tendenza a delegare le funzioni all' ia"", ""reason"": ""Il partecipante evidenzia una tendenza alla delega delle funzioni cognitive.""}]",0.9,"La risposta menziona esplicitamente una tendenza alla delega, che è un rischio, ma non cita alcun beneficio, rendendo la posizione prevalentemente negativa ma classificata come mista per presenza di entrambi gli elementi (delega come ris..."
studenti_hino05.md,hino05,Studenti,studenti,7,"In base alla tua esperiezia, quali sono i pro e i contro dell'uso dell'intelligenza artificiale nello studio?","aiuta a comprendere meglio e approfondire temi, ma potrebbe sostituirsi troppo alla capacità di memoria e di ragionamento",misto,2,1,supporto_comprensione|supporto_comprensione,delega_cognitiva,"[{""category"": ""supporto_comprensione"", ""evidence"": ""aiuta a comprendere meglio"", ""reason"": ""Il partecipante indica che l'IA facilita la comprensione dei temi.""}, {""category"": ""supporto_comprensione"", ""evidence"": ""approfondire temi"", ""reason"": ""Il partecipante indica che l'IA permette di approfondire i temi.""}]","[{""category"": ""delega_cognitiva"", ""evidence"": ""potrebbe sostituirsi troppo alla capacità di memoria e di ragionamento"", ""reason"": ""Il partecipante segnala il rischio di una sostituzione eccessiva delle capacità cognitive naturali.""}]",0.95,La risposta elenca esplicitamente un beneficio (comprensione/approfondimento) e un rischio (sostituzione memoria/ragionamento).
studenti_iala12.md,iala12,Studenti,studenti,7,"In base alla tua esperiezia, quali sono i pro e i contro dell'uso dell'intelligenza artificiale nello studio?",Pro consente di alleggerire il carico ed organizzare meglio il materiale; Contro può essere utilizzato come sostituito ad altri tipi di risorse,misto,1,1,autonomia_organizzazione,delega_cognitiva,"[{""category"": ""autonomia_organizzazione"", ""evidence"": ""alleggerire il carico ed organizzare meglio il materiale"", ""reason"": ""Il partecipante cita la capacità di gestire meglio il carico di lavoro e l'organizzazione.""}]","[{""category"": ""delega_cognitiva"", ""evidence"": ""può essere utilizzato come sostituito ad altri tipi di risorse"", ""reason"": ""Il partecipante evidenzia il rischio di sostituire l'uso di altre risorse con l'IA.""}]",0.9,La risposta elenca esplicitamente un pro e un contro.
studenti_iani17.md,iani17,Studenti,studenti,7,"In base alla tua esperiezia, quali sono i pro e i contro dell'uso dell'intelligenza artificiale nello studio?",Contro = sostituisce il cervello umano  Pro=ottimizza il tempo,misto,1,1,efficienza_tempo,delega_cognitiva,"[{""category"": ""efficienza_tempo"", ""evidence"": ""ottimizza il tempo"", ""reason"": ""Il partecipante indica che l'IA permette di ottimizzare il tempo.""}]","[{""category"": ""delega_cognitiva"", ""evidence"": ""sostituisce il cervello umano"", ""reason"": ""Il partecipante afferma che l'IA sostituisce il cervello umano.""}]",0.9,La risposta elenca esplicitamente un pro e un contro.
studenti_iano21.md,Iano21,Studenti,studenti,2,"In base alla tua esperiezia, quali sono i pro e i contro dell'uso dell'intelligenza artificiale nello studio?","L’estrema semplificazione dei concetti e superficialità degli studenti alle prese con un compito, incita alla pigrizia e non la curiosità",nessuno,0,0,,,[],[],0.0,Nessuna classificazione valida restituita dal modello.
studenti_iase11.md,iase11,Studenti,studenti,7,"In base alla tua esperiezia, quali sono i pro e i contro dell'uso dell'intelligenza artificiale nello studio?","I pro sono sicuramente la velocità e le varie attività a disposizione che aiutano lo studio. L'unico contro che posso riscontrare è proprio la facilità di ricerca e aiuto, che possono sfociare in un abuso dell'IA con diminuzione di autonomia e iniziativa nello studio.",misto,2,1,efficienza_tempo|supporto_comprensione,delega_cognitiva,"[{""category"": ""efficienza_tempo"", ""evidence"": ""velocità"", ""reason"": ""Il partecipante cita la velocità come vantaggio.""}, {""category"": ""supporto_comprensione"", ""evidence"": ""varie attività a disposizione che aiutano lo studio"", ""reason"": ""Il partecipante menziona attività che facilitano lo studio.""}]","[{""category"": ""delega_cognitiva"", ""evidence"": ""facilità di ricerca e aiuto, che possono sfociare in un abuso dell'IA con diminuzione di autonomia e iniziativa"", ""reason"": ""Il partecipante evidenzia il rischio di abuso e perdita di autonomia.""}]",0.95,La risposta elenca esplicitamente sia pro che contro.
studenti_ibba03.md,Ibba03,Studenti,studenti,7,"In base alla tua esperiezia, quali sono i pro e i contro dell'uso dell'intelligenza artificiale nello studio?","i pro principale è la riduzione del carico di lavoro e quindi un’ottimizzazione dei tempi, non trovo contro al momento",solo_pro,1,0,efficienza_tempo,,"[{""category"": ""efficienza_tempo"", ""evidence"": ""riduzione del carico di lavoro e quindi un'ottimizzazione dei tempi"", ""reason"": ""Il partecipante cita esplicitamente il risparmio di tempo e l'ottimizzazione come vantaggio principale.""}]",[],1.0,La risposta elenca un unico pro e nega la presenza di contro.
studenti_ieco10.md,IECO10,Studenti,studenti,8,"In base alla tua esperiezia, quali sono i pro e i contro dell'uso dell'intelligenza artificiale nello studio?","contro :alcune persone fanno abuso dell’IA, pro: può essere uno strumento utile che velocizza lo studio",misto,1,1,efficienza_tempo,dipendenza,"[{""category"": ""efficienza_tempo"", ""evidence"": ""velocizza lo studio"", ""reason"": ""Il partecipante evidenzia la capacità dell'IA di accelerare il processo di studio.""}]","[{""category"": ""dipendenza"", ""evidence"": ""alcune persone fanno abuso dell’IA"", ""reason"": ""Il partecipante segnala il rischio di un uso eccessivo o improprio da parte di alcuni utenti.""}]",0.9,La risposta elenca esplicitamente un pro e un contro.
studenti_ieri-06.md,ieri 06,Studenti,studenti,8,"In base alla tua esperiezia, quali sono i pro e i contro dell'uso dell'intelligenza artificiale nello studio?",pro perchè nel momento del bisogno mi aiuta,nessuno,0,0,,,[],[],0.0,Nessuna classificazione valida restituita dal modello.
studenti_ieri23.md,ieri23,Studenti,studenti,7,"In base alla tua esperiezia, quali sono i pro e i contro dell'uso dell'intelligenza artificiale nello studio?","pro: risparmiare tempo, avere spiegazioni specifiche, avere un aiuto nell’organizzazione; contro: si può andare incontro ad errori, informazioni errate",misto,3,2,efficienza_tempo|supporto_comprensione|autonomia_organizzazione,affidabilita_errori|affidabilita_errori,"[{""category"": ""efficienza_tempo"", ""evidence"": ""risparmio di tempo"", ""reason"": ""Il partecipante cita il risparmio di tempo come vantaggio.""}, {""category"": ""supporto_comprensione"", ""evidence"": ""avere spiegazioni specifiche"", ""reason"": ""Il partecipante indica che l'IA fornisce spiegazioni specifiche.""}, {""category"": ""autonomia_organizzazione"", ""evidence"": ""avere un aiuto nell'organizzazione"", ""reason"": ""Il partecipante segnala un aiuto nell'organizzazione come pro.""}]","[{""category"": ""affidabilita_errori"", ""evidence"": ""si può andare incontro ad errori"", ""reason"": ""Il partecipante evidenzia il rischio di commettere errori.""}, {""category"": ""affidabilita_errori"", ""evidence"": ""informazioni errate"", ""reason"": ""Il partecipante segnala la presenza di informazioni errate.""}]",0.95,La risposta elenca chiaramente tre benefici e due rischi specifici.
studenti_iesi19.md,IESI19,Studenti,studenti,3,"In base alla tua esperiezia, quali sono i pro e i contro dell'uso dell'intelligenza artificiale nello studio?",Pro: possono fare riassunti  Contro: si approfondisce di meno,misto,1,1,produzione_materiali,delega_cognitiva,"[{""category"": ""produzione_materiali"", ""evidence"": ""possono fare riassunti"", ""reason"": ""Il partecipante indica la capacità dell'IA di generare sintesi come vantaggio.""}]","[{""category"": ""delega_cognitiva"", ""evidence"": ""si approfondisce di meno"", ""reason"": ""Il partecipante segnala una riduzione dell'approfondimento come svantaggio.""}]",1.0,La risposta elenca esplicitamente un pro e un contro.
studenti_illi30.md,Illi30,Studenti,studenti,8,"In base alla tua esperiezia, quali sono i pro e i contro dell'uso dell'intelligenza artificiale nello studio?",I pro sono che accorcia il Tempo ed è precisa i contro sono che potrebbe smettere di farti studiare autonomamente,misto,1,1,efficienza_tempo,delega_cognitiva,"[{""category"": ""efficienza_tempo"", ""evidence"": ""accorcia il Tempo"", ""reason"": ""Il partecipante indica che l'IA riduce la durata delle attività di studio.""}]","[{""category"": ""delega_cognitiva"", ""evidence"": ""potrebbe smettere di farti studiare autonomamente"", ""reason"": ""Il partecipante segnala il rischio di perdita di autonomia nello studio.""}]",0.9,La risposta elenca esplicitamente un vantaggio (tempo) e uno svantaggio (autonomia).
studenti_illo24.md,illo24,Studenti,studenti,8,"In base alla tua esperiezia, quali sono i pro e i contro dell'uso dell'intelligenza artificiale nello studio?",I pro sono che sicuramente aiuta a sintetizzare rendendo più veloce lo studio e l'apprendimento ma i contro possono essere ad esempio la completa sostituzione dell'intelligenza artificiale che ostacola l'apprendimento,nessuno,0,0,,,[],[],0.0,Nessuna classificazione valida restituita dal modello.
studenti_ina06.md,Ina06,Studenti,studenti,3,"In base alla tua esperiezia, quali sono i pro e i contro dell'uso dell'intelligenza artificiale nello studio?","Contro: semplifica di molto il livello di approfondimento, appiattisce l’indagine critica e gli studenti tendono ad affidarsi troppo all’IA Pro: può essere utile per integrare delle informazioni ed elaborare in modo più esaustivo dei contenuti carenti",misto,1,1,supporto_comprensione,delega_cognitiva,"[{""category"": ""supporto_comprensione"", ""evidence"": ""può essere utile per integrare delle informazioni ed elaborare in modo più esaustivo dei contenuti carenti"", ""reason"": ""L'IA aiuta a colmare lacune conoscitive e a sviluppare contenuti.""}]","[{""category"": ""delega_cognitiva"", ""evidence"": ""semplifica di molto il livello di approfondimento, appiattisce l’indagine critica e gli studenti tendono ad affidarsi troppo all’IA"", ""reason"": ""L'uso dell'IA riduce la profondità dell'analisi e favorisce una dipendenza eccessiva.""}]",0.95,La risposta elenca esplicitamente sia un vantaggio (integrazione informazioni) sia uno svantaggio (appiattimento critica).
studenti_inno09.md,Inno09,Studenti,studenti,3,"In base alla tua esperiezia, quali sono i pro e i contro dell'uso dell'intelligenza artificiale nello studio?",I pro sono che lo studente ha maggiori mezzi di studio e approfondimenti  I contro sono che l’IA potrebbe sostituire lo studente rendendolo impreparato,misto,1,1,ricerca_informazioni,delega_cognitiva,"[{""category"": ""ricerca_informazioni"", ""evidence"": ""maggiori mezzi di studio e approfondimenti"", ""reason"": ""Il partecipante indica che l'IA offre più risorse per lo studio.""}]","[{""category"": ""delega_cognitiva"", ""evidence"": ""l'IA potrebbe sostituire lo studente rendendolo impreparato"", ""reason"": ""Il partecipante segnala il rischio di sostituzione del ruolo dello studente e perdita di preparazione.""}]",0.9,La risposta elenca sia un vantaggio (approfondimenti) sia un rischio (sostituzione).
studenti_inti23.md,inti23,Studenti,studenti,7,"In base alla tua esperiezia, quali sono i pro e i contro dell'uso dell'intelligenza artificiale nello studio?",pro semplifica tutto e risparmi tempo contro non apprendi,misto,1,1,efficienza_tempo,delega_cognitiva,"[{""category"": ""efficienza_tempo"", ""evidence"": ""semplifica tutto e risparmi tempo"", ""reason"": ""Il partecipante evidenzia il risparmio di tempo come vantaggio.""}]","[{""category"": ""delega_cognitiva"", ""evidence"": ""non apprendi"", ""reason"": ""Il partecipante segnala che l'uso dell'IA impedisce l'apprendimento.""}]",0.9,La risposta elenca esplicitamente un pro e un contro.
studenti_inzi03.md,Inzi03,Studenti,studenti,8,"In base alla tua esperiezia, quali sono i pro e i contro dell'uso dell'intelligenza artificiale nello studio?",Pro che aiuta contro che poi non pensiamo tanto piu,nessuno,0,0,,,[],[],0.0,Nessuna classificazione valida restituita dal modello.
studenti_iola13.md,Iola13,Studenti,studenti,3,"In base alla tua esperiezia, quali sono i pro e i contro dell'uso dell'intelligenza artificiale nello studio?",Non ho tanta esperienza,nessuno,0,0,,,[],[],0.9,"Il partecipante dichiara di non avere esperienza, rendendo impossibile identificare pro o contro specifici."
studenti_ioni10.md,ioni10,Studenti,studenti,2,"In base alla tua esperiezia, quali sono i pro e i contro dell'uso dell'intelligenza artificiale nello studio?","L'IA può aiutare a migliorare le nostre capacità e  e conoscenze ed aiutarci nelle difficoltà, tuttavia impoverisce le nostre proprietà di linguaggio, il nostro modo di esprimerci, il nostro sforzo di pensare in modo critico e le nostre conoscenze.",misto,1,2,supporto_comprensione,delega_cognitiva|dipendenza,"[{""category"": ""supporto_comprensione"", ""evidence"": ""aiutare a migliorare le nostre capacità e conoscenze ed aiutarci nelle difficoltà"", ""reason"": ""Il partecipante indica che l'IA aiuta a migliorare capacità e conoscenze e a superare difficoltà.""}]","[{""category"": ""delega_cognitiva"", ""evidence"": ""impoverisce le nostre proprietà di linguaggio, il nostro modo di esprimerci, il nostro sforzo di pensare in modo critico"", ""reason"": ""Il partecipante segnala che l'IA impoverisce le proprietà linguistiche, il modo di esprimersi e lo sforzo critico.""}, {""category"": ""dipendenza"", ""evidence"": ""impoverisce le nostre proprietà di linguaggio, il nostro modo di esprimerci, il nostro sforzo di pensare in modo critico e le nostre conoscenze"", ""reason"": ""Il partecipante suggerisce che l'uso dell'IA porta a una perdita delle proprie conoscenze e capacità cognitive.""}]",0.95,La risposta elenca esplicitamente sia un beneficio (miglioramento capacità) sia dei rischi (impoverimento proprietà linguistiche e critiche).
studenti_ioni10_2.md,ioni10,Studenti,studenti,2,"In base alla tua esperiezia, quali sono i pro e i contro dell'uso dell'intelligenza artificiale nello studio?","L'IA può aiutare a migliorare le nostre capacità e  e conoscenze ed aiutarci nelle difficoltà, tuttavia impoverisce le nostre proprietà di linguaggio, il nostro modo di esprimerci, il nostro sforzo di pensare in modo critico e le nostre conoscenze.",misto,1,2,supporto_comprensione,delega_cognitiva|dipendenza,"[{""category"": ""supporto_comprensione"", ""evidence"": ""aiutare a migliorare le nostre capacità e conoscenze ed aiutarci nelle difficoltà"", ""reason"": ""Il partecipante indica che l'IA aiuta a migliorare capacità e conoscenze e a superare difficoltà.""}]","[{""category"": ""delega_cognitiva"", ""evidence"": ""impoverisce le nostre proprietà di linguaggio, il nostro modo di esprimerci, il nostro sforzo di pensare in modo critico"", ""reason"": ""Il partecipante segnala che l'IA impoverisce il linguaggio, l'espressione e lo sforzo critico.""}, {""category"": ""dipendenza"", ""evidence"": ""impoverisce le nostre proprietà di linguaggio, il nostro modo di esprimerci, il nostro sforzo di pensare in modo critico e le nostre conoscenze"", ""reason"": ""Il partecipante suggerisce che l'uso dell'IA porta a una perdita di conoscenze autonome.""}]",0.95,La risposta elenca esplicitamente sia un beneficio (miglioramento capacità) sia dei rischi (impoverimento proprietà linguistiche e critiche).
studenti_ioni25.md,Ioni25,Studenti,studenti,8,"In base alla tua esperiezia, quali sono i pro e i contro dell'uso dell'intelligenza artificiale nello studio?","I pro sono molti: ricerca immediata di informazioni, la multifunzionalità del mezzo. I contro sono: maggiore inquinamento, utilizzo inappropriato dello strumento, aumento della “pigrizia” mentale se utilizzato erroneamente.",nessuno,0,0,,,[],[],0.0,Nessuna classificazione valida restituita dal modello.
studenti_iosi26.md,iosi26,Studenti,studenti,8,"In base alla tua esperiezia, quali sono i pro e i contro dell'uso dell'intelligenza artificiale nello studio?","Agevola la mole di studio se usata correttamente, d'altra parte puo' sostituire l'impegno, caratteristica dell'essere umano",nessuno,0,0,,,[],[],0.0,Nessuna classificazione valida restituita dal modello.
studenti_ippa03.md,ippa03,Studenti,studenti,7,"In base alla tua esperiezia, quali sono i pro e i contro dell'uso dell'intelligenza artificiale nello studio?",i pro è che abbreviò i temi e ricevo molte informazioni necessarie i contro che magri a volte le info sono sbagliate,misto,2,1,efficienza_tempo|ricerca_informazioni,affidabilita_errori,"[{""category"": ""efficienza_tempo"", ""evidence"": ""abbreviò i temi"", ""reason"": ""Il partecipante indica che l'IA riduce il tempo necessario per elaborare i temi.""}, {""category"": ""ricerca_informazioni"", ""evidence"": ""ricevo molte informazioni necessarie"", ""reason"": ""Il partecipante segnala l'accesso rapido a molte informazioni utili.""}]","[{""category"": ""affidabilita_errori"", ""evidence"": ""magri a volte le info sono sbagliate"", ""reason"": ""Il partecipante evidenzia il rischio di ricevere informazioni errate.""}]",0.9,La risposta elenca esplicitamente sia un vantaggio (risparmio tempo/info) sia uno svantaggio (info sbagliate).
studenti_ippa04.md,IPPA04,Studenti,studenti,7,"In base alla tua esperiezia, quali sono i pro e i contro dell'uso dell'intelligenza artificiale nello studio?",I pro sono: - l'infrastruttura esterna che ti porta a una conoscenza più ampia; - lo studio più lineare e in focus.  I contro sono: - rischio di diventare dipendenti; - risposte non sempre corrette.,misto,2,2,ricerca_informazioni|autonomia_organizzazione,dipendenza|affidabilita_errori,"[{""category"": ""ricerca_informazioni"", ""evidence"": ""l'infrastruttura esterna che ti porta a una conoscenza più ampia"", ""reason"": ""Il partecipante cita l'espansione della conoscenza come vantaggio.""}, {""category"": ""autonomia_organizzazione"", ""evidence"": ""studio più lineare e in focus"", ""reason"": ""Il partecipante indica un miglioramento dell'organizzazione e della focalizzazione dello studio.""}]","[{""category"": ""dipendenza"", ""evidence"": ""rischio di diventare dipendenti"", ""reason"": ""Il partecipante segnala il rischio di dipendenza dall'IA.""}, {""category"": ""affidabilita_errori"", ""evidence"": ""risposte non sempre corrette"", ""reason"": ""Il partecipante evidenzia l'insufficienza di accuratezza delle risposte fornite.""}]",0.95,La risposta elenca esplicitamente due benefici e due rischi specifici.
studenti_isto14.md,isto14,Studenti,studenti,3,"In base alla tua esperiezia, quali sono i pro e i contro dell'uso dell'intelligenza artificiale nello studio?",sicuramente può facilitare il processo di studio ma anche alimentare la pigrizia,misto,1,1,efficienza_tempo,delega_cognitiva,"[{""category"": ""efficienza_tempo"", ""evidence"": ""facilitare il processo di studio"", ""reason"": ""Il partecipante indica che l'IA rende più agevole lo studio.""}]","[{""category"": ""delega_cognitiva"", ""evidence"": ""alimentare la pigrizia"", ""reason"": ""Il partecipante segnala che l'IA può portare a una minore applicazione mentale.""}]",0.95,La risposta elenca esplicitamente un vantaggio ('facilitare') e uno svantaggio ('pigrizia').
studenti_itti17.md,Itti17,Studenti,studenti,3,"In base alla tua esperiezia, quali sono i pro e i contro dell'uso dell'intelligenza artificiale nello studio?",Pro: approfondire tematiche  Contro: ridotto impegno personale,misto,1,1,supporto_comprensione,delega_cognitiva,"[{""category"": ""supporto_comprensione"", ""evidence"": ""approfondire tematiche"", ""reason"": ""Il partecipante indica che l'IA aiuta a comprendere meglio argomenti complessi.""}]","[{""category"": ""delega_cognitiva"", ""evidence"": ""ridotto impegno personale"", ""reason"": ""Il partecipante segnala che l'uso dell'IA porta a un calo dell'impegno nello studio.""}]",0.9,La risposta elenca esplicitamente un pro e un contro.
studenti_itti19.md,Itti19,Studenti,studenti,3,"In base alla tua esperiezia, quali sono i pro e i contro dell'uso dell'intelligenza artificiale nello studio?","Io credo che dipenda molto dall’uso che se ne fa, se la si usa per chiedere chiarimenti su un qualcosa che magari per noi è poco chiaro, può essere utile, ma se viene utilizzata per sostituirci e fargli fare le cose al posto nostro nell’ambito dello studio ad esempio, o nello scrivere testi, secondo me risulta essere un assoluto contro",misto,1,1,supporto_comprensione,delega_cognitiva,"[{""category"": ""supporto_comprensione"", ""evidence"": ""se la si usa per chiedere chiarimenti su un qualcosa che magari per noi è poco chiaro, può essere utile"", ""reason"": ""Il partecipante indica che l'IA è utile per ottenere chiarimenti su argomenti poco chiari.""}]","[{""category"": ""delega_cognitiva"", ""evidence"": ""se viene utilizzata per sostituirci e fargli fare le cose al posto nostro nell'ambito dello studio ad esempio, o nello scrivere testi"", ""reason"": ""Il partecipante segnala che l'uso dell'IA per sostituire lo studente nello studio o nella scrittura è un contro.""}]",0.95,La risposta elenca esplicitamente un vantaggio (chiarimenti) e uno svantaggio (sostituzione/delega).
studenti_izzi02.md,Izzi02,Studenti,studenti,8,"In base alla tua esperiezia, quali sono i pro e i contro dell'uso dell'intelligenza artificiale nello studio?","I pro sono la facilità di fruizione, i contro e che ora non si può far senza!",nessuno,0,0,,,[],[],0.0,Nessuna classificazione valida restituita dal modello.
studenti_izzo20.md,izzo20,Studenti,studenti,7,"In base alla tua esperiezia, quali sono i pro e i contro dell'uso dell'intelligenza artificiale nello studio?","i pro l’aiuto nello spiegare argomenti non chiari, i contro l’utilizzo eccessivo per produrre anche testi",misto,1,1,supporto_comprensione,delega_cognitiva,"[{""category"": ""supporto_comprensione"", ""evidence"": ""aiuto nello spiegare argomenti non chiari"", ""reason"": ""Il partecipante indica che l'IA aiuta a chiarire concetti difficili.""}]","[{""category"": ""delega_cognitiva"", ""evidence"": ""utilizzo eccessivo per produrre anche testi"", ""reason"": ""Il partecipante segnala il rischio di un uso eccessivo dell'IA per la produzione di testi, implicando una delega del compito cognitivo.""}]",0.9,La risposta elenca esplicitamente un pro (spiegazione argomenti) e un contro (uso eccessivo produzione testi).
studenti_joka26.md,joka26,Studenti,studenti,2,"In base alla tua esperiezia, quali sono i pro e i contro dell'uso dell'intelligenza artificiale nello studio?",i pro posso essere che ti auita a fare le mappe su quell argomento e i contro possono essere fai tutto senza imparare niente,misto,1,1,produzione_materiali,delega_cognitiva,"[{""category"": ""produzione_materiali"", ""evidence"": ""aiuta a fare le mappe su quell argomento"", ""reason"": ""Il partecipante indica che l'IA facilita la creazione di mappe concettuali.""}]","[{""category"": ""delega_cognitiva"", ""evidence"": ""fai tutto senza imparare niente"", ""reason"": ""Il partecipante segnala il rischio di delegare completamente il lavoro senza acquisire conoscenze.""}]",0.9,La risposta elenca esplicitamente un vantaggio (creazione mappe) e uno svantaggio (mancanza di apprendimento).
studenti_kera01.md,kera01,Studenti,studenti,7,"In base alla tua esperiezia, quali sono i pro e i contro dell'uso dell'intelligenza artificiale nello studio?",pro= velocità e chiarezza  contro= alcune funzioni sono a pagamento,misto,2,1,efficienza_tempo|supporto_comprensione,disuguaglianze,"[{""category"": ""efficienza_tempo"", ""evidence"": ""velocità"", ""reason"": ""Il partecipante cita la velocità come vantaggio.""}, {""category"": ""supporto_comprensione"", ""evidence"": ""chiarezza"", ""reason"": ""Il partecipante cita la chiarezza come vantaggio.""}]","[{""category"": ""disuguaglianze"", ""evidence"": ""alcune funzioni sono a pagamento"", ""reason"": ""Il partecipante segnala che l'accesso a tutte le funzionalità è limitato da costi.""}]",1.0,La risposta elenca esplicitamente sia pro che contro.
studenti_lachi02.md,Lachi02,Studenti,studenti,7,"In base alla tua esperiezia, quali sono i pro e i contro dell'uso dell'intelligenza artificiale nello studio?",Pro ottimizzazione tempo  Contro impigrimento mentale,misto,1,1,efficienza_tempo,delega_cognitiva,"[{""category"": ""efficienza_tempo"", ""evidence"": ""ottimizzazione tempo"", ""reason"": ""Il partecipante cita l'ottimizzazione del tempo come vantaggio.""}]","[{""category"": ""delega_cognitiva"", ""evidence"": ""impigrimento mentale"", ""reason"": ""Il partecipante segnala che l'uso dell'IA porta a un impigrimento mentale.""}]",0.95,La risposta elenca esplicitamente un pro e un contro.
studenti_laia07.md,laia07,Studenti,studenti,7,"In base alla tua esperiezia, quali sono i pro e i contro dell'uso dell'intelligenza artificiale nello studio?",Pro: facilità le ricerche  Contro: si rischia di delegare troppo all' IA,misto,1,1,ricerca_informazioni,delega_cognitiva,"[{""category"": ""ricerca_informazioni"", ""evidence"": ""facilità le ricerche"", ""reason"": ""Il partecipante indica che l'IA facilita il processo di ricerca.""}]","[{""category"": ""delega_cognitiva"", ""evidence"": ""si rischia di delegare troppo all' IA"", ""reason"": ""Il partecipante segnala il rischio di eccessiva dipendenza dall'IA.""}]",0.95,La risposta elenca esplicitamente un pro e un contro.
studenti_lani31.md,lani31,Studenti,studenti,3,"In base alla tua esperiezia, quali sono i pro e i contro dell'uso dell'intelligenza artificiale nello studio?",I contro consistono in un impoverimento complessivo delle capacità cognitive umane,solo_contro,0,1,,delega_cognitiva,[],"[{""category"": ""delega_cognitiva"", ""evidence"": ""impoverimento complessivo delle capacità cognitive umane"", ""reason"": ""Il partecipante evidenzia un rischio legato alla perdita di capacità cognitive.""}]",0.95,La risposta menziona esclusivamente un contro.
studenti_lico31.md,lico31,Studenti,studenti,3,"In base alla tua esperiezia, quali sono i pro e i contro dell'uso dell'intelligenza artificiale nello studio?",possono aiutare nella semplifiazione ma a mio parere possono anche confondere i materiali oltre ad un certo margine di errore che possono commettere. un contro nell'utilizzo è il propt che deve essere quello giusto affinche si possa ottenere quel che si vuole.,misto,1,3,supporto_comprensione,affidabilita_errori|delega_cognitiva|autonomia_organizzazione,"[{""category"": ""supporto_comprensione"", ""evidence"": ""possono aiutare nella semplifiazione"", ""reason"": ""Il partecipante indica che l'IA facilita la semplificazione dei contenuti.""}]","[{""category"": ""affidabilita_errori"", ""evidence"": ""oltre ad un certo margine di errore che possono commettere"", ""reason"": ""Il partecipante evidenzia la presenza di errori commessi dall'IA.""}, {""category"": ""delega_cognitiva"", ""evidence"": ""possono anche confondere i materiali"", ""reason"": ""Il partecipante suggerisce che l'uso dell'IA può portare a confusione e perdita di chiarezza nei materiali.""}, {""category"": ""autonomia_organizzazione"", ""evidence"": ""il propt che deve essere quello giusto affinche si possa ottenere quel che si vuole"", ""reason"": ""Il partecipante sottolinea la necessità di un prompt specifico, implicando una dipendenza dalla precisione dell'input da parte dell'utente.""}]",0.9,"La risposta elenca sia un beneficio (semplificazione) sia diversi rischi (errori, confusione, dipendenza dal prompt)."
studenti_liev17.md,liev17,Studenti,studenti,7,"In base alla tua esperiezia, quali sono i pro e i contro dell'uso dell'intelligenza artificiale nello studio?",secondo me che non siamo più autonomi e ci focalizziamo troppo sull’intelligenza artificiale che non abbiamo un nostro modo di pensare,solo_contro,0,3,,dipendenza|delega_cognitiva|delega_cognitiva,[],"[{""category"": ""dipendenza"", ""evidence"": ""non siamo più autonomi"", ""reason"": ""Il partecipante afferma che l'uso dell'IA riduce l'autonomia degli studenti.""}, {""category"": ""delega_cognitiva"", ""evidence"": ""ci focalizziamo troppo sull'intelligenza artificiale"", ""reason"": ""Il partecipante segnala un'eccessiva focalizzazione sull'IA a discapito del pensiero proprio.""}, {""category"": ""delega_cognitiva"", ""evidence"": ""non abbiamo un nostro modo di pensare"", ""reason"": ""Il partecipante indica la perdita della capacità di pensiero autonomo.""}]",0.95,La risposta elenca esclusivamente svantaggi legati alla perdita di autonomia e pensiero critico.
studenti_lini16.md,Lini16,Studenti,studenti,3,"In base alla tua esperiezia, quali sono i pro e i contro dell'uso dell'intelligenza artificiale nello studio?",contro: solo utilizzo dell’intelligenza artificiale per svolgere il 100% dei xompiti,nessuno,0,0,,,[],[],0.0,Nessuna classificazione valida restituita dal modello.
studenti_lini16_2.md,Lini16,Studenti,studenti,3,"In base alla tua esperiezia, quali sono i pro e i contro dell'uso dell'intelligenza artificiale nello studio?",contro: solo utilizzo dell’intelligenza artificiale per svolgere il 100% dei xompiti,solo_contro,0,1,,delega_cognitiva,[],"[{""category"": ""delega_cognitiva"", ""evidence"": ""solo utilizzo dell’intelligenza artificiale per svolgere il 100% dei xompiti"", ""reason"": ""Il partecipante evidenzia il rischio di un uso esclusivo dell'IA per tutti i compiti, implicando una totale delega.""}]",0.95,La risposta elenca esclusivamente un contro (uso al 100% dei compiti).
studenti_lini16_3.md,Lini16,Studenti,studenti,3,"In base alla tua esperiezia, quali sono i pro e i contro dell'uso dell'intelligenza artificiale nello studio?",contro: solo utilizzo dell’intelligenza artificiale per svolgere il 100% dei xompiti,nessuno,0,0,,,[],[],0.0,Nessuna classificazione valida restituita dal modello.
studenti_livi06.md,livi06,Studenti,studenti,7,"In base alla tua esperiezia, quali sono i pro e i contro dell'uso dell'intelligenza artificiale nello studio?","Non sempre le informazioni sono corrette, bisogna sempre avere un’occhio critico. Questo è sia un pro che un contro, perché almeno ti porta a verificare sempre le informazioni e non adagiarsi sul fatto di avere immediatamente la risposta. L’uso dell’Ai può essere utile, l’abuso porta all’impigrimento più totale e ignoranza. Non sempre esiste una sola risposta a un problema, la verità assoluta non ce l’ha nessuno",misto,1,2,autonomia_organizzazione,affidabilita_errori|delega_cognitiva,"[{""category"": ""autonomia_organizzazione"", ""evidence"": ""almeno ti porta a verificare sempre le informazioni"", ""reason"": ""L'uso dell'IA stimola la verifica delle informazioni, favorendo l'autonomia.""}]","[{""category"": ""affidabilita_errori"", ""evidence"": ""Non sempre le informazioni sono corrette"", ""reason"": ""L'IA può fornire informazioni errate, richiedendo un controllo critico.""}, {""category"": ""delega_cognitiva"", ""evidence"": ""l'abuso porta all'impigrimento più totale e ignoranza"", ""reason"": ""Un uso eccessivo porta all'impigrimento e alla perdita di conoscenze.""}]",0.9,La risposta elenca sia un vantaggio (stimolo alla verifica) sia rischi (errori e impigrimento).
studenti_lman28.md,Lman28,Studenti,studenti,7,"In base alla tua esperiezia, quali sono i pro e i contro dell'uso dell'intelligenza artificiale nello studio?","Pro: aiuto sostanziale  contro: forse c’è una semplificazione del lavoro, l’impegno è fortemente ridotto.",misto,1,2,efficienza_tempo,delega_cognitiva|delega_cognitiva,"[{""category"": ""efficienza_tempo"", ""evidence"": ""aiuto sostanziale"", ""reason"": ""Il partecipante indica che l'IA fornisce un aiuto sostanziale.""}]","[{""category"": ""delega_cognitiva"", ""evidence"": ""forse c'è una semplificazione del lavoro"", ""reason"": ""Il partecipante teme che l'IA semplifichi eccessivamente il lavoro.""}, {""category"": ""delega_cognitiva"", ""evidence"": ""l'impegno è fortemente ridotto"", ""reason"": ""Il partecipante segnala una forte riduzione dell'impegno personale.""}]",0.9,La risposta elenca esplicitamente un pro e due contro.
studenti_lova26.md,Lova26,Studenti,studenti,8,"In base alla tua esperiezia, quali sono i pro e i contro dell'uso dell'intelligenza artificiale nello studio?",Rende lo studio dinamico e veloce ma al contempo puó evitare un impegno approfondito personale,misto,1,1,efficienza_tempo,delega_cognitiva,"[{""category"": ""efficienza_tempo"", ""evidence"": ""Rende lo studio dinamico e veloce"", ""reason"": ""Il partecipante evidenzia la velocità e la dinamicità come vantaggi.""}]","[{""category"": ""delega_cognitiva"", ""evidence"": ""puó evitare un impegno approfondito personale"", ""reason"": ""Il partecipante segnala il rischio di ridurre l'impegno personale e l'approfondimento.""}]",0.9,La risposta elenca esplicitamente un vantaggio (velocità) e uno svantaggio (mancanza di impegno approfondito).
studenti_lupi31.md,Lupi31,Studenti,studenti,2,"In base alla tua esperiezia, quali sono i pro e i contro dell'uso dell'intelligenza artificiale nello studio?","L’intelligenza artificiale può comportare ripercussioni positive o negative, in base all’utilizzo che si fa di essa. Può essere utile per amplificare le conoscenze o approfondire un argomento, ma sempre nei limiti, facendo in modo che non vada a sostituire i libri cartacei.",misto,1,1,supporto_comprensione,riduzione_relazione,"[{""category"": ""supporto_comprensione"", ""evidence"": ""Può essere utile per amplificare le conoscenze o approfondire un argomento"", ""reason"": ""Il partecipante indica che l'IA aiuta ad amplificare le conoscenze e approfondire gli argomenti.""}]","[{""category"": ""riduzione_relazione"", ""evidence"": ""facendo in modo che non vada a sostituire i libri cartacei"", ""reason"": ""Il partecipante esprime il rischio che l'IA sostituisca i libri cartacei, riducendo l'interazione con fonti tradizionali.""}]",0.9,La risposta elenca esplicitamente sia un beneficio (amplificare conoscenze) sia un rischio (sostituire i libri cartacei).
studenti_magost.md,magost,Studenti,studenti,7,"In base alla tua esperiezia, quali sono i pro e i contro dell'uso dell'intelligenza artificiale nello studio?","I pro che spesso riesce a “semplificare” lo studio per certi aspetti, i contro che non sempre la reputo affidabile",misto,1,1,efficienza_tempo,affidabilita_errori,"[{""category"": ""efficienza_tempo"", ""evidence"": ""semplificare lo studio"", ""reason"": ""Il partecipante indica che l'IA semplifica lo studio, implicando un guadagno di efficienza.""}]","[{""category"": ""affidabilita_errori"", ""evidence"": ""non sempre la reputo affidabile"", ""reason"": ""Il partecipante esprime dubbi sulla capacità dell'IA di fornire informazioni corrette.""}]",0.9,La risposta elenca esplicitamente un pro (semplificazione) e un contro (mancanza di affidabilità).
studenti_mano06.md,mano06,Studenti,studenti,2,"In base alla tua esperiezia, quali sono i pro e i contro dell'uso dell'intelligenza artificiale nello studio?",Non vi sono pro,solo_contro,0,1,,altro,[],"[{""category"": ""altro"", ""evidence"": ""Non vi sono pro"", ""reason"": ""Il partecipante nega l'esistenza di qualsiasi vantaggio, implicando un giudizio negativo o neutro assoluto sull'uso dell'IA.""}]",0.9,"La risposta afferma esplicitamente l'assenza di pro, indicando una posizione prevalentemente negativa o neutra."
studenti_mar1946.md,Mar1946,Studenti,studenti,3,"In base alla tua esperiezia, quali sono i pro e i contro dell'uso dell'intelligenza artificiale nello studio?","Presumo che aiuti nella ricerca e consultazione delle informazioni, specialmente in caso di enormi quantità di dati, ma occorre fare attenzione alla veridicità di tali informazione e serve conoscere i termini di condizioni di utilizzo per tutelare la propria privacy",misto,1,2,ricerca_informazioni,affidabilita_errori|privacy_etica,"[{""category"": ""ricerca_informazioni"", ""evidence"": ""aiuti nella ricerca e consultazione delle informazioni"", ""reason"": ""Il partecipante indica che l'IA facilita la ricerca e la consultazione, specialmente con grandi quantità di dati.""}]","[{""category"": ""affidabilita_errori"", ""evidence"": ""occorre fare attenzione alla veridicità di tali informazione"", ""reason"": ""Il partecipante evidenzia il rischio di informazioni non veritiere.""}, {""category"": ""privacy_etica"", ""evidence"": ""serve conoscere i termini di condizioni di utilizzo per tutelare la propria privacy"", ""reason"": ""Il partecipante sottolinea la necessità di tutelare la privacy attraverso la conoscenza dei termini di servizio.""}]",0.95,La risposta elenca esplicitamente un vantaggio nella ricerca e due svantaggi legati all'affidabilità e alla privacy.
studenti_masu24.md,masu24,Studenti,studenti,8,"In base alla tua esperiezia, quali sono i pro e i contro dell'uso dell'intelligenza artificiale nello studio?",pro aiuta ad avere un modo di parlare più sicuro contro può farti sbagliare,nessuno,0,0,,,[],[],0.0,Nessuna classificazione valida restituita dal modello.
studenti_masè05.md,Masè05,Studenti,studenti,3,"In base alla tua esperiezia, quali sono i pro e i contro dell'uso dell'intelligenza artificiale nello studio?",Pro:se usati correttamente sono molto utili Contro:molto spesso non vengono usati in modo corretto come ad esempio copiare,misto,1,1,efficienza_tempo,plagio_autorialita,"[{""category"": ""efficienza_tempo"", ""evidence"": ""se usati correttamente sono molto utili"", ""reason"": ""Il partecipante indica che l'IA è utile quando usata correttamente.""}]","[{""category"": ""plagio_autorialita"", ""evidence"": ""come ad esempio copiare"", ""reason"": ""Il partecipante cita l'uso improprio dell'IA per copiare come contro.""}]",0.9,La risposta elenca sia un pro (utilità) sia un contro (copiare).
studenti_mata06.md,mata06,Studenti,studenti,7,"In base alla tua esperiezia, quali sono i pro e i contro dell'uso dell'intelligenza artificiale nello studio?",I pro sono la velocità con cui l’AI ti fa ricapitare le informazioni che ti servono mentre i contro sono la passività e poca accuratezza a volte che i testi presentano.,misto,1,2,efficienza_tempo,affidabilita_errori|delega_cognitiva,"[{""category"": ""efficienza_tempo"", ""evidence"": ""velocità con cui l’AI ti fa ricapitare le informazioni"", ""reason"": ""Il partecipante evidenzia il vantaggio della rapidità nell'accesso alle informazioni.""}]","[{""category"": ""affidabilita_errori"", ""evidence"": ""poca accuratezza a volte che i testi presentano"", ""reason"": ""Il partecipante segnala il rischio di imprecisioni nei contenuti generati.""}, {""category"": ""delega_cognitiva"", ""evidence"": ""passività"", ""reason"": ""Il partecipante indica che l'uso dell'IA può indurre uno stato passivo nello studio.""}]",0.95,"La risposta elenca esplicitamente un pro (velocità) e due contro (passività, inaccuratezza)."
studenti_mati29.md,mati29,Studenti,studenti,7,"In base alla tua esperiezia, quali sono i pro e i contro dell'uso dell'intelligenza artificiale nello studio?","I pro riguardano una maggior velocità di comprensione, lettura e analisi delle informazioni, nonché di una possibilità di confronto e arricchimento sempre possibile. I contro che noto è che si sfocia facilmente in forme di passività e pigrizia mentale che risultano controproducenti per lo studio e per lo sviluppo di quel pensiero critico che è necessario per diventare davvero padroni delle nozioni. Se usata impropriamente, non aiuta a ragionare ma ‘ragiona al tuo posto’.",misto,2,2,efficienza_tempo|supporto_comprensione,delega_cognitiva|delega_cognitiva,"[{""category"": ""efficienza_tempo"", ""evidence"": ""maggior velocità di comprensione, lettura e analisi delle informazioni"", ""reason"": ""Il partecipante evidenzia il vantaggio della rapidità nell'elaborazione dei dati.""}, {""category"": ""supporto_comprensione"", ""evidence"": ""possibilità di confronto e arricchimento sempre possibile"", ""reason"": ""L'IA offre opportunità continue di confronto e ampliamento delle conoscenze.""}]","[{""category"": ""delega_cognitiva"", ""evidence"": ""si sfocia facilmente in forme di passività e pigrizia mentale"", ""reason"": ""L'uso dell'IA può portare a una riduzione dell'impegno attivo e della pigrizia mentale.""}, {""category"": ""delega_cognitiva"", ""evidence"": ""non aiuta a ragionare ma 'ragiona al tuo posto'"", ""reason"": ""Il partecipante segnala il rischio di delegare il processo di ragionamento all'IA, ostacolando lo sviluppo del pensiero critico.""}]",0.95,La risposta elenca chiaramente sia i vantaggi operativi e cognitivi sia i rischi legati alla passività e alla perdita di autonomia nel ragionamento.
studenti_mele08.md,Mele08,Studenti,studenti,8,"In base alla tua esperiezia, quali sono i pro e i contro dell'uso dell'intelligenza artificiale nello studio?",I pro che ti aiuta i contro ti potrebbe distrarre,nessuno,0,0,,,[],[],0.0,Nessuna classificazione valida restituita dal modello.
studenti_mena06.md,mena06,Studenti,studenti,8,"In base alla tua esperiezia, quali sono i pro e i contro dell'uso dell'intelligenza artificiale nello studio?","può semplificare concetti complessi ma può portare gli studenti ad essere più ""pigri"" per esempio nello scrivere testi",nessuno,0,0,,,[],[],0.0,Nessuna classificazione valida restituita dal modello.
studenti_mico26.md,mico26,Studenti,studenti,7,"In base alla tua esperiezia, quali sono i pro e i contro dell'uso dell'intelligenza artificiale nello studio?",Uno dei più grandi vantaggi è che è possibile velocizzare dei compiti che richiederebbero tanto tempo. Lo svantaggio è che l'uso della I. A. potrebbe portarci a non sviluppare determinate competenze di studio,misto,1,1,efficienza_tempo,delega_cognitiva,"[{""category"": ""efficienza_tempo"", ""evidence"": ""velocizzare dei compiti"", ""reason"": ""Il partecipante evidenzia la capacità di accelerare l'esecuzione dei compiti.""}]","[{""category"": ""delega_cognitiva"", ""evidence"": ""non sviluppare determinate competenze di studio"", ""reason"": ""Il partecipante segnala il rischio di non acquisire competenze fondamentali a causa dell'uso dell'IA.""}]",0.9,La risposta elenca esplicitamente un vantaggio (velocità) e uno svantaggio (mancanza di sviluppo competenze).
studenti_mili08.md,Mili08,Studenti,studenti,7,"In base alla tua esperiezia, quali sono i pro e i contro dell'uso dell'intelligenza artificiale nello studio?",Pro velocita  Contro impegno,misto,1,1,efficienza_tempo,delega_cognitiva,"[{""category"": ""efficienza_tempo"", ""evidence"": ""Pro velocita"", ""reason"": ""Il partecipante cita esplicitamente la velocità come vantaggio.""}]","[{""category"": ""delega_cognitiva"", ""evidence"": ""Contro impegno"", ""reason"": ""Il partecipante indica una riduzione dell'impegno come svantaggio.""}]",0.9,La risposta elenca sia un pro (velocità) sia un contro (impegno).
studenti_mone27.md,mone27,Studenti,studenti,7,"In base alla tua esperiezia, quali sono i pro e i contro dell'uso dell'intelligenza artificiale nello studio?",PRO: semplicizza alcuni temi e spiega in modo pratico. CONTRO: può ridurre il ragionamento e minimizzare l'applicazione nei compiti,misto,2,2,supporto_comprensione|efficienza_tempo,delega_cognitiva|delega_cognitiva,"[{""category"": ""supporto_comprensione"", ""evidence"": ""spiega in modo pratico"", ""reason"": ""Il partecipante evidenzia la capacità dell'IA di chiarire concetti complessi.""}, {""category"": ""efficienza_tempo"", ""evidence"": ""semplicizza alcuni temi"", ""reason"": ""Il partecipante indica che l'IA semplifica i contenuti, facilitando lo studio.""}]","[{""category"": ""delega_cognitiva"", ""evidence"": ""può ridurre il ragionamento"", ""reason"": ""Il partecipante segnala il rischio di una diminuzione delle capacità di pensiero critico.""}, {""category"": ""delega_cognitiva"", ""evidence"": ""minimizzare l'applicazione nei compiti"", ""reason"": ""Il partecipante nota che l'uso dell'IA potrebbe portare a un'applicazione superficiale dei compiti.""}]",0.9,"La risposta elenca esplicitamente sia vantaggi (semplicizzazione, spiegazione pratica) sia svantaggi (riduzione ragionamento, minimizzazione applicazione)."
studenti_moni30.md,Moni30,Studenti,studenti,8,"In base alla tua esperiezia, quali sono i pro e i contro dell'uso dell'intelligenza artificiale nello studio?",Contro facilità pro aiuti,misto,1,1,supporto_comprensione,delega_cognitiva,"[{""category"": ""supporto_comprensione"", ""evidence"": ""aiuti"", ""reason"": ""Il partecipante cita l'aspetto di aiuto come vantaggio.""}]","[{""category"": ""delega_cognitiva"", ""evidence"": ""facilità"", ""reason"": ""Il partecipante suggerisce che la facilità d'uso possa portare a una eccessiva dipendenza o delega.""}]",0.6,La risposta è molto sintetica ma contiene sia un termine positivo ('aiuti') sia uno negativo ('facilità') che implica un rischio.
studenti_more08.md,more08,Studenti,studenti,7,"In base alla tua esperiezia, quali sono i pro e i contro dell'uso dell'intelligenza artificiale nello studio?","si ottengono subito le informazioni che si chiedono senza ""perdere tempo"" nel cercare nei vari articoli",solo_pro,1,0,efficienza_tempo,,"[{""category"": ""efficienza_tempo"", ""evidence"": ""si ottengono subito le informazioni che si chiedono senza \""perdere tempo\"""", ""reason"": ""Il partecipante evidenzia il risparmio di tempo nella ricerca delle informazioni.""}]",[],0.9,La risposta menziona esclusivamente un vantaggio operativo.
studenti_musa30.md,Musa30,Studenti,studenti,7,"In base alla tua esperiezia, quali sono i pro e i contro dell'uso dell'intelligenza artificiale nello studio?","Fornisce nell’immediato informazioni, aiutando così a risparmiare tempo. Però può limitare le capacità produttive del soggetto.",misto,1,1,efficienza_tempo,delega_cognitiva,"[{""category"": ""efficienza_tempo"", ""evidence"": ""Fornisce nell'immediato informazioni, aiutando così a risparmiare tempo"", ""reason"": ""Il partecipante evidenzia il risparmio di tempo come vantaggio immediato.""}]","[{""category"": ""delega_cognitiva"", ""evidence"": ""Però può limitare le capacità produttive del soggetto"", ""reason"": ""Il partecipante segnala il rischio di limitazione delle capacità produttive individuali.""}]",0.9,La risposta esplicita sia un beneficio (risparmio tempo) che un rischio (limitazione capacità).
studenti_muto03.md,Muto03,Studenti,studenti,7,"In base alla tua esperiezia, quali sono i pro e i contro dell'uso dell'intelligenza artificiale nello studio?","Pro : tempo che può essere impiegato in altro modo sempre inerente allo studio , rendere più accessibile una ricerca.  Contro: delle volte inesattezze dovute alla ricerca che fa",misto,2,1,efficienza_tempo|ricerca_informazioni,affidabilita_errori,"[{""category"": ""efficienza_tempo"", ""evidence"": ""tempo che può essere impiegato in altro modo"", ""reason"": ""Il partecipante indica che l'IA libera tempo per altre attività di studio.""}, {""category"": ""ricerca_informazioni"", ""evidence"": ""rendere più accessibile una ricerca"", ""reason"": ""Il partecipante evidenzia come l'IA faciliti l'accesso alle informazioni.""}]","[{""category"": ""affidabilita_errori"", ""evidence"": ""inesattezze dovute alla ricerca che fa"", ""reason"": ""Il partecipante segnala il rischio di informazioni errate generate dall'IA.""}]",0.95,La risposta elenca esplicitamente un vantaggio (risparmio tempo/accessibilità) e uno svantaggio (inesattezze).
studenti_nani01.md,nani01,Studenti,studenti,7,"In base alla tua esperiezia, quali sono i pro e i contro dell'uso dell'intelligenza artificiale nello studio?",pro: mi aiuta a risparmiare tempo  contro: non mi fa esercitare nello svolgere gli esercizi,misto,1,1,efficienza_tempo,delega_cognitiva,"[{""category"": ""efficienza_tempo"", ""evidence"": ""mi aiuta a risparmiare tempo"", ""reason"": ""Il partecipante cita il risparmio di tempo come vantaggio.""}]","[{""category"": ""delega_cognitiva"", ""evidence"": ""non mi fa esercitare nello svolgere gli esercizi"", ""reason"": ""Il partecipante segnala che l'uso dell'IA impedisce l'esercizio pratico.""}]",0.95,La risposta elenca esplicitamente un pro e un contro.
studenti_nani19.md,nani19,Studenti,studenti,7,"In base alla tua esperiezia, quali sono i pro e i contro dell'uso dell'intelligenza artificiale nello studio?",delle volte magari non capisci cosa intendi oppure può anche sbagliare,solo_contro,0,2,,affidabilita_errori|supporto_comprensione,[],"[{""category"": ""affidabilita_errori"", ""evidence"": ""può anche sbagliare"", ""reason"": ""Il partecipante evidenzia il rischio di errori dell'IA.""}, {""category"": ""supporto_comprensione"", ""evidence"": ""magari non capisci cosa intendi"", ""reason"": ""Il partecipante segnala il rischio di incomprensione o ambiguità.""}]",0.9,La risposta elenca esclusivamente svantaggi (errori e incomprensioni).
studenti_nari23.md,nari23,Studenti,studenti,7,"In base alla tua esperiezia, quali sono i pro e i contro dell'uso dell'intelligenza artificiale nello studio?","i pro dell'intelligenza artificiale sono che ti aiuta a capire ciò che non hai capito in maniera più semplice, i contro è l'utilizzo dell'intelligenza artificiale in ambito scolastico, mandandole foto di compiti a cui deve rispondere, far rispondere a chat gpt al posto nostro",misto,1,1,supporto_comprensione,delega_cognitiva,"[{""category"": ""supporto_comprensione"", ""evidence"": ""ti aiuta a capire ciò che non hai capito in maniera più semplice"", ""reason"": ""Il partecipante indica che l'IA facilita la comprensione di concetti difficili.""}]","[{""category"": ""delega_cognitiva"", ""evidence"": ""far rispondere a chat gpt al posto nostro"", ""reason"": ""Il partecipante evidenzia il rischio di delegare la risposta a un'IA invece di impegnarsi personalmente.""}]",0.9,La risposta elenca esplicitamente un vantaggio (capire meglio) e uno svantaggio (delegare la risposta).
studenti_naro18.md,naro18,Studenti,studenti,7,"In base alla tua esperiezia, quali sono i pro e i contro dell'uso dell'intelligenza artificiale nello studio?","Come tutte le  cose, se le usi per il tuo bene, hai solo benefici, altrimenti prendi in giro te stesso",misto,1,1,altro,delega_cognitiva,"[{""category"": ""altro"", ""evidence"": ""hai solo benefici"", ""reason"": ""Il partecipante afferma che l'uso dell'IA porta solo benefici se usato correttamente.""}]","[{""category"": ""delega_cognitiva"", ""evidence"": ""altrimenti prendi in giro te stesso"", ""reason"": ""Il partecipante indica che un uso scorretto porta a un autoinganno o a una perdita di autenticità.""}]",0.6,La risposta elenca un beneficio condizionato e un rischio legato all'uso improprio.
studenti_naro20.md,naro20,Studenti,studenti,6,"In base alla tua esperiezia, quali sono i pro e i contro dell'uso dell'intelligenza artificiale nello studio?","i pro sono per rendere lo svolgimento dei compiti meno noioso e più veloce, dando anche buoni spunti per testi. I contro potrebbero rendere le capacità di studio obsoleta.",misto,2,1,efficienza_tempo|produzione_materiali,delega_cognitiva,"[{""category"": ""efficienza_tempo"", ""evidence"": ""rendere lo svolgimento dei compiti meno noioso e più veloce"", ""reason"": ""Il partecipante cita la velocità e la riduzione della noia come vantaggi.""}, {""category"": ""produzione_materiali"", ""evidence"": ""dando anche buoni spunti per testi"", ""reason"": ""Il partecipante indica l'IA come fonte di ispirazione per la stesura di testi.""}]","[{""category"": ""delega_cognitiva"", ""evidence"": ""potrebbero rendere le capacità di studio obsoleta"", ""reason"": ""Il partecipante teme che l'uso dell'IA possa portare all'atrofizzazione delle capacità di studio.""}]",0.9,La risposta elenca chiaramente sia dei pro che dei contro.
studenti_nasa21.md,Nasa21,Studenti,studenti,7,"In base alla tua esperiezia, quali sono i pro e i contro dell'uso dell'intelligenza artificiale nello studio?","Pro: l’intelligenza artificiale può aiutare molto specialmente nello studio creando appunto schemi, riassunti ecc. contro:Non sempre l’intelligenza artificiale é usata in modo corretto , perché in molti forse potrebbero sfruttare queste app per fare i compiti in modo superficiale.",misto,1,1,produzione_materiali,delega_cognitiva,"[{""category"": ""produzione_materiali"", ""evidence"": ""creando appunto schemi, riassunti ecc."", ""reason"": ""Il partecipante cita la capacità dell'IA di generare schemi e riassunti come aiuto nello studio.""}]","[{""category"": ""delega_cognitiva"", ""evidence"": ""sfruttare queste app per fare i compiti in modo superficiale"", ""reason"": ""Il partecipante evidenzia il rischio di un uso superficiale che impedisce un apprendimento profondo.""}]",0.9,La risposta elenca esplicitamente un vantaggio (produzione di schemi/riassunti) e uno svantaggio (uso superficiale/delega).
studenti_ncas14.md,ncas14,Studenti,studenti,3,"In base alla tua esperiezia, quali sono i pro e i contro dell'uso dell'intelligenza artificiale nello studio?",i pro è che puoi approfondire le tue conoscenze e i contro è che ti distrai facilmente,misto,1,1,supporto_comprensione,dipendenza,"[{""category"": ""supporto_comprensione"", ""evidence"": ""puoi approfondire le tue conoscenze"", ""reason"": ""Il partecipante indica che l'IA aiuta a migliorare la conoscenza.""}]","[{""category"": ""dipendenza"", ""evidence"": ""ti distrai facilmente"", ""reason"": ""Il partecipante segnala che l'uso dell'IA porta a distrazioni.""}]",0.9,La risposta elenca esplicitamente un pro e un contro.
studenti_nchi12.md,Nchi12,Studenti,studenti,8,"In base alla tua esperiezia, quali sono i pro e i contro dell'uso dell'intelligenza artificiale nello studio?",È molto utile ma non fa ragionare,nessuno,0,0,,,[],[],0.0,Nessuna classificazione valida restituita dal modello.
studenti_ndri11.md,ndri11,Studenti,studenti,7,"In base alla tua esperiezia, quali sono i pro e i contro dell'uso dell'intelligenza artificiale nello studio?","Pro: capire concetti complessi, non dover consiltare molto materiale dispersivo Contro: usarla in maniera impropria, quando non si dovrebbe",misto,2,1,supporto_comprensione|efficienza_tempo,delega_cognitiva,"[{""category"": ""supporto_comprensione"", ""evidence"": ""capire concetti complessi"", ""reason"": ""Il partecipante indica che l'IA aiuta a comprendere concetti difficili.""}, {""category"": ""efficienza_tempo"", ""evidence"": ""non dover consiltare molto materiale dispersivo"", ""reason"": ""Il partecipante segnala un risparmio di tempo evitando materiale non necessario.""}]","[{""category"": ""delega_cognitiva"", ""evidence"": ""usarla in maniera impropria"", ""reason"": ""Il partecipante evidenzia il rischio di un uso scorretto che sostituisce lo sforzo cognitivo.""}]",0.9,La risposta elenca chiaramente un vantaggio e uno svantaggio.
studenti_nelli23.md,Nelli23,Studenti,studenti,3,"In base alla tua esperiezia, quali sono i pro e i contro dell'uso dell'intelligenza artificiale nello studio?",Pro: velocizza i processi di risposta; Contro: non aiuta a far lavorare la mente.,misto,1,1,efficienza_tempo,delega_cognitiva,"[{""category"": ""efficienza_tempo"", ""evidence"": ""velocizza i processi di risposta"", ""reason"": ""Il partecipante evidenzia il vantaggio della rapidità nell'esecuzione dei compiti.""}]","[{""category"": ""delega_cognitiva"", ""evidence"": ""non aiuta a far lavorare la mente"", ""reason"": ""Il partecipante segnala il rischio di non stimolare il pensiero attivo.""}]",0.95,La risposta elenca esplicitamente un pro e un contro.
studenti_nese01.md,nese01,Studenti,studenti,2,"In base alla tua esperiezia, quali sono i pro e i contro dell'uso dell'intelligenza artificiale nello studio?",impieghi meno tempo é un pro mentre un contro sarebbe che la utilizzo ciò non mi applico da solo,misto,1,1,efficienza_tempo,delega_cognitiva,"[{""category"": ""efficienza_tempo"", ""evidence"": ""impieghi meno tempo"", ""reason"": ""Il partecipante indica che l'uso dell'IA riduce il tempo necessario per lo studio.""}]","[{""category"": ""delega_cognitiva"", ""evidence"": ""la utilizzo ciò non mi applico da solo"", ""reason"": ""Il partecipante segnala che l'uso dell'IA porta a una minore applicazione autonoma e allo smettere di ragionare da soli.""}]",0.9,La risposta elenca esplicitamente un vantaggio (risparmio di tempo) e uno svantaggio (riduzione dell'autonomia cognitiva).
studenti_nini04.md,Nini04,Studenti,studenti,8,"In base alla tua esperiezia, quali sono i pro e i contro dell'uso dell'intelligenza artificiale nello studio?","In base alla mia esperienza i pro dell'uso dell 'intelligenza artificiale sono: ottimizzazione del tempo, approfondimento e possibilità di  rappresentare il lavoro in modo organizzato. I contro: limite nel personalizzare il lavoro.",misto,3,1,efficienza_tempo|produzione_materiali|supporto_comprensione,personalizzazione,"[{""category"": ""efficienza_tempo"", ""evidence"": ""ottimizzazione del tempo"", ""reason"": ""Il partecipante cita l'ottimizzazione del tempo come vantaggio.""}, {""category"": ""produzione_materiali"", ""evidence"": ""possibilità di rappresentare il lavoro in modo organizzato"", ""reason"": ""Il partecipante indica la capacità di organizzare il lavoro come beneficio.""}, {""category"": ""supporto_comprensione"", ""evidence"": ""approfondimento"", ""reason"": ""Il partecipante menziona l'approfondimento come pro.""}]","[{""category"": ""personalizzazione"", ""evidence"": ""limite nel personalizzare il lavoro"", ""reason"": ""Il partecipante segnala la mancanza di personalizzazione come svantaggio.""}]",0.95,La risposta elenca esplicitamente tre pro e un contro.
studenti_nini09.md,nini09,Studenti,studenti,2,"In base alla tua esperiezia, quali sono i pro e i contro dell'uso dell'intelligenza artificiale nello studio?",pro: ti aiutano a capire una cosa che non capisci e te la spiegano anche nel modo che vuoi tu contro:alcune volte possono sbagliare,misto,2,1,supporto_comprensione|personalizzazione,affidabilita_errori,"[{""category"": ""supporto_comprensione"", ""evidence"": ""ti aiutano a capire una cosa che non capisci"", ""reason"": ""Il partecipante evidenzia il supporto nell'apprendimento di concetti difficili.""}, {""category"": ""personalizzazione"", ""evidence"": ""te la spiegano anche nel modo che vuoi tu"", ""reason"": ""Il partecipante nota la capacità di adattare le spiegazioni alle preferenze individuali.""}]","[{""category"": ""affidabilita_errori"", ""evidence"": ""alcune volte possono sbagliare"", ""reason"": ""Il partecipante segnala il rischio di errori generati dall'IA.""}]",0.95,La risposta elenca esplicitamente un vantaggio e uno svantaggio.
studenti_niro27.md,niro27,Studenti,studenti,8,"In base alla tua esperiezia, quali sono i pro e i contro dell'uso dell'intelligenza artificiale nello studio?","I pro sicuramente riguardano la rapidità, la semplicità e l’efficienza dell’utilizzo, trai contro inserirei l’abuso",nessuno,0,0,,,[],[],0.0,Nessuna classificazione valida restituita dal modello.
studenti_noli14.md,noli14,Studenti,studenti,7,"In base alla tua esperiezia, quali sono i pro e i contro dell'uso dell'intelligenza artificiale nello studio?","I pro sono che ti può letteralmente aiutare in tutto, i contro sono che non ti fa sviluppare il senso di opinion critica e che è troppo forte la tentazione di voler produrre attraverso di essi",misto,1,2,supporto_comprensione,delega_cognitiva|dipendenza,"[{""category"": ""supporto_comprensione"", ""evidence"": ""ti può letteralmente aiutare in tutto"", ""reason"": ""Il partecipante evidenzia la capacità dell'IA di fornire assistenza completa.""}]","[{""category"": ""delega_cognitiva"", ""evidence"": ""non ti fa sviluppare il senso di opinion critica"", ""reason"": ""Il partecipante segnala il rischio di non sviluppare capacità critiche.""}, {""category"": ""dipendenza"", ""evidence"": ""è troppo forte la tentazione di voler produrre attraverso di essi"", ""reason"": ""Il partecipante indica un rischio di eccessiva dipendenza dallo strumento per la produzione.""}]",0.9,"La risposta elenca esplicitamente sia un vantaggio ('aiutare in tutto') sia due svantaggi ('non sviluppare senso critico', 'tentazione di produrre attraverso di essi')."
studenti_nomo27.md,nomo27,Studenti,studenti,7,"In base alla tua esperiezia, quali sono i pro e i contro dell'uso dell'intelligenza artificiale nello studio?","pro: efficienza ed efficacia, velocita. contro: pigrizia, rischi di adagiarsi troppo sull’IA",misto,1,2,efficienza_tempo,dipendenza|delega_cognitiva,"[{""category"": ""efficienza_tempo"", ""evidence"": ""efficienza ed efficacia, velocita"", ""reason"": ""Il partecipante cita velocità ed efficienza come vantaggi.""}]","[{""category"": ""dipendenza"", ""evidence"": ""rischi di adagiarsi troppo sull’IA"", ""reason"": ""Il partecipante evidenzia il rischio di eccessiva dipendenza dall'IA.""}, {""category"": ""delega_cognitiva"", ""evidence"": ""pigrizia"", ""reason"": ""Il partecipante associa l'uso dell'IA alla pigrizia.""}]",0.95,La risposta elenca esplicitamente sia pro che contro.
studenti_none01.md,none01,Studenti,studenti,7,"In base alla tua esperiezia, quali sono i pro e i contro dell'uso dell'intelligenza artificiale nello studio?",aiuta molto,solo_pro,1,0,efficienza_tempo,,"[{""category"": ""efficienza_tempo"", ""evidence"": ""aiuta molto"", ""reason"": ""Il partecipante indica un vantaggio generale percepito come aiuto.""}]",[],0.9,La risposta menziona solo un beneficio senza citare contro.
studenti_nzio14.md,nzio14,Studenti,studenti,3,"In base alla tua esperiezia, quali sono i pro e i contro dell'uso dell'intelligenza artificiale nello studio?",non la uso ma sono pro perché a volte può essere utile,nessuno,0,0,,,[],[],0.0,Nessuna classificazione valida restituita dal modello.
studenti_obon09.md,obon09,Studenti,studenti,8,"In base alla tua esperiezia, quali sono i pro e i contro dell'uso dell'intelligenza artificiale nello studio?",i pro che aiuta molto i contro é che sostituisce molte professioni,misto,1,1,supporto_comprensione,delega_cognitiva,"[{""category"": ""supporto_comprensione"", ""evidence"": ""aiuta molto"", ""reason"": ""Il partecipante indica che l'IA è molto utile.""}]","[{""category"": ""delega_cognitiva"", ""evidence"": ""sostituisce molte professioni"", ""reason"": ""Il partecipante segnala il rischio di sostituzione del ruolo umano.""}]",0.9,La risposta elenca esplicitamente un vantaggio ('aiuta molto') e uno svantaggio ('sostituisce molte professioni').
studenti_ogna06.md,Ogna06,Studenti,studenti,7,"In base alla tua esperiezia, quali sono i pro e i contro dell'uso dell'intelligenza artificiale nello studio?",Non lo so,nessuno,0,0,,,[],[],1.0,Il partecipante dichiara di non sapere rispondere alla domanda.
studenti_omeo18.md,Omeo18,Studenti,studenti,7,"In base alla tua esperiezia, quali sono i pro e i contro dell'uso dell'intelligenza artificiale nello studio?",Si possono generare domande per valutare le conoscenze,solo_pro,1,0,produzione_materiali,,"[{""category"": ""produzione_materiali"", ""evidence"": ""Si possono generare domande per valutare le conoscenze"", ""reason"": ""Il partecipante cita la capacità dell'IA di creare materiale didattico (domande).""}]",[],0.9,La risposta menziona esclusivamente un beneficio operativo.
studenti_onga28.md,onga28,Studenti,studenti,7,"In base alla tua esperiezia, quali sono i pro e i contro dell'uso dell'intelligenza artificiale nello studio?","i pro sono che comunque ti risolve varie cose, ti fa la traduzione e robe così, i contro è che molto spesso le cose che scrive non sono giuste",misto,2,1,produzione_materiali|supporto_comprensione,affidabilita_errori,"[{""category"": ""produzione_materiali"", ""evidence"": ""ti risolve varie cose"", ""reason"": ""Il partecipante cita la capacità dell'IA di svolgere compiti e generare contenuti.""}, {""category"": ""supporto_comprensione"", ""evidence"": ""ti fa la traduzione"", ""reason"": ""Il partecipante evidenzia l'utilità dell'IA per traduzioni e supporto linguistico.""}]","[{""category"": ""affidabilita_errori"", ""evidence"": ""molto spesso le cose che scrive non sono giuste"", ""reason"": ""Il partecipante segnala l'insorgenza frequente di errori o informazioni inesatte.""}]",0.9,"La risposta elenca esplicitamente sia vantaggi operativi (traduzione, risoluzione compiti) sia svantaggi legati all'affidabilità dei contenuti generati."
studenti_onni24.md,onni24,Studenti,studenti,7,"In base alla tua esperiezia, quali sono i pro e i contro dell'uso dell'intelligenza artificiale nello studio?","Un pro è la semplificazione del lavoro da fare, un contro è che a volte si tende a fare completo affidamento sull’ia senza controllare la veridicità delle informazioni",misto,1,1,efficienza_tempo,affidabilita_errori,"[{""category"": ""efficienza_tempo"", ""evidence"": ""semplificazione del lavoro da fare"", ""reason"": ""Il partecipante indica che l'IA semplifica il lavoro, riducendo gli sforzi richiesti.""}]","[{""category"": ""affidabilita_errori"", ""evidence"": ""senza controllare la veridicità delle informazioni"", ""reason"": ""Il partecipante evidenzia il rischio di accettare informazioni non veritiere senza verifica.""}]",0.9,La risposta elenca esplicitamente un vantaggio (semplificazione) e uno svantaggio (mancanza di verifica).
studenti_onte26.md,onte26,Studenti,studenti,8,"In base alla tua esperiezia, quali sono i pro e i contro dell'uso dell'intelligenza artificiale nello studio?","Pro - velocizzare schematizzazione di concetti sempllici, forniire riferimenti,  traduzioni, parafrasi, adattamento della sintassi a determinati bisogni. compilare bibliografia. Contro: aiuto limitato nella stesura di testi specifici",misto,4,1,produzione_materiali|ricerca_informazioni|personalizzazione|produzione_materiali,delega_cognitiva,"[{""category"": ""produzione_materiali"", ""evidence"": ""velocizzare schematizzazione di concetti semplici"", ""reason"": ""L'IA accelera la creazione di schemi e materiali didattici.""}, {""category"": ""ricerca_informazioni"", ""evidence"": ""fornire riferimenti"", ""reason"": ""L'IA aiuta a reperire fonti e riferimenti bibliografici.""}, {""category"": ""personalizzazione"", ""evidence"": ""traduzioni, parafrasi, adattamento della sintassi a determinati bisogni"", ""reason"": ""L'IA permette di adattare il linguaggio e il contenuto a esigenze specifiche.""}, {""category"": ""produzione_materiali"", ""evidence"": ""compilare bibliografia"", ""reason"": ""L'IA facilita la stesura e l'organizzazione delle fonti bibliografiche.""}]","[{""category"": ""delega_cognitiva"", ""evidence"": ""aiuto limitato nella stesura di testi specifici"", ""reason"": ""L'IA sostituisce parzialmente l'utente nella produzione di testi complessi, limitando l'impegno attivo.""}]",0.9,La risposta elenca chiaramente sia vantaggi operativi (pro) sia un limite nella produzione autonoma (contro).
studenti_onti04.md,onti04,Studenti,studenti,8,"In base alla tua esperiezia, quali sono i pro e i contro dell'uso dell'intelligenza artificiale nello studio?",pro : lo studio mi riesce più veloce ed efficace contro : a volte vedo che viene usata in modo eccessivo,misto,1,1,efficienza_tempo,dipendenza,"[{""category"": ""efficienza_tempo"", ""evidence"": ""lo studio mi riesce più veloce"", ""reason"": ""Il partecipante indica che l'IA accelera il processo di studio.""}]","[{""category"": ""dipendenza"", ""evidence"": ""viene usata in modo eccessivo"", ""reason"": ""Il partecipante segnala un rischio di utilizzo sproporzionato o eccessivo.""}]",0.9,La risposta elenca esplicitamente un vantaggio (velocità) e uno svantaggio (uso eccessivo).
studenti_orgi03.md,Orgi03,Studenti,studenti,7,"In base alla tua esperiezia, quali sono i pro e i contro dell'uso dell'intelligenza artificiale nello studio?",Pro: permette di diversificare la routine Contro: a volte il processo è un po' dispersivo,misto,1,1,creativita_coinvolgimento,dipendenza,"[{""category"": ""creativita_coinvolgimento"", ""evidence"": ""permette di diversificare la routine"", ""reason"": ""Il partecipante indica che l'IA aiuta a variare le attività di studio, rendendole meno monotone.""}]","[{""category"": ""dipendenza"", ""evidence"": ""a volte il processo è un po' dispersivo"", ""reason"": ""Il partecipante segnala che l'uso dell'IA può portare a una dispersione dell'attenzione.""}]",0.9,La risposta elenca esplicitamente un pro e un contro.
studenti_orno24.md,orno24,Studenti,studenti,7,"In base alla tua esperiezia, quali sono i pro e i contro dell'uso dell'intelligenza artificiale nello studio?",permette di far fronte a difficoltà in maniera più semplice e facile ma a volte questa facilità potrebbe inibire la capacità di problem solving,misto,1,1,supporto_comprensione,delega_cognitiva,"[{""category"": ""supporto_comprensione"", ""evidence"": ""permette di far fronte a difficoltà"", ""reason"": ""L'IA aiuta a superare ostacoli nello studio.""}]","[{""category"": ""delega_cognitiva"", ""evidence"": ""a volte questa facilità potrebbe inibire la capacità di problem solving"", ""reason"": ""L'eccessiva facilità riduce l'abilità di risolvere problemi autonomamente.""}]",0.9,La risposta elenca sia un vantaggio (gestione delle difficoltà) sia uno svantaggio (inibizione del problem solving).
studenti_orsi10.md,orsi10,Studenti,studenti,3,"In base alla tua esperiezia, quali sono i pro e i contro dell'uso dell'intelligenza artificiale nello studio?",Pro: facilita le richieste Contro: ci abituiamo a cercare tutto online senza consultare manuali cartacei o altre fonti cartacee,misto,1,1,efficienza_tempo,dipendenza,"[{""category"": ""efficienza_tempo"", ""evidence"": ""facilita le richieste"", ""reason"": ""Il partecipante indica che l'IA rende più agevoli le richieste, implicando un guadagno di efficienza.""}]","[{""category"": ""dipendenza"", ""evidence"": ""ci abituiamo a cercare tutto online senza consultare manuali cartacei o altre fonti cartacee"", ""reason"": ""Il partecipante evidenzia il rischio di un'abitudine eccessiva alla ricerca online a discapito delle fonti tradizionali.""}]",0.9,La risposta elenca esplicitamente un pro e un contro.
studenti_orsi12.md,orsi12,Studenti,studenti,7,"In base alla tua esperiezia, quali sono i pro e i contro dell'uso dell'intelligenza artificiale nello studio?",pro: facilita e velocizza alcuni compiti  contro: può creare un appiattimento nelle nostre capacità di svolgere i compiti per cui usiamo l’IA,misto,1,1,efficienza_tempo,delega_cognitiva,"[{""category"": ""efficienza_tempo"", ""evidence"": ""facilita e velocizza alcuni compiti"", ""reason"": ""Il partecipante evidenzia il vantaggio di accelerare e semplificare le attività.""}]","[{""category"": ""delega_cognitiva"", ""evidence"": ""può creare un appiattimento nelle nostre capacità di svolgere i compiti per cui usiamo l’IA"", ""reason"": ""Il partecipante segnala il rischio di atrofizzazione delle capacità cognitive autonome.""}]",0.95,La risposta elenca esplicitamente un pro e un contro.
studenti_orvi02.md,Orvi02,Studenti,studenti,7,"In base alla tua esperiezia, quali sono i pro e i contro dell'uso dell'intelligenza artificiale nello studio?","Pro: velocizzazione comprensione testi, rielaborazione e sinonimi Contro: si perde l’autonomia di ragionamento, si tende a cercare la via più veloce (bot), riducendo lo span di attenzione",misto,2,2,supporto_comprensione|produzione_materiali,delega_cognitiva|dipendenza,"[{""category"": ""supporto_comprensione"", ""evidence"": ""velocizzazione comprensione testi"", ""reason"": ""Il partecipante cita la velocizzazione della comprensione come vantaggio.""}, {""category"": ""produzione_materiali"", ""evidence"": ""rielaborazione e sinonimi"", ""reason"": ""Il partecipante indica la capacità di rielaborazione e fornitura di sinonimi come beneficio.""}]","[{""category"": ""delega_cognitiva"", ""evidence"": ""si perde l'autonomia di ragionamento"", ""reason"": ""Il partecipante segnala la perdita dell'autonomia nel ragionamento come svantaggio.""}, {""category"": ""dipendenza"", ""evidence"": ""si tende a cercare la via più veloce (bot)"", ""reason"": ""Il partecipante evidenzia la tendenza a cercare scorciatoie tramite l'IA, riducendo l'attenzione.""}]",0.95,La risposta elenca esplicitamente sia pro che contro specifici.
studenti_osca30.md,osca30,Studenti,studenti,7,"In base alla tua esperiezia, quali sono i pro e i contro dell'uso dell'intelligenza artificiale nello studio?",pro: minor tempo e maggior efficienza,solo_pro,2,0,efficienza_tempo|efficienza_tempo,,"[{""category"": ""efficienza_tempo"", ""evidence"": ""minor tempo"", ""reason"": ""Il partecipante cita esplicitamente il risparmio di tempo come vantaggio.""}, {""category"": ""efficienza_tempo"", ""evidence"": ""maggior efficienza"", ""reason"": ""Il partecipante cita esplicitamente l'aumento dell'efficienza come vantaggio.""}]",[],1.0,La risposta elenca esclusivamente benefici operativi senza menzionare rischi o svantaggi.
studenti_ossi15.md,ossi15,Studenti,studenti,7,"In base alla tua esperiezia, quali sono i pro e i contro dell'uso dell'intelligenza artificiale nello studio?",il contro -> che può sostituire  il cervello umano  pro -> ottimizza il tempo,misto,1,1,efficienza_tempo,delega_cognitiva,"[{""category"": ""efficienza_tempo"", ""evidence"": ""ottimizza il tempo"", ""reason"": ""Il partecipante indica che l'IA ottimizza il tempo.""}]","[{""category"": ""delega_cognitiva"", ""evidence"": ""che può sostituire il cervello umano"", ""reason"": ""Il partecipante esprime il rischio che l'IA sostituisca le funzioni cognitive umane.""}]",0.9,La risposta elenca esplicitamente un pro e un contro.
studenti_osta30.md,OSTA30,Studenti,studenti,8,"In base alla tua esperiezia, quali sono i pro e i contro dell'uso dell'intelligenza artificiale nello studio?","Pro: velocizza l’apprendimento di info,  Contro: non conosco la teoria",misto,1,1,efficienza_tempo,delega_cognitiva,"[{""category"": ""efficienza_tempo"", ""evidence"": ""velocizza l'apprendimento di info"", ""reason"": ""Il partecipante indica che l'IA accelera l'acquisizione delle informazioni.""}]","[{""category"": ""delega_cognitiva"", ""evidence"": ""non conosco la teoria"", ""reason"": ""Il partecipante esprime il rischio di non aver appreso la teoria di base.""}]",0.9,La risposta elenca esplicitamente un vantaggio (velocità) e uno svantaggio (mancanza di conoscenza teorica).
studenti_otta03.md,otta03,Studenti,studenti,7,"In base alla tua esperiezia, quali sono i pro e i contro dell'uso dell'intelligenza artificiale nello studio?",Pro ti aiuta a comprendere/ elaborare/ associare ad esempi concreti cose che da sola ci metteresti molti di più  Contro potrebbe fare il lavoro per te,misto,1,1,supporto_comprensione,delega_cognitiva,"[{""category"": ""supporto_comprensione"", ""evidence"": ""ti aiuta a comprendere/ elaborare/ associare ad esempi concreti"", ""reason"": ""Il partecipante evidenzia il supporto dell'IA nella comprensione e nell'elaborazione di concetti.""}]","[{""category"": ""delega_cognitiva"", ""evidence"": ""potrebbe fare il lavoro per te"", ""reason"": ""Il partecipante segnala il rischio di delegare completamente il lavoro all'IA.""}]",0.9,La risposta elenca esplicitamente un vantaggio ('ti aiuta') e uno svantaggio ('fare il lavoro per te').
studenti_otti12.md,otti12,Studenti,studenti,2,"In base alla tua esperiezia, quali sono i pro e i contro dell'uso dell'intelligenza artificiale nello studio?","i pro: disponibilità continua, i contro:mancanza di competenze",misto,1,1,autonomia_organizzazione,affidabilita_errori,"[{""category"": ""autonomia_organizzazione"", ""evidence"": ""disponibilità continua"", ""reason"": ""Il partecipante cita la disponibilità costante come vantaggio per l'organizzazione dello studio.""}]","[{""category"": ""affidabilita_errori"", ""evidence"": ""mancanza di competenze"", ""reason"": ""Il partecipante segnala la carenza di competenze come svantaggio dell'IA.""}]",0.9,La risposta elenca esplicitamente un pro e un contro.
studenti_peca-17.md,Peca 17,Studenti,studenti,2,"In base alla tua esperiezia, quali sono i pro e i contro dell'uso dell'intelligenza artificiale nello studio?",No,nessuno,0,0,,,[],[],0.0,Nessuna classificazione valida restituita dal modello.
studenti_pica11.md,pica11,Studenti,studenti,8,"In base alla tua esperiezia, quali sono i pro e i contro dell'uso dell'intelligenza artificiale nello studio?",Velocizza il processo di studio ma a volte omette parti importanti,misto,1,1,efficienza_tempo,affidabilita_errori,"[{""category"": ""efficienza_tempo"", ""evidence"": ""Velocizza il processo di studio"", ""reason"": ""Il partecipante evidenzia un aumento della velocità nel processo di apprendimento.""}]","[{""category"": ""affidabilita_errori"", ""evidence"": ""a volte omette parti importanti"", ""reason"": ""Il partecipante segnala l'omissione di informazioni rilevanti da parte dell'IA.""}]",0.9,La risposta elenca esplicitamente un vantaggio (velocità) e uno svantaggio (omissioni).
studenti_rani05.md,rani05,Studenti,studenti,3,"In base alla tua esperiezia, quali sono i pro e i contro dell'uso dell'intelligenza artificiale nello studio?","pro: meno tempo impiegato in appunti e schemi; contro: le macchine non sono perfette ma le si danno per tali, quindi in caso di errori spesso non ci si fa caso finchè non è troppo tardi.",misto,1,1,efficienza_tempo,affidabilita_errori,"[{""category"": ""efficienza_tempo"", ""evidence"": ""meno tempo impiegato in appunti e schemi"", ""reason"": ""Il partecipante evidenzia il risparmio di tempo nella stesura di materiali di studio.""}]","[{""category"": ""affidabilita_errori"", ""evidence"": ""le macchine non sono perfette ma le si danno per tali, quindi in caso di errori spesso non ci si fa caso finchè non è troppo tardi"", ""reason"": ""Il partecipante segnala il rischio di non rilevare gli errori generati dall'IA a causa della fiducia eccessiva.""}]",0.95,La risposta elenca esplicitamente un vantaggio (risparmio tempo) e uno svantaggio (affidabilità/errori).
studenti_rani23.md,RANI23,Studenti,studenti,7,"In base alla tua esperiezia, quali sono i pro e i contro dell'uso dell'intelligenza artificiale nello studio?","PRO: aiuta ad approfondire argomenti, a schematizzare in maniera efficace, etc.  CONTRO: difficoltà nel discernere informazioni rilevanti da quelle non rilevanti, alcune funzioni sono a pagamento.",misto,2,2,supporto_comprensione|produzione_materiali,affidabilita_errori|disuguaglianze,"[{""category"": ""supporto_comprensione"", ""evidence"": ""aiuta ad approfondire argomenti"", ""reason"": ""Il partecipante cita l'aiuto nell'approfondimento come vantaggio.""}, {""category"": ""produzione_materiali"", ""evidence"": ""a schematizzare in maniera efficace"", ""reason"": ""Il partecipante indica la capacità di schematizzare come beneficio.""}]","[{""category"": ""affidabilita_errori"", ""evidence"": ""difficoltà nel discernere informazioni rilevanti da quelle non rilevanti"", ""reason"": ""Il partecipante segnala il rischio di confusione tra informazioni valide e non.""}, {""category"": ""disuguaglianze"", ""evidence"": ""alcune funzioni sono a pagamento"", ""reason"": ""Il partecipante evidenzia una barriera economica all'accesso.""}]",0.95,La risposta elenca esplicitamente sia vantaggi che svantaggi specifici.
studenti_rasso10.md,rasso10,Studenti,studenti,7,"In base alla tua esperiezia, quali sono i pro e i contro dell'uso dell'intelligenza artificiale nello studio?","PRO: Ti permette di migliorare la qualità dello studio, di implementare informazioni, di fare ricerche velocemente. CONTRO: utilizzarlo come UNICO metodo di studio e non come integrazione o fare risolvere all’AI propri compiti o consegne.",misto,3,2,ricerca_informazioni|produzione_materiali|supporto_comprensione,delega_cognitiva|dipendenza,"[{""category"": ""ricerca_informazioni"", ""evidence"": ""fare ricerche velocemente"", ""reason"": ""Il partecipante cita la velocità nell'effettuare ricerche come vantaggio.""}, {""category"": ""produzione_materiali"", ""evidence"": ""migliorare la qualità dello studio"", ""reason"": ""L'uso dell'IA è visto come strumento per migliorare la qualità del materiale di studio.""}, {""category"": ""supporto_comprensione"", ""evidence"": ""implementare informazioni"", ""reason"": ""La capacità di integrare nuove informazioni è considerata un beneficio.""}]","[{""category"": ""delega_cognitiva"", ""evidence"": ""fare risolvere all'AI propri compiti o consegne"", ""reason"": ""Il partecipante evidenzia il rischio di delegare completamente i compiti all'IA.""}, {""category"": ""dipendenza"", ""evidence"": ""utilizzarlo come UNICO metodo di studio"", ""reason"": ""L'uso esclusivo dell'IA è criticato come rischio di dipendenza o mancanza di integrazione.""}]",0.95,La risposta elenca esplicitamente sia vantaggi operativi che rischi legati all'uso esclusivo e alla delega.
studenti_rati06.md,RATI06,Studenti,studenti,7,"In base alla tua esperiezia, quali sono i pro e i contro dell'uso dell'intelligenza artificiale nello studio?",il pro è che è molto veloce ed efficace; il contro è che potrebbe essere abusata da molti,misto,1,1,efficienza_tempo,plagio_autorialita,"[{""category"": ""efficienza_tempo"", ""evidence"": ""è molto veloce ed efficace"", ""reason"": ""Il partecipante evidenzia la rapidità e l'efficacia come vantaggio.""}]","[{""category"": ""plagio_autorialita"", ""evidence"": ""potrebbe essere abusata da molti"", ""reason"": ""Il partecipante segnala il rischio di abuso dell'IA, implicando una perdita di autorialità o plagio.""}]",0.9,La risposta elenca esplicitamente un pro e un contro.
studenti_rati17.md,RATI17,Studenti,studenti,7,"In base alla tua esperiezia, quali sono i pro e i contro dell'uso dell'intelligenza artificiale nello studio?",Pro: personalizzazione dello studio e risparmio di tempo. Contro: aumento della prigrizia concreta ed intellettuale.,misto,2,1,efficienza_tempo|personalizzazione,delega_cognitiva,"[{""category"": ""efficienza_tempo"", ""evidence"": ""risparmio di tempo"", ""reason"": ""Il partecipante cita esplicitamente il risparmio di tempo come vantaggio.""}, {""category"": ""personalizzazione"", ""evidence"": ""personalizzazione dello studio"", ""reason"": ""Il partecipante indica la personalizzazione come beneficio.""}]","[{""category"": ""delega_cognitiva"", ""evidence"": ""aumento della prigrizia concreta ed intellettuale"", ""reason"": ""Il partecipante segnala un aumento della 'prigrizia' (probabilmente intesa come pre-giudizio o pre-conoscenza) che implica una riduzione dell'elaborazione autonoma.""}]",0.9,La risposta elenca chiaramente sia un pro che un contro.
studenti_rdis30.md,Rdis30,Studenti,studenti,8,"In base alla tua esperiezia, quali sono i pro e i contro dell'uso dell'intelligenza artificiale nello studio?","I pro sono che aiuta e facilita il lavoro di molti studenti permettendo di risparmiare molto tempo, i contro è che molte volte l’intelligenza artificiale viene utilizzata per svolgere totalmente compiti in maniera istantanea senza che il soggetto si impegni nel provare a risolverlo da solo",misto,1,1,efficienza_tempo,delega_cognitiva,"[{""category"": ""efficienza_tempo"", ""evidence"": ""aiuta e facilita il lavoro di molti studenti permettendo di risparmiare molto tempo"", ""reason"": ""Il partecipante evidenzia il risparmio di tempo come vantaggio.""}]","[{""category"": ""delega_cognitiva"", ""evidence"": ""l'intelligenza artificiale viene utilizzata per svolgere totalmente compiti in maniera istantanea senza che il soggetto si impegni nel provare a risolverlo da solo"", ""reason"": ""Il partecipante segnala il rischio di non impegnarsi nella risoluzione autonoma dei compiti.""}]",0.95,La risposta elenca esplicitamente un pro e un contro.
studenti_reco08.md,Reco08,Studenti,studenti,3,"In base alla tua esperiezia, quali sono i pro e i contro dell'uso dell'intelligenza artificiale nello studio?","I pro sono che facilità il lavoro e velocizza il processo, i contro sono che le persone non ci mettono più impegno nelle cose che fanno",misto,1,1,efficienza_tempo,delega_cognitiva,"[{""category"": ""efficienza_tempo"", ""evidence"": ""facilità il lavoro e velocizza il processo"", ""reason"": ""Il partecipante evidenzia il vantaggio della velocità e facilitazione del lavoro.""}]","[{""category"": ""delega_cognitiva"", ""evidence"": ""le persone non ci mettono più impegno nelle cose che fanno"", ""reason"": ""Il partecipante segnala una riduzione dell'impegno personale e della dedizione.""}]",0.9,La risposta elenca esplicitamente sia un pro che un contro.
studenti_reco24.md,Reco24,Studenti,studenti,7,"In base alla tua esperiezia, quali sono i pro e i contro dell'uso dell'intelligenza artificiale nello studio?","Pro aiuta a comprendere, contro alcune informazioni non attendibili",misto,1,1,supporto_comprensione,affidabilita_errori,"[{""category"": ""supporto_comprensione"", ""evidence"": ""aiuta a comprendere"", ""reason"": ""Il partecipante indica che l'IA facilita la comprensione dei concetti.""}]","[{""category"": ""affidabilita_errori"", ""evidence"": ""alcune informazioni non attendibili"", ""reason"": ""Il partecipante segnala il rischio di informazioni non veritiere o inaccurate.""}]",0.9,La risposta elenca esplicitamente un vantaggio (comprensione) e uno svantaggio (affidabilità).
studenti_relli31.md,Relli31,Studenti,studenti,6,"In base alla tua esperiezia, quali sono i pro e i contro dell'uso dell'intelligenza artificiale nello studio?","Riduce i tempi, non impari",misto,1,1,efficienza_tempo,delega_cognitiva,"[{""category"": ""efficienza_tempo"", ""evidence"": ""Riduce i tempi"", ""reason"": ""Il partecipante indica che l'IA accelera il processo di studio.""}]","[{""category"": ""delega_cognitiva"", ""evidence"": ""non impari"", ""reason"": ""Il partecipante segnala che l'uso dell'IA impedisce l'apprendimento.""}]",0.9,La risposta elenca esplicitamente un vantaggio (riduzione tempi) e uno svantaggio (mancanza di apprendimento).
studenti_rini11.md,Rini11,Studenti,studenti,3,"In base alla tua esperiezia, quali sono i pro e i contro dell'uso dell'intelligenza artificiale nello studio?",In certi casi potrebbe aiutare nella formulazione di riassunti dei testi utilizzati e quindi per risparmiare del tempo.,nessuno,0,0,,,[],[],0.0,Nessuna classificazione valida restituita dal modello.
studenti_rino07.md,rino07,Studenti,studenti,7,"In base alla tua esperiezia, quali sono i pro e i contro dell'uso dell'intelligenza artificiale nello studio?",I pro sono che mi aiuta molto a studiare  I contro distrazioni,misto,1,1,supporto_comprensione,altro,"[{""category"": ""supporto_comprensione"", ""evidence"": ""mi aiuta molto a studiare"", ""reason"": ""Il partecipante indica che l'IA facilita il processo di studio.""}]","[{""category"": ""altro"", ""evidence"": ""I contro distrazioni"", ""reason"": ""Il partecipante cita esplicitamente le distrazioni come svantaggio.""}]",0.9,La risposta elenca chiaramente un pro e un contro.
studenti_risi02.md,risi02,Studenti,studenti,7,"In base alla tua esperiezia, quali sono i pro e i contro dell'uso dell'intelligenza artificiale nello studio?","pro può aiutare e supportare lo studio, contro spesso risulta essere una scorciatoia che non consente di ragionare",misto,1,1,supporto_comprensione,delega_cognitiva,"[{""category"": ""supporto_comprensione"", ""evidence"": ""può aiutare e supportare lo studio"", ""reason"": ""Il partecipante evidenzia il ruolo di supporto dell'IA per facilitare lo studio.""}]","[{""category"": ""delega_cognitiva"", ""evidence"": ""spesso risulta essere una scorciatoia che non consente di ragionare"", ""reason"": ""Il partecipante segnala che l'IA induce a prendere scorciatoie evitando il ragionamento.""}]",0.9,La risposta elenca esplicitamente un pro e un contro.
studenti_rmas16.md,RMAS16,Studenti,studenti,7,"In base alla tua esperiezia, quali sono i pro e i contro dell'uso dell'intelligenza artificiale nello studio?","I pro riguardano l’ottimizzazione dei tempi, mentre i contro riguardano l’abuso dell’intelligenza artificiale, che può arrivare eventualmente a sostituire in maniera integrale (quando possibile) il soggetto nell’esecuzione di un compito, non permettendo alla persona di apprendere adeguatamente.",misto,1,1,efficienza_tempo,delega_cognitiva,"[{""category"": ""efficienza_tempo"", ""evidence"": ""ottimizzazione dei tempi"", ""reason"": ""Il partecipante cita l'ottimizzazione dei tempi come vantaggio.""}]","[{""category"": ""delega_cognitiva"", ""evidence"": ""sostituire in maniera integrale il soggetto nell'esecuzione di un compito"", ""reason"": ""Il partecipante evidenzia il rischio che l'IA sostituisca l'utente, impedendo l'apprendimento.""}]",0.9,La risposta elenca esplicitamente un pro (ottimizzazione) e un contro (sostituzione integrale).
studenti_rone05.md,rone05,Studenti,studenti,7,"In base alla tua esperiezia, quali sono i pro e i contro dell'uso dell'intelligenza artificiale nello studio?","Riesce a semplificare alcuni concetti, i contro che fornisce troppe risposte creando o confusione o portando a dare meno valore a libri",misto,1,2,supporto_comprensione,delega_cognitiva|riduzione_relazione,"[{""category"": ""supporto_comprensione"", ""evidence"": ""Riesce a semplificare alcuni concetti"", ""reason"": ""Il partecipante indica che l'IA aiuta a rendere più comprensibili i concetti complessi.""}]","[{""category"": ""delega_cognitiva"", ""evidence"": ""fornisce troppe risposte creando o confusione"", ""reason"": ""Il partecipante segnala che la quantità eccessiva di risposte può generare confusione.""}, {""category"": ""riduzione_relazione"", ""evidence"": ""portando a dare meno valore a libri"", ""reason"": ""Il partecipante nota una diminuzione del valore attribuito alle fonti tradizionali come i libri.""}]",0.9,La risposta elenca esplicitamente un vantaggio (semplificazione) e due svantaggi (confusione e svalutazione dei libri).
studenti_rone11.md,rone11,Studenti,studenti,3,"In base alla tua esperiezia, quali sono i pro e i contro dell'uso dell'intelligenza artificiale nello studio?",velocità ma sovraccarico informativo,nessuno,0,0,,,[],[],0.0,Nessuna classificazione valida restituita dal modello.
studenti_rone25.md,RONE25,Studenti,studenti,7,"In base alla tua esperiezia, quali sono i pro e i contro dell'uso dell'intelligenza artificiale nello studio?",Pro: Il miglioramento dell'apprendimento delle argomentazioni. Contro: possono impigrire gli studenti che potrebbero utilizzare le loro conoscenze intellettuali,misto,1,1,supporto_comprensione,delega_cognitiva,"[{""category"": ""supporto_comprensione"", ""evidence"": ""miglioramento dell'apprendimento delle argomentazioni"", ""reason"": ""Il partecipante cita un miglioramento specifico nell'apprendimento delle argomentazioni.""}]","[{""category"": ""delega_cognitiva"", ""evidence"": ""possono impigrire gli studenti"", ""reason"": ""Il partecipante segnala il rischio che l'uso dell'IA possa rendere passivi gli studenti, impedendo loro di utilizzare le proprie conoscenze intellettuali.""}]",0.9,La risposta elenca esplicitamente un pro e un contro.
studenti_roni18.md,Roni18,Studenti,studenti,8,"In base alla tua esperiezia, quali sono i pro e i contro dell'uso dell'intelligenza artificiale nello studio?","Pro: semplifica concetti, risparmi tempo, fornisce elaborazioni efficaci da poter imitare  Contro: limita la creatività, risolve problemi al posto dell’uomo, non stimola la curiosità e l’elaborazione",misto,3,4,supporto_comprensione|efficienza_tempo|produzione_materiali,creativita_coinvolgimento|delega_cognitiva|creativita_coinvolgimento|delega_cognitiva,"[{""category"": ""supporto_comprensione"", ""evidence"": ""semplifica concetti"", ""reason"": ""Il partecipante indica che l'IA aiuta a rendere più comprensibili i concetti complessi.""}, {""category"": ""efficienza_tempo"", ""evidence"": ""risparmio di tempo"", ""reason"": ""Il partecipante evidenzia il vantaggio del risparmio temporale.""}, {""category"": ""produzione_materiali"", ""evidence"": ""fornisce elaborazioni efficaci"", ""reason"": ""Il partecipante nota la capacità dell'IA di generare contenuti utili da imitare.""}]","[{""category"": ""creativita_coinvolgimento"", ""evidence"": ""limita la creatività"", ""reason"": ""Il partecipante segnala un impatto negativo sulla capacità creativa.""}, {""category"": ""delega_cognitiva"", ""evidence"": ""risolve problemi al posto dell'uomo"", ""reason"": ""Il partecipante indica che l'IA sostituisce l'utente nella risoluzione dei problemi.""}, {""category"": ""creativita_coinvolgimento"", ""evidence"": ""non stimola la curiosità"", ""reason"": ""Il partecipante osserva una mancanza di stimolo alla curiosità.""}, {""category"": ""delega_cognitiva"", ""evidence"": ""non stimola l'elaborazione"", ""reason"": ""Il partecipante evidenzia la mancanza di stimolo per l'elaborazione personale.""}]",0.95,La risposta elenca esplicitamente sia vantaggi operativi e cognitivi sia svantaggi legati alla creatività e all'autonomia.
studenti_rosi06.md,Rosi06,Studenti,studenti,7,"In base alla tua esperiezia, quali sono i pro e i contro dell'uso dell'intelligenza artificiale nello studio?","Pro: velocizzare il processo di apprendimento , Contro: affidarsi troppo all’AI",misto,1,1,efficienza_tempo,dipendenza,"[{""category"": ""efficienza_tempo"", ""evidence"": ""velocizzare il processo di apprendimento"", ""reason"": ""Il partecipante cita l'accelerazione del processo di apprendimento come vantaggio.""}]","[{""category"": ""dipendenza"", ""evidence"": ""affidarsi troppo all'AI"", ""reason"": ""Il partecipante evidenzia il rischio di un eccessivo affidamento all'intelligenza artificiale.""}]",0.95,La risposta elenca esplicitamente un pro e un contro.
studenti_rtic12.md,rtic12,Studenti,studenti,7,"In base alla tua esperiezia, quali sono i pro e i contro dell'uso dell'intelligenza artificiale nello studio?",pro è che ti aiuta il contro è che poi magari senza non riesci a fare determinate cose,misto,1,1,supporto_comprensione,dipendenza,"[{""category"": ""supporto_comprensione"", ""evidence"": ""ti aiuta"", ""reason"": ""Il partecipante indica che l'IA fornisce assistenza nello studio.""}]","[{""category"": ""dipendenza"", ""evidence"": ""senza non riesci a fare determinate cose"", ""reason"": ""Il partecipante segnala che l'uso dell'IA crea una dipendenza tale da impedire l'esecuzione di compiti senza di essa.""}]",0.9,La risposta elenca esplicitamente un vantaggio ('ti aiuta') e uno svantaggio ('senza non riesci a fare determinate cose').
studenti_ruso12.md,ruso12,Studenti,studenti,8,"In base alla tua esperiezia, quali sono i pro e i contro dell'uso dell'intelligenza artificiale nello studio?","un pro sicuramente che ti spiega un argomento in modo veloce e riassuntivo, un contro che molto spesso mi è capitato di ricevere risposte più che errate.",nessuno,0,0,,,[],[],0.0,Nessuna classificazione valida restituita dal modello.
studenti_russo.md,russo,Studenti,studenti,3,"In base alla tua esperiezia, quali sono i pro e i contro dell'uso dell'intelligenza artificiale nello studio?",ti puo aiutare a capire delle cose che non capisci da sola,nessuno,0,0,,,[],[],0.0,Nessuna classificazione valida restituita dal modello.
studenti_scio16.md,SCIO16,Studenti,studenti,7,"In base alla tua esperiezia, quali sono i pro e i contro dell'uso dell'intelligenza artificiale nello studio?",pro semplificazione contro abuso,misto,1,1,efficienza_tempo,delega_cognitiva,"[{""category"": ""efficienza_tempo"", ""evidence"": ""pro semplificazione"", ""reason"": ""Il partecipante indica che l'IA semplifica lo studio, implicando un guadagno di efficienza.""}]","[{""category"": ""delega_cognitiva"", ""evidence"": ""contro abuso"", ""reason"": ""Il partecipante segnala il rischio di abuso, interpretato come una delega eccessiva o un uso improprio che compromette l'autonomia.""}]",0.9,La risposta elenca esplicitamente un pro (semplificazione) e un contro (abuso).
studenti_silla25.md,silla25,Studenti,studenti,8,"In base alla tua esperiezia, quali sono i pro e i contro dell'uso dell'intelligenza artificiale nello studio?",no debemos acostumbrarnos,nessuno,0,0,,,[],[],0.0,Nessuna classificazione valida restituita dal modello.
studenti_simi25.md,simi25,Studenti,studenti,7,"In base alla tua esperiezia, quali sono i pro e i contro dell'uso dell'intelligenza artificiale nello studio?",pro: velocità e più semplice  contro: molte funzioni sono a pagamento e alcune volte utilizza termini troppo ricercati e elaborati,misto,2,2,efficienza_tempo|autonomia_organizzazione,disuguaglianze|affidabilita_errori,"[{""category"": ""efficienza_tempo"", ""evidence"": ""velocità"", ""reason"": ""Il partecipante cita la velocità come vantaggio.""}, {""category"": ""autonomia_organizzazione"", ""evidence"": ""più semplice"", ""reason"": ""Il partecipante indica che l'uso è più semplice, facilitando l'organizzazione.""}]","[{""category"": ""disuguaglianze"", ""evidence"": ""molte funzioni sono a pagamento"", ""reason"": ""Il partecipante segnala che l'accesso a molte funzioni richiede pagamento, creando barriere economiche.""}, {""category"": ""affidabilita_errori"", ""evidence"": ""utilizza termini troppo ricercati e elaborati"", ""reason"": ""Il partecipante evidenzia l'uso di un linguaggio complesso che può ostacolare la comprensione o essere inappropriato.""}]",0.9,"La risposta elenca esplicitamente sia vantaggi (velocità, semplicità) sia svantaggi (costi, linguaggio complesso)."
studenti_soli13.md,soli13,Studenti,studenti,3,"In base alla tua esperiezia, quali sono i pro e i contro dell'uso dell'intelligenza artificiale nello studio?","pro: semplificano alcune procedure, fanno risparmiare tempo e lo si può dedicare ad altro, possono essere utili nell’organizzazione  contro: ci si impegna di meno, meno interazioni nei lavori di gruppo, superficialità nello studio",misto,1,3,autonomia_organizzazione,delega_cognitiva|riduzione_relazione|standardizzazione,"[{""category"": ""autonomia_organizzazione"", ""evidence"": ""semplificano alcune procedure, fanno risparmiare tempo e lo si può dedicare ad altro, possono essere utili nell'organizzazione"", ""reason"": ""Il partecipante evidenzia il risparmio di tempo e l'utilità nell'organizzazione come benefici.""}]","[{""category"": ""delega_cognitiva"", ""evidence"": ""ci si impegna di meno"", ""reason"": ""Il partecipante segnala una riduzione dell'impegno personale.""}, {""category"": ""riduzione_relazione"", ""evidence"": ""meno interazioni nei lavori di gruppo"", ""reason"": ""Il partecipante indica una diminuzione delle interazioni sociali.""}, {""category"": ""standardizzazione"", ""evidence"": ""superficialità nello studio"", ""reason"": ""Il partecipante evidenzia un approccio superficiale allo studio.""}]",0.95,La risposta elenca chiaramente sia vantaggi operativi che svantaggi relazionali e cognitivi.
studenti_solo11.md,Solo11,Studenti,studenti,7,"In base alla tua esperiezia, quali sono i pro e i contro dell'uso dell'intelligenza artificiale nello studio?","Pro che aiuta e diminuisce il tempo, contro che a volte si affida troppo a questa e si perde il senso di imparare delle cose",misto,1,2,efficienza_tempo,dipendenza|riduzione_relazione,"[{""category"": ""efficienza_tempo"", ""evidence"": ""aiuta e diminuisce il tempo"", ""reason"": ""Il partecipante evidenzia il risparmio di tempo come vantaggio.""}]","[{""category"": ""dipendenza"", ""evidence"": ""si affida troppo a questa"", ""reason"": ""Il partecipante segnala il rischio di un eccessivo affidamento all'IA.""}, {""category"": ""riduzione_relazione"", ""evidence"": ""si perde il senso di imparare delle cose"", ""reason"": ""Il partecipante indica la perdita del senso di apprendimento attivo.""}]",0.9,La risposta elenca esplicitamente un pro e due contro distinti.
studenti_tella04.md,tella04,Studenti,studenti,8,"In base alla tua esperiezia, quali sono i pro e i contro dell'uso dell'intelligenza artificiale nello studio?",pro che mi aiuta cin i compiti contro che alcuni li fa male,misto,1,1,supporto_comprensione,delega_cognitiva,"[{""category"": ""supporto_comprensione"", ""evidence"": ""mi aiuta cin i compiti"", ""reason"": ""Il partecipante indica che l'IA assiste nella risoluzione dei compiti.""}]","[{""category"": ""delega_cognitiva"", ""evidence"": ""alcuni li fa male"", ""reason"": ""Il partecipante segnala che l'uso dell'IA può portare a un uso scorretto o a una cattiva esecuzione dei compiti.""}]",0.6,La risposta elenca sia un vantaggio ('aiuta') sia un rischio ('fa male'). La formulazione è molto generica.
studenti_tese28.md,Tese28,Studenti,studenti,3,"In base alla tua esperiezia, quali sono i pro e i contro dell'uso dell'intelligenza artificiale nello studio?","Personalmente credo ci siano solo contro e nessun pro. Il contro più grande è che da delle risposte identiche per tutti (e che molti usano per copiare), di conseguenza lo studio e l'elaborazione non è più personale e diventa di massa. Questa cosa mi spaventa molto. Credo che il contatto umano sia molto importante nell'apprendimento",solo_contro,0,4,,standardizzazione|plagio_autorialita|riduzione_relazione|creativita_coinvolgimento,[],"[{""category"": ""standardizzazione"", ""evidence"": ""da delle risposte identiche per tutti"", ""reason"": ""Il partecipante evidenzia il rischio di risposte generiche e non personalizzate.""}, {""category"": ""plagio_autorialita"", ""evidence"": ""che molti usano per copiare"", ""reason"": ""Il partecipante cita l'uso dell'IA per copiare come un grave contro.""}, {""category"": ""riduzione_relazione"", ""evidence"": ""lo studio e l'elaborazione non è più personale"", ""reason"": ""Il partecipante lamenta la perdita di personalizzazione nello studio.""}, {""category"": ""creativita_coinvolgimento"", ""evidence"": ""diventa di massa"", ""reason"": ""Il partecipante teme che l'approccio diventi impersonale e di massa.""}]",0.95,Il partecipante dichiara esplicitamente che ci sono solo contro e nessun pro.
studenti_tesi11.md,tesi11,Studenti,studenti,7,"In base alla tua esperiezia, quali sono i pro e i contro dell'uso dell'intelligenza artificiale nello studio?",può essere di grande aiuto ma si rischia di sostituire completamente il lavoro/studio della mente umana o si può diventare pigri,misto,1,2,efficienza_tempo,delega_cognitiva|dipendenza,"[{""category"": ""efficienza_tempo"", ""evidence"": ""grande aiuto"", ""reason"": ""Il partecipante indica che l'IA può essere di grande aiuto, implicando un vantaggio nell'efficienza o supporto.""}]","[{""category"": ""delega_cognitiva"", ""evidence"": ""sostituire completamente il lavoro/studio della mente umana"", ""reason"": ""Il partecipante esprime il rischio che l'IA prenda il posto del pensiero umano.""}, {""category"": ""dipendenza"", ""evidence"": ""diventare pigri"", ""reason"": ""Il partecipante segnala il rischio di sviluppare una pigrizia o dipendenza dall'IA.""}]",0.9,La risposta elenca esplicitamente un beneficio ('grande aiuto') e due rischi distinti (sostituzione del lavoro mentale e pigrizia).
studenti_tili10.md,tili10,Studenti,studenti,8,"In base alla tua esperiezia, quali sono i pro e i contro dell'uso dell'intelligenza artificiale nello studio?",Le risposte sono da prendere con le molle. Bisogna sempre verificare. Anche nella versione a pagamento,nessuno,0,0,,,[],[],0.9,La risposta è generica e non elenca benefici o rischi specifici dell'IA.
studenti_tini07.md,Tini07,Studenti,studenti,8,"In base alla tua esperiezia, quali sono i pro e i contro dell'uso dell'intelligenza artificiale nello studio?",I pro sono che mi aiutano molto. Contro che non riesco a fare le cose da sola,misto,1,1,supporto_comprensione,dipendenza,"[{""category"": ""supporto_comprensione"", ""evidence"": ""mi aiutano molto"", ""reason"": ""Il partecipante indica che l'IA fornisce un aiuto significativo nello studio.""}]","[{""category"": ""dipendenza"", ""evidence"": ""non riesco a fare le cose da sola"", ""reason"": ""Il partecipante esprime l'incapacità di svolgere compiti autonomamente senza l'IA.""}]",0.9,La risposta elenca esplicitamente un vantaggio ('aiutano molto') e uno svantaggio ('non riesco a fare le cose da sola').
studenti_tini30.md,tini30,Studenti,studenti,7,"In base alla tua esperiezia, quali sono i pro e i contro dell'uso dell'intelligenza artificiale nello studio?",non lo so,nessuno,0,0,,,[],[],1.0,Il partecipante dichiara di non sapere rispondere alla domanda.
studenti_tino03.md,tino03,Studenti,studenti,8,"In base alla tua esperiezia, quali sono i pro e i contro dell'uso dell'intelligenza artificiale nello studio?",Pro è la riduzione del tempo il contro è l’abuso,misto,1,1,efficienza_tempo,dipendenza,"[{""category"": ""efficienza_tempo"", ""evidence"": ""riduzione del tempo"", ""reason"": ""Il partecipante indica che l'IA permette di risparmiare tempo.""}]","[{""category"": ""dipendenza"", ""evidence"": ""abuso"", ""reason"": ""Il partecipante segnala il rischio di un uso eccessivo o patologico dell'IA.""}]",0.9,La risposta elenca esplicitamente un pro (riduzione del tempo) e un contro (abuso).
studenti_tino1.md,tino1,Studenti,studenti,7,"In base alla tua esperiezia, quali sono i pro e i contro dell'uso dell'intelligenza artificiale nello studio?",Pro: è veloce Contro: non stimola il cervello,misto,1,1,efficienza_tempo,delega_cognitiva,"[{""category"": ""efficienza_tempo"", ""evidence"": ""è veloce"", ""reason"": ""Il partecipante evidenzia la rapidità come vantaggio.""}]","[{""category"": ""delega_cognitiva"", ""evidence"": ""non stimola il cervello"", ""reason"": ""Il partecipante segnala il rischio di non attivare i processi cognitivi.""}]",1.0,La risposta contiene esplicitamente un pro e un contro.
studenti_tioli20.md,tioli20,Studenti,studenti,7,"In base alla tua esperiezia, quali sono i pro e i contro dell'uso dell'intelligenza artificiale nello studio?",pro: velocizzare lo studio  contro: distrazione,misto,1,1,efficienza_tempo,altro,"[{""category"": ""efficienza_tempo"", ""evidence"": ""velocizzare lo studio"", ""reason"": ""Il partecipante indica che l'IA permette di accelerare il processo di studio.""}]","[{""category"": ""altro"", ""evidence"": ""distrazione"", ""reason"": ""Il partecipante segnala che l'uso dell'IA può portare a distrazioni durante lo studio.""}]",0.9,La risposta elenca esplicitamente un pro (velocizzazione) e un contro (distrazione).
studenti_tisti14.md,tisti14,Studenti,studenti,7,"In base alla tua esperiezia, quali sono i pro e i contro dell'uso dell'intelligenza artificiale nello studio?",I contro sono che limitano molto la creatività e l'individualità e i pro sono che hanno le risposte a tutto e gli si può chiedere qualsiasi cosa,misto,1,2,ricerca_informazioni,creativita_coinvolgimento|individualizzazione,"[{""category"": ""ricerca_informazioni"", ""evidence"": ""hanno le risposte a tutto"", ""reason"": ""Il partecipante evidenzia la capacità dell'IA di fornire risposte immediate e complete su qualsiasi argomento.""}]","[{""category"": ""creativita_coinvolgimento"", ""evidence"": ""limitano molto la creatività"", ""reason"": ""Il partecipante segnala che l'uso dell'IA riduce la capacità creativa.""}, {""category"": ""individualizzazione"", ""evidence"": ""limitano molto la creatività e l'individualità"", ""reason"": ""Il partecipante indica che l'IA minaccia l'espressione dell'individualità dello studente.""}]",0.9,La risposta elenca esplicitamente sia un vantaggio (risposte a tutto) sia due svantaggi (limitazione creatività e individualità).
studenti_tofa14.md,tofa14,Studenti,studenti,7,"In base alla tua esperiezia, quali sono i pro e i contro dell'uso dell'intelligenza artificiale nello studio?",i pro che posso finire i compiti e avere il pomeriggio libero i contro si peggiora nella vita,misto,1,1,efficienza_tempo,delega_cognitiva,"[{""category"": ""efficienza_tempo"", ""evidence"": ""finire i compiti"", ""reason"": ""Il partecipante indica che l'IA permette di completare i compiti più velocemente.""}]","[{""category"": ""delega_cognitiva"", ""evidence"": ""peggiora nella vita"", ""reason"": ""Il partecipante afferma che l'uso dell'IA peggiora la propria vita, suggerendo un impatto negativo sulla qualità della vita o sulle capacità personali.""}]",0.7,La risposta elenca un vantaggio legato al tempo e un svantaggio generico sulla qualità della vita.
studenti_tone10.md,tone10,Studenti,studenti,7,"In base alla tua esperiezia, quali sono i pro e i contro dell'uso dell'intelligenza artificiale nello studio?","I pro sono molteplici, soprattutto la rapidità con la quale riesco a modificare la risposta di IA, o cercare affermazioni che più si adeguano alla mia domanda. Mi aiuta anche a scrivere mail formali.  I contro sono quelli che con il tempo divento più pigro nel cercare soluzioni",misto,3,1,efficienza_tempo|ricerca_informazioni|produzione_materiali,dipendenza,"[{""category"": ""efficienza_tempo"", ""evidence"": ""rapidità con la quale riesco a modificare la risposta di IA"", ""reason"": ""Il partecipante evidenzia il vantaggio della velocità operativa.""}, {""category"": ""ricerca_informazioni"", ""evidence"": ""cercare affermazioni che più si adeguano alla mia domanda"", ""reason"": ""Il partecipante indica la capacità di trovare informazioni pertinenti rapidamente.""}, {""category"": ""produzione_materiali"", ""evidence"": ""Mi aiuta anche a scrivere mail formali"", ""reason"": ""Il partecipante cita l'assistenza nella stesura di documenti formali.""}]","[{""category"": ""dipendenza"", ""evidence"": ""divento più pigro nel cercare soluzioni"", ""reason"": ""Il partecipante segnala un rischio di inerzia o pigrizia derivante dall'uso dell'IA.""}]",0.9,La risposta elenca chiaramente sia vantaggi operativi che svantaggi comportamentali.
studenti_tori07.md,tori07,Studenti,studenti,7,"In base alla tua esperiezia, quali sono i pro e i contro dell'uso dell'intelligenza artificiale nello studio?",ti aiuta a fare cose che da solo non saresti in grado di fare ma allo stesso tempo può essere rischiosa perché se non usata con maturità potrebbe privare di saper apprendere autonomamente,misto,1,1,autonomia_organizzazione,delega_cognitiva,"[{""category"": ""autonomia_organizzazione"", ""evidence"": ""ti aiuta a fare cose che da solo non saresti in grado di fare"", ""reason"": ""Il partecipante indica che l'IA permette di compiere azioni altrimenti impossibili, suggerendo un supporto all'autonomia o all'organizzazione.""}]","[{""category"": ""delega_cognitiva"", ""evidence"": ""potrebbe privare di saper apprendere autonomamente"", ""reason"": ""Il partecipante segnala il rischio di perdere la capacità di apprendimento autonomo se l'uso non è maturo.""}]",0.9,"La risposta elenca esplicitamente un vantaggio ('aiuta a fare cose') e un rischio ('rischiosa', 'privare di saper apprendere')."
studenti_toti07.md,Toti07,Studenti,studenti,7,"In base alla tua esperiezia, quali sono i pro e i contro dell'uso dell'intelligenza artificiale nello studio?",A volte può essere troppo riassuntivo. Un pro è che è molto utile quando si ha poco tempo,misto,1,1,efficienza_tempo,standardizzazione,"[{""category"": ""efficienza_tempo"", ""evidence"": ""molto utile quando si ha poco tempo"", ""reason"": ""Il partecipante evidenzia l'utilità dell'IA in situazioni di scarsità temporale.""}]","[{""category"": ""standardizzazione"", ""evidence"": ""troppo riassuntivo"", ""reason"": ""Il partecipante lamenta una tendenza eccessiva alla sintesi che potrebbe appiattire i contenuti.""}]",0.9,La risposta elenca esplicitamente un vantaggio ('molto utile') e uno svantaggio ('troppo riassuntivo').
studenti_tta12.md,Tta12,Studenti,studenti,3,"In base alla tua esperiezia, quali sono i pro e i contro dell'uso dell'intelligenza artificiale nello studio?",Non lo so,nessuno,0,0,,,[],[],1.0,Il partecipante dichiara di non sapere rispondere alla domanda.
studenti_ucci09.md,Ucci09,Studenti,studenti,3,"In base alla tua esperiezia, quali sono i pro e i contro dell'uso dell'intelligenza artificiale nello studio?","Il pro é che ti permette di risparmiare molto tempo perché ci pensa lei al posto tuo, la maggior parte del tempo; il contro è che purtroppo molte volte sbaglia e quindi ti ritrovi a dover sistemare una parte se non tutto",misto,1,1,efficienza_tempo,affidabilita_errori,"[{""category"": ""efficienza_tempo"", ""evidence"": ""ti permette di risparmiare molto tempo perché ci pensa lei al posto tuo"", ""reason"": ""Il partecipante evidenzia il risparmio di tempo come vantaggio principale.""}]","[{""category"": ""affidabilita_errori"", ""evidence"": ""purtroppo molte volte sbaglia"", ""reason"": ""Il partecipante segnala l'errore frequente dell'IA come svantaggio.""}]",0.95,La risposta elenca esplicitamente un pro (risparmio tempo) e un contro (sbagliare).
studenti_ucci14.md,UCCI14,Studenti,studenti,3,"In base alla tua esperiezia, quali sono i pro e i contro dell'uso dell'intelligenza artificiale nello studio?","Mi pongo la questione se possa alterare la qualità personale dello studio, che possa facilitarne troppo la realizzazione di elaborati e tesi",misto,1,1,produzione_materiali,delega_cognitiva,"[{""category"": ""produzione_materiali"", ""evidence"": ""facilitarne troppo la realizzazione di elaborati e tesi"", ""reason"": ""Il partecipante indica che l'IA facilita la realizzazione di lavori accademici.""}]","[{""category"": ""delega_cognitiva"", ""evidence"": ""alterare la qualità personale dello studio"", ""reason"": ""Il partecipante teme che l'IA possa compromettere la qualità del processo di studio personale.""}]",0.9,La risposta esplicita un vantaggio nella facilitazione della produzione e un rischio nella qualità dello studio.
studenti_ucci19.md,ucci19,Studenti,studenti,8,"In base alla tua esperiezia, quali sono i pro e i contro dell'uso dell'intelligenza artificiale nello studio?","Il rischio principale per me è l’abuso, rischiando di sostituire ciò che potrebbe essere svolto da noi ma per comodità farlo svolgere dall’AI",solo_contro,0,2,,delega_cognitiva|dipendenza,[],"[{""category"": ""delega_cognitiva"", ""evidence"": ""rischiando di sostituire ciò che potrebbe essere svolto da noi"", ""reason"": ""Il partecipante evidenzia il rischio di sostituzione delle attività umane da parte dell'IA.""}, {""category"": ""dipendenza"", ""evidence"": ""per comodità farlo svolgere dall’AI"", ""reason"": ""Il partecipante indica come motivazione principale la comodità, suggerendo una dipendenza dall'IA.""}]",0.95,"La risposta elenca esclusivamente rischi (abuso, sostituzione, comodità) senza menzionare benefici."
studenti_ucci31.md,ucci31,Studenti,studenti,7,"In base alla tua esperiezia, quali sono i pro e i contro dell'uso dell'intelligenza artificiale nello studio?",I pro sono che va a semplificare e ridurre il lavoro  I contro sono che si riduce il quoziente intellettivo dello studente,misto,1,1,efficienza_tempo,delega_cognitiva,"[{""category"": ""efficienza_tempo"", ""evidence"": ""va a semplificare e ridurre il lavoro"", ""reason"": ""Il partecipante indica che l'IA semplifica e riduce il carico di lavoro.""}]","[{""category"": ""delega_cognitiva"", ""evidence"": ""si riduce il quoziente intellettivo dello studente"", ""reason"": ""Il partecipante segnala che l'uso dell'IA porta a una riduzione delle capacità intellettive.""}]",0.9,La risposta elenca esplicitamente un vantaggio (semplificazione) e uno svantaggio (riduzione quoziente intellettivo).
studenti_uida30.md,uida30,Studenti,studenti,7,"In base alla tua esperiezia, quali sono i pro e i contro dell'uso dell'intelligenza artificiale nello studio?","io sono pro, poiché risparmio tante energie e riesco a studiare in meno di 2h, di solito ne impiego 4/5. un contro molto importante è che il cervello non si sforza più a fare da sé perché abbiamo già tutto servito e quindi si perdono anche le capacità di ragionamento proprio",misto,1,1,efficienza_tempo,delega_cognitiva,"[{""category"": ""efficienza_tempo"", ""evidence"": ""risparmio tante energie e riesco a studiare in meno di 2h"", ""reason"": ""Il partecipante evidenzia il risparmio di tempo ed energie.""}]","[{""category"": ""delega_cognitiva"", ""evidence"": ""il cervello non si sforza più a fare da sé perché abbiamo già tutto servito"", ""reason"": ""Il partecipante segnala che l'IA riduce lo sforzo mentale autonomo.""}]",0.9,La risposta esplicita sia un vantaggio (risparmio tempo/energia) sia uno svantaggio (mancanza di sforzo cognitivo).
studenti_ulou14.md,ULOU14,Studenti,studenti,6,"In base alla tua esperiezia, quali sono i pro e i contro dell'uso dell'intelligenza artificiale nello studio?","Pro - Velocizza, Semplifica, Chiarisce le idee, fa domande per verificare conoscenze Contro- può limitare la capacità di scrivere e abbassare la soglia della concentrazione",misto,3,2,efficienza_tempo|supporto_comprensione|supporto_comprensione,delega_cognitiva|dipendenza,"[{""category"": ""efficienza_tempo"", ""evidence"": ""Velocizza"", ""reason"": ""Il partecipante indica che l'IA accelera i processi di studio.""}, {""category"": ""supporto_comprensione"", ""evidence"": ""Semplifica, Chiarisce le idee"", ""reason"": ""Il partecipante evidenzia come l'IA aiuti a semplificare e chiarire i concetti.""}, {""category"": ""supporto_comprensione"", ""evidence"": ""fa domande per verificare conoscenze"", ""reason"": ""Il partecipante nota che l'IA supporta la verifica delle conoscenze tramite domande.""}]","[{""category"": ""delega_cognitiva"", ""evidence"": ""può limitare la capacità di scrivere"", ""reason"": ""Il partecipante segnala il rischio di una riduzione delle capacità di scrittura autonoma.""}, {""category"": ""dipendenza"", ""evidence"": ""abbassare la soglia della concentrazione"", ""reason"": ""Il partecipante indica che l'uso dell'IA può portare a una diminuzione della capacità di concentrazione.""}]",0.95,La risposta elenca esplicitamente sia vantaggi operativi e cognitivi sia svantaggi legati alle capacità individuali.
studenti_ummo22.md,Ummo22,Studenti,studenti,7,"In base alla tua esperiezia, quali sono i pro e i contro dell'uso dell'intelligenza artificiale nello studio?",Pro mi aiuta in ciò che non ho capito bene e contro non sempre mi fornisce ciò che ho richiesto,misto,1,1,supporto_comprensione,affidabilita_errori,"[{""category"": ""supporto_comprensione"", ""evidence"": ""mi aiuta in ciò che non ho capito bene"", ""reason"": ""Il partecipante indica che l'IA funge da supporto per chiarire concetti non compresi.""}]","[{""category"": ""affidabilita_errori"", ""evidence"": ""non sempre mi fornisce ciò che ho richiesto"", ""reason"": ""Il partecipante segnala che l'IA non risponde sempre in modo pertinente alle richieste.""}]",0.9,La risposta elenca esplicitamente un vantaggio (comprensione) e uno svantaggio (affidabilità).
studenti_uovo24.md,uovo24,Studenti,studenti,3,"In base alla tua esperiezia, quali sono i pro e i contro dell'uso dell'intelligenza artificiale nello studio?",pro: capacità di sintesi e spiegazione alternative di teorie e concetti - contro:sostituisce lo studio dai manuali,misto,1,1,supporto_comprensione,delega_cognitiva,"[{""category"": ""supporto_comprensione"", ""evidence"": ""capacità di sintesi e spiegazione alternative di teorie e concetti"", ""reason"": ""Il partecipante evidenzia il vantaggio di ricevere spiegazioni alternative e sintesi per comprendere meglio i concetti.""}]","[{""category"": ""delega_cognitiva"", ""evidence"": ""sostituisce lo studio dai manuali"", ""reason"": ""Il partecipante segnala il rischio che l'IA sostituisca l'attività di studio autonoma sui materiali di riferimento.""}]",0.95,La risposta elenca esplicitamente un pro e un contro.
studenti_uppa08.md,Uppa08,Studenti,studenti,3,"In base alla tua esperiezia, quali sono i pro e i contro dell'uso dell'intelligenza artificiale nello studio?","Contro: il risultato non è frutto del nostro cervello, non promuove l’intuizione Pro: aiuta ad avere i risultati nel minor tempo possibile e con meno sforzi",misto,1,1,efficienza_tempo,delega_cognitiva,"[{""category"": ""efficienza_tempo"", ""evidence"": ""aiuta ad avere i risultati nel minor tempo possibile e con meno sforzi"", ""reason"": ""Il partecipante evidenzia il vantaggio di ottenere risultati rapidi e con meno fatica.""}]","[{""category"": ""delega_cognitiva"", ""evidence"": ""il risultato non è frutto del nostro cervello, non promuove l'intuizione"", ""reason"": ""Il partecipante segnala il rischio di non sviluppare l'intuizione personale poiché il risultato non deriva dal proprio cervello.""}]",0.95,La risposta elenca esplicitamente un pro e un contro.
studenti_urdi04.md,URDI04,Studenti,studenti,8,"In base alla tua esperiezia, quali sono i pro e i contro dell'uso dell'intelligenza artificiale nello studio?","Pro: tempi ridotti di studio o lavoro, facilitazione della comprensione di concetti. CONTRO: non c'é una formazione adeguata al corretto utilizzo dell'IA. Questo rischia di produrre menti poco critiche e superficiali.",misto,2,1,efficienza_tempo|supporto_comprensione,delega_cognitiva,"[{""category"": ""efficienza_tempo"", ""evidence"": ""tempi ridotti di studio o lavoro"", ""reason"": ""Il partecipante cita la riduzione dei tempi come vantaggio.""}, {""category"": ""supporto_comprensione"", ""evidence"": ""facilitazione della comprensione di concetti"", ""reason"": ""Il partecipante indica che l'IA aiuta a capire meglio i concetti.""}]","[{""category"": ""delega_cognitiva"", ""evidence"": ""non c'é una formazione adeguata al corretto utilizzo dell'IA. Questo rischia di produrre menti poco critiche e superficiali"", ""reason"": ""Il partecipante evidenzia il rischio di superficialità e mancanza di pensiero critico dovuto alla mancata formazione.""}]",0.95,La risposta elenca chiaramente sia benefici operativi e cognitivi sia rischi legati alla formazione e al pensiero critico.
studenti_usso09.md,usso09,Studenti,studenti,7,"In base alla tua esperiezia, quali sono i pro e i contro dell'uso dell'intelligenza artificiale nello studio?","il pro è che ottimizza i tempi, mentre i contro che limita la creatività.",misto,1,1,efficienza_tempo,creativita_coinvolgimento,"[{""category"": ""efficienza_tempo"", ""evidence"": ""ottimizza i tempi"", ""reason"": ""Il partecipante indica che l'IA accelera i processi di studio.""}]","[{""category"": ""creativita_coinvolgimento"", ""evidence"": ""limita la creatività"", ""reason"": ""Il partecipante segnala un impatto negativo sulla capacità creativa.""}]",1.0,La risposta elenca esplicitamente un pro e un contro.
studenti_usso14.md,usso14,Studenti,studenti,3,"In base alla tua esperiezia, quali sono i pro e i contro dell'uso dell'intelligenza artificiale nello studio?",pro: riassumere i punti essenziali e facilitarne l'apprendimento contro: i possibili errori di riassunto che possono accadere,misto,2,1,supporto_comprensione|supporto_comprensione,affidabilita_errori,"[{""category"": ""supporto_comprensione"", ""evidence"": ""riassumere i punti essenziali"", ""reason"": ""Il partecipante cita la capacità di sintetizzare come vantaggio per l'apprendimento.""}, {""category"": ""supporto_comprensione"", ""evidence"": ""facilitarne l'apprendimento"", ""reason"": ""Il partecipante indica esplicitamente il miglioramento dell'apprendimento come beneficio.""}]","[{""category"": ""affidabilita_errori"", ""evidence"": ""i possibili errori di riassunto che possono accadere"", ""reason"": ""Il partecipante segnala il rischio di inesattezze nella sintesi generata dall'IA.""}]",0.95,La risposta elenca chiaramente un pro e un contro specifici.
studenti_usso26.md,Usso26,Studenti,studenti,8,"In base alla tua esperiezia, quali sono i pro e i contro dell'uso dell'intelligenza artificiale nello studio?",Pro risparmi tempo,nessuno,0,0,,,[],[],0.0,Nessuna classificazione valida restituita dal modello.
studenti_uzza29.md,uzza29,Studenti,studenti,8,"In base alla tua esperiezia, quali sono i pro e i contro dell'uso dell'intelligenza artificiale nello studio?","i pro sono la facilità con cui poter reperire le informazioni, il contro può essere un'eccessiva delega di compiti a strumenti di intelligenza artificiale che impoverirebbero le nostre capacità",misto,1,1,ricerca_informazioni,delega_cognitiva,"[{""category"": ""ricerca_informazioni"", ""evidence"": ""facilità con cui poter reperire le informazioni"", ""reason"": ""Il partecipante evidenzia la facilità di accesso ai dati come vantaggio.""}]","[{""category"": ""delega_cognitiva"", ""evidence"": ""eccessiva delega di compiti a strumenti di intelligenza artificiale"", ""reason"": ""Il partecipante segnala il rischio di un'eccessiva dipendenza dagli strumenti che impoverisce le capacità personali.""}]",0.95,La risposta elenca esplicitamente un pro e un contro.
studenti_uzzi27.md,uzzi27,Studenti,studenti,8,"In base alla tua esperiezia, quali sono i pro e i contro dell'uso dell'intelligenza artificiale nello studio?","i pro solo il risparmio del tempo, la praticità e la concretezza, i contro sono la difficoltà a tornare a metodi più dispendiosi, non solo economicamente ma anche su piano temporale",misto,3,1,efficienza_tempo|autonomia_organizzazione|produzione_materiali,dipendenza,"[{""category"": ""efficienza_tempo"", ""evidence"": ""risparmio del tempo"", ""reason"": ""Il partecipante cita il risparmio del tempo come vantaggio principale.""}, {""category"": ""autonomia_organizzazione"", ""evidence"": ""la praticità"", ""reason"": ""La praticità è indicata come un beneficio operativo.""}, {""category"": ""produzione_materiali"", ""evidence"": ""la concretezza"", ""reason"": ""La concretezza è menzionata come un aspetto positivo dell'uso dell'IA.""}]","[{""category"": ""dipendenza"", ""evidence"": ""difficoltà a tornare a metodi più dispendiosi"", ""reason"": ""Il partecipante evidenzia la difficoltà di abbandonare l'uso dell'IA, indicando una dipendenza.""}]",0.9,La risposta elenca esplicitamente sia pro che contro dell'uso dell'IA.
studenti_vacci21.md,vacci21,Studenti,studenti,8,"In base alla tua esperiezia, quali sono i pro e i contro dell'uso dell'intelligenza artificiale nello studio?","pro ti aiuta e specifica lo studio, contro ci sono persone che se ne approfittano",misto,1,1,supporto_comprensione,plagio_autorialita,"[{""category"": ""supporto_comprensione"", ""evidence"": ""ti aiuta e specifica lo studio"", ""reason"": ""Il partecipante indica che l'IA aiuta a specificare lo studio.""}]","[{""category"": ""plagio_autorialita"", ""evidence"": ""ci sono persone che se ne approfittano"", ""reason"": ""Il partecipante segnala che alcuni studenti usano l'IA per trarne vantaggio indebito.""}]",0.9,La risposta elenca esplicitamente un pro e un contro.
studenti_vale6.md,vale6,Studenti,studenti,3,"In base alla tua esperiezia, quali sono i pro e i contro dell'uso dell'intelligenza artificiale nello studio?",i pro sono che ti salva per quando non riesci a fare un compito i contro che non ragioni più con la tua testa,misto,1,1,supporto_comprensione,delega_cognitiva,"[{""category"": ""supporto_comprensione"", ""evidence"": ""ti salva per quando non riesci a fare un compito"", ""reason"": ""Il partecipante indica che l'IA aiuta a superare difficoltà nello svolgimento dei compiti.""}]","[{""category"": ""delega_cognitiva"", ""evidence"": ""non ragioni più con la tua testa"", ""reason"": ""Il partecipante segnala che l'uso dell'IA porta a una riduzione del ragionamento autonomo.""}]",0.9,La risposta elenca esplicitamente un vantaggio (aiuto nei compiti) e uno svantaggio (mancanza di ragionamento).
studenti_vese2.md,Vese2,Studenti,studenti,7,"In base alla tua esperiezia, quali sono i pro e i contro dell'uso dell'intelligenza artificiale nello studio?","Pro velocità, duttilità, capacità di avere tanti modi diversi per studiare l'argomento  Contro affidabilità delle fonti",misto,3,1,efficienza_tempo|personalizzazione|supporto_comprensione,affidabilita_errori,"[{""category"": ""efficienza_tempo"", ""evidence"": ""velocità"", ""reason"": ""Il partecipante cita la velocità come vantaggio.""}, {""category"": ""personalizzazione"", ""evidence"": ""duttìlità"", ""reason"": ""Il partecipante indica la duttilità come pro.""}, {""category"": ""supporto_comprensione"", ""evidence"": ""capacità di avere tanti modi diversi per studiare l'argomento"", ""reason"": ""Il partecipante evidenzia la capacità di offrire molteplici modalità di studio.""}]","[{""category"": ""affidabilita_errori"", ""evidence"": ""affidabilità delle fonti"", ""reason"": ""Il partecipante segnala problemi relativi all'affidabilità delle fonti.""}]",0.9,La risposta elenca esplicitamente sia pro che contro.
studenti_vito21.md,Vito21,Studenti,studenti,7,"In base alla tua esperiezia, quali sono i pro e i contro dell'uso dell'intelligenza artificiale nello studio?",Pro si apprende contro fa diminuire la fantasia,misto,1,1,creativita_coinvolgimento,creativita_coinvolgimento,"[{""category"": ""creativita_coinvolgimento"", ""evidence"": ""si apprende"", ""reason"": ""Il partecipante indica che l'uso dell'IA favorisce l'apprendimento.""}]","[{""category"": ""creativita_coinvolgimento"", ""evidence"": ""fa diminuire la fantasia"", ""reason"": ""Il partecipante segnala che l'uso dell'IA riduce la fantasia.""}]",0.9,La risposta elenca esplicitamente un pro ('si apprende') e un contro ('fa diminuire la fantasia').
studenti_zano18.md,zano18,Studenti,studenti,7,"In base alla tua esperiezia, quali sono i pro e i contro dell'uso dell'intelligenza artificiale nello studio?",spesso fanno parte del lavoro al nostro posto,nessuno,0,0,,,[],[],0.9,La risposta è generica e non esplicita né benefici né rischi specifici dell'IA.
