source_name,record_code,group,cohort,item_index,question,answer,stance,pro_count,con_count,pro_categories,con_categories,pros_json,cons_json,confidence,reason
insegnanti_attuali_060580.md,060580,Insegnanti in servizio,insegnanti_in_servizio,3,"In base alla tua esperienza, quali sono i pro e i contro dell'uso dell'intelligenza artificiale nell'educazione?",Non ho esperienza in merito,nessuno,0,0,,,[],[],0.0,Nessuna classificazione valida restituita dal modello.
insegnanti_attuali_19albe.md,19albe,Insegnanti in servizio,insegnanti_in_servizio,9,"In base alla tua esperienza, quali sono i pro e i contro dell'uso dell'intelligenza artificiale nell'educazione?",vantaggi: aumento dell'efficienza e della produttività; migliore processo decisionale; creazione di nuovi posti di lavoro. svantaggi: dipendenza dall'AI; Divario delle competenze digitali; il rischio di raccolta e utilizzo improprio dei dati e penalizzazione del ruolo del docente nel processo di valutazione scolastico.,misto,3,4,efficienza_tempo|autonomia_organizzazione|altro,dipendenza|disuguaglianze|privacy_etica|riduzione_relazione,"[{""category"": ""efficienza_tempo"", ""evidence"": ""aumento dell'efficienza e della produttività"", ""reason"": ""Il partecipante cita esplicitamente l'aumento di efficienza e produttività come vantaggio.""}, {""category"": ""autonomia_organizzazione"", ""evidence"": ""migliore processo decisionale"", ""reason"": ""Il partecipante indica che l'IA supporta un processo decisionale migliore.""}, {""category"": ""altro"", ""evidence"": ""creazione di nuovi posti di lavoro"", ""reason"": ""Il partecipante menziona la creazione di nuovi posti di lavoro come beneficio.""}]","[{""category"": ""dipendenza"", ""evidence"": ""dipendenza dall'AI"", ""reason"": ""Il partecipante segnala esplicitamente il rischio di dipendenza dall'intelligenza artificiale.""}, {""category"": ""disuguaglianze"", ""evidence"": ""Divario delle competenze digitali"", ""reason"": ""Il partecipante evidenzia il divario digitale come uno svantaggio.""}, {""category"": ""privacy_etica"", ""evidence"": ""rischio di raccolta e utilizzo improprio dei dati"", ""reason"": ""Il partecipante cita il rischio legato alla raccolta e all'uso improprio dei dati.""}, {""category"": ""riduzione_relazione"", ""evidence"": ""penalizzazione del ruolo del docente nel processo di valutazione scolastico"", ""reason"": ""Il partecipante indica che l'IA penalizza il ruolo del docente nella valutazione, riducendo il suo impatto.""}]",0.95,"La risposta elenca chiaramente sia vantaggi (efficienza, decisione, lavoro) sia svantaggi (dipendenza, divario, privacy, ruolo docente)."
insegnanti_attuali_21giugno2025.md,21giugno2025,Insegnanti in servizio,insegnanti_in_servizio,9,"In base alla tua esperienza, quali sono i pro e i contro dell'uso dell'intelligenza artificiale nell'educazione?","Facilita, arricchisce, ma al tempo stesso limita la creatività",misto,1,1,creativita_coinvolgimento,creativita_coinvolgimento,"[{""category"": ""creativita_coinvolgimento"", ""evidence"": ""Facilita, arricchisce"", ""reason"": ""Il partecipante indica che l'IA facilita e arricchisce l'esperienza educativa.""}]","[{""category"": ""creativita_coinvolgimento"", ""evidence"": ""limita la creatività"", ""reason"": ""Il partecipante segnala che l'uso dell'IA limita la creatività.""}]",0.9,"La risposta elenca esplicitamente sia un beneficio ('facilita, arricchisce') sia un rischio ('limita la creatività')."
insegnanti_attuali_acci11.md,acci11,Insegnanti in servizio,insegnanti_in_servizio,9,"In base alla tua esperienza, quali sono i pro e i contro dell'uso dell'intelligenza artificiale nell'educazione?",rende più attuale la lezione,solo_pro,1,0,creativita_coinvolgimento,,"[{""category"": ""creativita_coinvolgimento"", ""evidence"": ""rende più attuale la lezione"", ""reason"": ""Il partecipante indica che l'IA rende il contenuto didattico più attuale, migliorando l'interesse.""}]",[],0.9,La risposta menziona esclusivamente un beneficio percepito.
insegnanti_attuali_acci15.md,acci15,Insegnanti in servizio,insegnanti_in_servizio,9,"In base alla tua esperienza, quali sono i pro e i contro dell'uso dell'intelligenza artificiale nell'educazione?","L'AI rappresenta un aiuto in quanto consente di reperire informazioni velocemente, ma può portare a una limitazione del pensiero critico.",misto,1,1,ricerca_informazioni,delega_cognitiva,"[{""category"": ""ricerca_informazioni"", ""evidence"": ""consente di reperire informazioni velocemente"", ""reason"": ""Il partecipante evidenzia la rapidità nell'accesso alle informazioni come vantaggio.""}]","[{""category"": ""delega_cognitiva"", ""evidence"": ""può portare a una limitazione del pensiero critico"", ""reason"": ""Il partecipante segnala il rischio di un indebolimento delle capacità di pensiero autonomo.""}]",0.9,La risposta elenca esplicitamente un beneficio (velocità) e un rischio (limitazione pensiero critico).
insegnanti_attuali_adei10.md,adei10,Insegnanti in servizio,insegnanti_in_servizio,9,"In base alla tua esperienza, quali sono i pro e i contro dell'uso dell'intelligenza artificiale nell'educazione?","Dipende dalle materie che si insegnano, essendo una docente di grafica per me è inevitabile l'utilizzo nei laboratori, diverso e per le materie umanistiche e scientifiche, l'utilizzo ci deve essere ma non abusarne, perchè il problema e che gli alunni a lungo andare non avranno la capacità di apprendere, ragionare, risolvere problemi e prendere decisioni autonome.",misto,1,1,creativita_coinvolgimento,delega_cognitiva,"[{""category"": ""creativita_coinvolgimento"", ""evidence"": ""per me è inevitabile l'utilizzo nei laboratori"", ""reason"": ""Il partecipante indica che per la materia di grafica l'uso dell'IA è necessario e inevitabile.""}]","[{""category"": ""delega_cognitiva"", ""evidence"": ""gli alunni a lungo andare non avranno la capacità di apprendere, ragionare, risolvere problemi e prendere decisioni autonome"", ""reason"": ""Il partecipante teme che l'uso eccessivo dell'IA porti alla perdita delle capacità cognitive autonome degli studenti.""}]",0.9,La risposta elenca un vantaggio specifico per una materia (grafica) e un rischio specifico per le capacità cognitive generali.
insegnanti_attuali_agna09.md,agna09,Insegnanti in servizio,insegnanti_in_servizio,8,"In base alla tua esperienza, quali sono i pro e i contro dell'uso dell'intelligenza artificiale nell'educazione?","I pro sono: personalizzazione del percorso educativo-didattico, apprendimento continuo, sviluppo di competenze digitali e monitoraggio e analisi dei progressi degli allievi. I contro sono: riduzione dell' interazione umana; dipendenza dalla tecnologia e preoccupazione inerente il rischio sulla privacy e sicurezza dei dati.",nessuno,0,0,,,[],[],0.0,Nessuna classificazione valida restituita dal modello.
insegnanti_attuali_aisto30.md,aisto30,Insegnanti in servizio,insegnanti_in_servizio,9,"In base alla tua esperienza, quali sono i pro e i contro dell'uso dell'intelligenza artificiale nell'educazione?",pro : velocizza lavoro burocratico dei docenti; contro gli studenti lo usano in maniera scorretta,misto,1,1,efficienza_tempo,plagio_autorialita,"[{""category"": ""efficienza_tempo"", ""evidence"": ""velocizza lavoro burocratico dei docenti"", ""reason"": ""Il partecipante evidenzia il vantaggio di accelerare le attività amministrative.""}]","[{""category"": ""plagio_autorialita"", ""evidence"": ""gli studenti lo usano in maniera scorretta"", ""reason"": ""Il partecipante segnala il rischio di utilizzo improprio da parte degli studenti.""}]",0.9,La risposta elenca esplicitamente un pro e un contro.
insegnanti_attuali_aleo23.md,Aleo23,Insegnanti in servizio,insegnanti_in_servizio,3,"In base alla tua esperienza, quali sono i pro e i contro dell'uso dell'intelligenza artificiale nell'educazione?",Non saprei,nessuno,0,0,,,[],[],0.0,La risposta 'Non saprei' non espone né benefici né rischi specifici.
insegnanti_attuali_alli07.md,Alli07,Insegnanti in servizio,insegnanti_in_servizio,8,"In base alla tua esperienza, quali sono i pro e i contro dell'uso dell'intelligenza artificiale nell'educazione?",Usare l’AI in modo corretto e responsabile è un Pro poiché permetterebbe di numerosi vantaggi sia ai docenti sia agli studenti. Utilizzare l’AI per farsi fare i compiti o realizzare progetti senza mettere impegno è un Contro,misto,1,1,supporto_comprensione,delega_cognitiva,"[{""category"": ""supporto_comprensione"", ""evidence"": ""permetterebbe di numerosi vantaggi sia ai docenti sia agli studenti"", ""reason"": ""Il partecipante indica che l'uso corretto dell'IA offre vantaggi a docenti e studenti.""}]","[{""category"": ""delega_cognitiva"", ""evidence"": ""Utilizzare l’AI per farsi fare i compiti o realizzare progetti senza mettere impegno"", ""reason"": ""Il partecipante segnala il rischio di delegare l'impegno e l'apprendimento all'IA.""}]",0.9,La risposta elenca esplicitamente un pro (vantaggi) e un contro (uso scorretto/delega).
insegnanti_attuali_amor11.md,Amor11,Insegnanti in servizio,insegnanti_in_servizio,9,"In base alla tua esperienza, quali sono i pro e i contro dell'uso dell'intelligenza artificiale nell'educazione?","Personalizzazione dell’apprendimento come pro, mentre contro passività nello studio, gli studenti tendono a copiare senza capire",misto,1,2,personalizzazione,delega_cognitiva|plagio_autorialita,"[{""category"": ""personalizzazione"", ""evidence"": ""Personalizzazione dell'apprendimento"", ""reason"": ""Il partecipante cita la capacità di adattare l'insegnamento alle esigenze individuali come vantaggio.""}]","[{""category"": ""delega_cognitiva"", ""evidence"": ""passività nello studio"", ""reason"": ""Il partecipante evidenzia come l'IA possa indurre gli studenti a non impegnarsi attivamente.""}, {""category"": ""plagio_autorialita"", ""evidence"": ""gli studenti tendono a copiare senza capire"", ""reason"": ""Il partecipante segnala il rischio di plagio e mancanza di comprensione profonda.""}]",0.95,La risposta elenca esplicitamente un pro e due contro specifici.
insegnanti_attuali_anco24.md,anco24,Insegnanti in servizio,insegnanti_in_servizio,3,"In base alla tua esperienza, quali sono i pro e i contro dell'uso dell'intelligenza artificiale nell'educazione?","Gli studenti lascerebbero fare all'AI, perdendo la già poca motivazione",nessuno,0,0,,,[],[],0.0,Nessuna classificazione valida restituita dal modello.
insegnanti_attuali_anco27.md,anco27,Insegnanti in servizio,insegnanti_in_servizio,8,"In base alla tua esperienza, quali sono i pro e i contro dell'uso dell'intelligenza artificiale nell'educazione?","PRO: Un enorme risparmio di tempo ed energie, spendibili per altri strumenti didattici. Creazione di schemi e lavori di supporto per ogni aspetto della vita scolastica, prima difficili da implementare per mancanza di tempo. Facilitazione nell'affrontare la burocrazia.",solo_pro,3,0,efficienza_tempo|produzione_materiali|autonomia_organizzazione,,"[{""category"": ""efficienza_tempo"", ""evidence"": ""Un enorme risparmio di tempo ed energie"", ""reason"": ""Il partecipante evidenzia il vantaggio del risparmio temporale.""}, {""category"": ""produzione_materiali"", ""evidence"": ""Creazione di schemi e lavori di supporto"", ""reason"": ""Il partecipante cita la facilitazione nella creazione di materiali didattici.""}, {""category"": ""autonomia_organizzazione"", ""evidence"": ""Facilitazione nell'affrontare la burocrazia"", ""reason"": ""Il partecipante indica un vantaggio nella gestione amministrativa.""}]",[],1.0,La risposta elenca esclusivamente benefici operativi e organizzativi.
insegnanti_attuali_ando20.md,ando20,Insegnanti in servizio,insegnanti_in_servizio,8,"In base alla tua esperienza, quali sono i pro e i contro dell'uso dell'intelligenza artificiale nell'educazione?",credo di non avere ancora abbastanza esperienza con l'uso di AI nella didattica per poter rispondere,nessuno,0,0,,,[],[],1.0,"Il partecipante dichiara di non avere esperienza sufficiente per rispondere, quindi non elenca né pro né contro."
insegnanti_attuali_anna18.md,Anna18,Insegnanti in servizio,insegnanti_in_servizio,3,"In base alla tua esperienza, quali sono i pro e i contro dell'uso dell'intelligenza artificiale nell'educazione?",Dovrebbe essere semplificativa,nessuno,0,0,,,[],[],0.0,Nessuna classificazione valida restituita dal modello.
insegnanti_attuali_anna19.md,anna19,Insegnanti in servizio,insegnanti_in_servizio,9,"In base alla tua esperienza, quali sono i pro e i contro dell'uso dell'intelligenza artificiale nell'educazione?",si,nessuno,0,0,,,[],[],1.0,La risposta 'si' è troppo generica per identificare specifici pro o contro.
insegnanti_attuali_anni20.md,anni20,Insegnanti in servizio,insegnanti_in_servizio,3,"In base alla tua esperienza, quali sono i pro e i contro dell'uso dell'intelligenza artificiale nell'educazione?",al momento non saprei,nessuno,0,0,,,[],[],0.9,Il partecipante dichiara di non sapere rispondere alla domanda.
insegnanti_attuali_anta05.md,anta05,Insegnanti in servizio,insegnanti_in_servizio,3,"In base alla tua esperienza, quali sono i pro e i contro dell'uso dell'intelligenza artificiale nell'educazione?","Il pro potrebbe essere utile per aumentare le angolazioni da cui guardare una data situazione, sostegno e supporto nell'analizzare una situazione. il contro appiattimento della fantasia e trovare facili scorciatoie",misto,2,2,supporto_comprensione|supporto_comprensione,creativita_coinvolgimento|delega_cognitiva,"[{""category"": ""supporto_comprensione"", ""evidence"": ""utile per aumentare le angolazioni da cui guardare una data situazione"", ""reason"": ""Il partecipante indica che l'IA offre prospettive multiple per analizzare una situazione.""}, {""category"": ""supporto_comprensione"", ""evidence"": ""sostegno e supporto nell'analizzare una situazione"", ""reason"": ""Il partecipante evidenzia il ruolo di supporto dell'IA nell'analisi.""}]","[{""category"": ""creativita_coinvolgimento"", ""evidence"": ""appiattimento della fantasia"", ""reason"": ""Il partecipante segnala che l'IA riduce la fantasia.""}, {""category"": ""delega_cognitiva"", ""evidence"": ""trovare facili scorciatoie"", ""reason"": ""Il partecipante indica che l'IA porta a cercare scorciatoie invece di impegnarsi.""}]",0.95,La risposta elenca esplicitamente un pro (supporto/angolazioni) e un contro (appiattimento/facili scorciatoie).
insegnanti_attuali_anti03.md,anti03,Insegnanti in servizio,insegnanti_in_servizio,8,"In base alla tua esperienza, quali sono i pro e i contro dell'uso dell'intelligenza artificiale nell'educazione?",Abuso da parte degli studenti,nessuno,0,0,,,[],[],0.0,Nessuna classificazione valida restituita dal modello.
insegnanti_attuali_anzo06.md,ANZO06,Insegnanti in servizio,insegnanti_in_servizio,3,"In base alla tua esperienza, quali sono i pro e i contro dell'uso dell'intelligenza artificiale nell'educazione?","La velocità nell'esecuzione, dal mio punto di vista, è un pro e un contro. Si possono realizzare attività strutturate in pochissimo tempo dando solo un piccolo input di partenza. D'altro canto ci limita nello sforzo di andare a produrre, e inventare, i lavori da affrontare in aula. Con la conseguenza di lavorare tutti nello stesso modo e annullare la produttività geniale di ogni insegnante.",misto,1,3,efficienza_tempo,standardizzazione|creativita_coinvolgimento|autonomia_organizzazione,"[{""category"": ""efficienza_tempo"", ""evidence"": ""velocità nell'esecuzione"", ""reason"": ""Il partecipante evidenzia la rapidità nel realizzare attività strutturate.""}]","[{""category"": ""standardizzazione"", ""evidence"": ""lavorare tutti nello stesso modo"", ""reason"": ""L'uso dell'IA porta a un approccio uniforme che omogeneizza i lavori in aula.""}, {""category"": ""creativita_coinvolgimento"", ""evidence"": ""ci limita nello sforzo di andare a produrre, e inventare"", ""reason"": ""La tecnologia riduce lo sforzo creativo e l'invenzione di nuovi lavori da parte dell'insegnante.""}, {""category"": ""autonomia_organizzazione"", ""evidence"": ""annullare la produttività geniale di ogni insegnante"", ""reason"": ""L'IA rischia di eliminare la capacità individuale di ogni docente di innovare.""}]",0.9,"La risposta elenca esplicitamente un vantaggio (velocità) e tre svantaggi (standardizzazione, perdita di creatività, annullamento della produttività individuale)."
insegnanti_attuali_arco02.md,arco02,Insegnanti in servizio,insegnanti_in_servizio,3,"In base alla tua esperienza, quali sono i pro e i contro dell'uso dell'intelligenza artificiale nell'educazione?","Insegno in un ambiente classe dove la maggior parte degli alunni sono stranieri e non tutti hanno a disposizione risorse tecnologiche necessarie. Utilizzando l'IA, andrei a creare un divario digitale. Questi sono i contro. I pro per l'uso dell'IA: facilita l'apprendimento, la formazione e l'informazione, offrendo agli alunni nuove opportunità,",misto,4,1,supporto_comprensione|altro|altro|altro,disuguaglianze,"[{""category"": ""supporto_comprensione"", ""evidence"": ""facilita l'apprendimento"", ""reason"": ""Il partecipante cita la facilitazione dell'apprendimento come beneficio.""}, {""category"": ""altro"", ""evidence"": ""la formazione"", ""reason"": ""Il partecipante menziona la formazione come vantaggio.""}, {""category"": ""altro"", ""evidence"": ""l'informazione"", ""reason"": ""Il partecipante indica l'accesso all'informazione come pro.""}, {""category"": ""altro"", ""evidence"": ""offrendo agli alunni nuove opportunità"", ""reason"": ""Il partecipante evidenzia l'apertura di nuove opportunità per gli studenti.""}]","[{""category"": ""disuguaglianze"", ""evidence"": ""creare un divario digitale"", ""reason"": ""Il partecipante teme che l'uso dell'IA in un contesto con risorse tecnologiche disomogenee generi un divario digitale.""}]",0.95,"La risposta elenca esplicitamente sia i pro (facilitazione, opportunità) sia i contro (divario digitale)."
insegnanti_attuali_arco11.md,Arco11,Insegnanti in servizio,insegnanti_in_servizio,3,"In base alla tua esperienza, quali sono i pro e i contro dell'uso dell'intelligenza artificiale nell'educazione?","Contro: perdita del pensiero critico e plagio di testi.pro,: aiuta chi èIn difficoltà, può correggere esercizi, generare o suggerire attività facilitando il lavoro dell’insegnante.",misto,3,2,supporto_comprensione|produzione_materiali|efficienza_tempo,delega_cognitiva|plagio_autorialita,"[{""category"": ""supporto_comprensione"", ""evidence"": ""aiuta chi èIn difficoltà"", ""reason"": ""L'IA viene citata come strumento di supporto per gli studenti che incontrano ostacoli nell'apprendimento.""}, {""category"": ""produzione_materiali"", ""evidence"": ""generare o suggerire attività"", ""reason"": ""L'IA è utilizzata per creare o proporre attività didattiche, facilitando il lavoro dell'insegnante.""}, {""category"": ""efficienza_tempo"", ""evidence"": ""facilitando il lavoro dell'insegnante"", ""reason"": ""Il supporto fornito dall'IA permette di ottimizzare il tempo e lo sforzo dell'insegnante.""}]","[{""category"": ""delega_cognitiva"", ""evidence"": ""perdita del pensiero critico"", ""reason"": ""L'uso dell'IA rischia di erodere la capacità degli studenti di elaborare autonomamente le informazioni.""}, {""category"": ""plagio_autorialita"", ""evidence"": ""plagio di testi"", ""reason"": ""Viene segnalato il rischio che gli studenti utilizzino l'IA per copiare testi senza attribuzione.""}]",0.95,La risposta elenca esplicitamente sia vantaggi operativi e di supporto sia rischi legati alla cognizione e all'originalità.
insegnanti_attuali_arco24.md,arco24,Insegnanti in servizio,insegnanti_in_servizio,2,"In base alla tua esperienza, quali sono i pro e i contro dell'uso dell'intelligenza artificiale nell'educazione?","i contro si perde il contatto umano con la persona con cui devi interagire, tra i pro c'è la velocità",misto,1,1,efficienza_tempo,riduzione_relazione,"[{""category"": ""efficienza_tempo"", ""evidence"": ""velocità"", ""reason"": ""Il partecipante cita la velocità come vantaggio.""}]","[{""category"": ""riduzione_relazione"", ""evidence"": ""si perde il contatto umano"", ""reason"": ""Il partecipante segnala la perdita del contatto umano come svantaggio.""}]",1.0,La risposta elenca esplicitamente un pro e un contro.
insegnanti_attuali_ardi29.md,ARDI29,Insegnanti in servizio,insegnanti_in_servizio,9,"In base alla tua esperienza, quali sono i pro e i contro dell'uso dell'intelligenza artificiale nell'educazione?","Gli studenti possono accedere a una vasta gamma di risorse e materiali didattici, migliorando le opportunità di apprendimento.",solo_pro,1,0,ricerca_informazioni,,"[{""category"": ""ricerca_informazioni"", ""evidence"": ""Gli studenti possono accedere a una vasta gamma di risorse e materiali didattici"", ""reason"": ""L'accesso a risorse e materiali didattici è citato come un vantaggio per l'apprendimento.""}]",[],0.9,La risposta elenca esclusivamente un beneficio (accesso a risorse) senza menzionare rischi o svantaggi.
insegnanti_attuali_ardo03.md,ARDO03,Insegnanti in servizio,insegnanti_in_servizio,3,"In base alla tua esperienza, quali sono i pro e i contro dell'uso dell'intelligenza artificiale nell'educazione?",I pro molti: fonte di spunti e sistemata che velocizza ogni passaggio . Contro : potrebbe limitare la fantasia e la creatività se non è ben utilizzata,misto,2,1,efficienza_tempo|produzione_materiali,creativita_coinvolgimento,"[{""category"": ""efficienza_tempo"", ""evidence"": ""velocizza ogni passaggio"", ""reason"": ""Il partecipante evidenzia la capacità dell'IA di accelerare i processi operativi.""}, {""category"": ""produzione_materiali"", ""evidence"": ""fonte di spunti"", ""reason"": ""L'IA viene descritta come una risorsa per generare idee e contenuti.""}]","[{""category"": ""creativita_coinvolgimento"", ""evidence"": ""potrebbe limitare la fantasia e la creatività"", ""reason"": ""Il partecipante teme che l'uso dell'IA possa ridurre la capacità creativa se non gestita con attenzione.""}]",0.9,La risposta elenca esplicitamente sia vantaggi (pro) che svantaggi (contro).
insegnanti_attuali_ardo30.md,ardo30,Insegnanti in servizio,insegnanti_in_servizio,3,"In base alla tua esperienza, quali sono i pro e i contro dell'uso dell'intelligenza artificiale nell'educazione?",Uno dei vantaggi dell'uso dell'AI nell'educazione è ottenere in tempo reale lo sviluppo di un'idea iniziale di proposta didattica che ben si attagli ad uno specifico contesto classe. Il risvolto negativo può essere costituito dall'uso che gli studenti potrebbero fare dell'AI durante lo svolgimento dei compiti per casa.,nessuno,0,0,,,[],[],0.0,Nessuna classificazione valida restituita dal modello.
insegnanti_attuali_aris05.md,aris05,Insegnanti in servizio,insegnanti_in_servizio,3,"In base alla tua esperienza, quali sono i pro e i contro dell'uso dell'intelligenza artificiale nell'educazione?",Non ho esperienza con IA. Dovrei conoscerla meglio per valutare i pro,nessuno,0,0,,,[],[],0.0,Nessuna classificazione valida restituita dal modello.
insegnanti_attuali_arra16.md,Arra16,Insegnanti in servizio,insegnanti_in_servizio,3,"In base alla tua esperienza, quali sono i pro e i contro dell'uso dell'intelligenza artificiale nell'educazione?",Limita il pensiero creativo,nessuno,0,0,,,[],[],0.0,Nessuna classificazione valida restituita dal modello.
insegnanti_attuali_arta24.md,arta24,Insegnanti in servizio,insegnanti_in_servizio,8,"In base alla tua esperienza, quali sono i pro e i contro dell'uso dell'intelligenza artificiale nell'educazione?",I pro: aiuto concreto - I contro: non avere abbastanza tempo per seguire i continui progressi dell'IA,misto,1,1,efficienza_tempo,dipendenza,"[{""category"": ""efficienza_tempo"", ""evidence"": ""aiuto concreto"", ""reason"": ""Il partecipante cita un aiuto concreto come vantaggio.""}]","[{""category"": ""dipendenza"", ""evidence"": ""non avere abbastanza tempo per seguire i continui progressi dell'IA"", ""reason"": ""Il partecipante indica la mancanza di tempo per aggiornarsi come svantaggio legato all'IA.""}]",0.9,La risposta elenca esplicitamente un pro e un contro.
insegnanti_attuali_asio15.md,Asio15,Insegnanti in servizio,insegnanti_in_servizio,9,"In base alla tua esperienza, quali sono i pro e i contro dell'uso dell'intelligenza artificiale nell'educazione?","Eccesso sull utilizzo, riduzione del pensiero critico",solo_contro,0,2,,riduzione_relazione|delega_cognitiva,[],"[{""category"": ""riduzione_relazione"", ""evidence"": ""Eccesso sull utilizzo"", ""reason"": ""L'eccesso di utilizzo implica un sovraccarico o un uso improprio che può ledere la qualità dell'interazione educativa.""}, {""category"": ""delega_cognitiva"", ""evidence"": ""riduzione del pensiero critico"", ""reason"": ""Il partecipante segnala esplicitamente che l'uso dell'IA porta a una diminuzione della capacità di pensiero critico.""}]",0.95,La risposta elenca esclusivamente due aspetti negativi (eccesso di utilizzo e riduzione del pensiero critico) senza menzionare alcun beneficio.
insegnanti_attuali_assi.md,Assi,Insegnanti in servizio,insegnanti_in_servizio,9,"In base alla tua esperienza, quali sono i pro e i contro dell'uso dell'intelligenza artificiale nell'educazione?",Pro: velocizza Contro: non fa riflettere,misto,1,1,efficienza_tempo,delega_cognitiva,"[{""category"": ""efficienza_tempo"", ""evidence"": ""velocizza"", ""reason"": ""Il partecipante indica che l'IA accelera i processi.""}]","[{""category"": ""delega_cognitiva"", ""evidence"": ""non fa riflettere"", ""reason"": ""Il partecipante segnala che l'IA impedisce la riflessione.""}]",0.9,La risposta elenca esplicitamente un vantaggio (velocità) e uno svantaggio (mancanza di riflessione).
insegnanti_attuali_assi12.md,assi12,Insegnanti in servizio,insegnanti_in_servizio,9,"In base alla tua esperienza, quali sono i pro e i contro dell'uso dell'intelligenza artificiale nell'educazione?","ottimo supporto in varie attività didattiche ,",solo_pro,1,0,supporto_comprensione,,"[{""category"": ""supporto_comprensione"", ""evidence"": ""ottimo supporto in varie attività didattiche"", ""reason"": ""Il partecipante definisce l'IA come un supporto valido per le attività didattiche.""}]",[],0.9,La risposta menziona esclusivamente un beneficio senza citare rischi.
insegnanti_attuali_assi14.md,assi14,Insegnanti in servizio,insegnanti_in_servizio,9,"In base alla tua esperienza, quali sono i pro e i contro dell'uso dell'intelligenza artificiale nell'educazione?","trovare il  tempo  per formarsi  e utilizzarla nella maniera più  corretta e utile, senza approfittarne e senza delegare ad essa il  nostro  ragionamento",misto,1,1,efficienza_tempo,delega_cognitiva,"[{""category"": ""efficienza_tempo"", ""evidence"": ""trovare il tempo per formarsi e utilizzarla"", ""reason"": ""Il partecipante suggerisce che l'uso dell'IA permette di gestire meglio il tempo dedicato alla formazione e all'utilizzo degli strumenti.""}]","[{""category"": ""delega_cognitiva"", ""evidence"": ""senza delegare ad essa il nostro ragionamento"", ""reason"": ""Il partecipante evidenzia il rischio di affidare il processo di pensiero all'IA invece di mantenerlo autonomo.""}]",0.9,La risposta elenca esplicitamente un vantaggio legato alla gestione del tempo e un rischio legato alla delega del ragionamento.
insegnanti_attuali_asso25.md,ASSO25,Insegnanti in servizio,insegnanti_in_servizio,3,"In base alla tua esperienza, quali sono i pro e i contro dell'uso dell'intelligenza artificiale nell'educazione?","Come pro, la possibilità di raggiungere grandi quantità di informazioni e simulazioni; come contro la disumanizzazione del processo educativo",nessuno,0,0,,,[],[],0.0,Nessuna classificazione valida restituita dal modello.
insegnanti_attuali_asta22.md,asta22,Insegnanti in servizio,insegnanti_in_servizio,3,"In base alla tua esperienza, quali sono i pro e i contro dell'uso dell'intelligenza artificiale nell'educazione?","L' IA può aiutare nelle vasi fasi della didattica, dalla progettazione, all'attuazione, alla valutazione degli studenti. Può essere utili a smaltire il lavoro e a personalizzare efficacemente l'apprendimento di ogni singolo alunno: Per contro, a mio avviso, può non aiutare nell'empatia e nel rapporto con i ragazzi e, negli stessa, potrebbe condurli ad uno sbagliato utilizzo della tecnologia.",misto,3,2,personalizzazione|efficienza_tempo|supporto_comprensione,riduzione_relazione|dipendenza,"[{""category"": ""personalizzazione"", ""evidence"": ""personalizzare efficacemente l'apprendimento di ogni singolo alunno"", ""reason"": ""Il partecipante cita la capacità di adattare l'apprendimento a ogni studente.""}, {""category"": ""efficienza_tempo"", ""evidence"": ""aiutare a smaltire il lavoro"", ""reason"": ""Il partecipante indica un vantaggio nel ridurre il carico di lavoro.""}, {""category"": ""supporto_comprensione"", ""evidence"": ""aiutare nelle varie fasi della didattica, dalla progettazione, all'attuazione, alla valutazione"", ""reason"": ""Il partecipante evidenzia il supporto in tutte le fasi del processo educativo.""}]","[{""category"": ""riduzione_relazione"", ""evidence"": ""può non aiutare nell'empatia e nel rapporto con i ragazzi"", ""reason"": ""Il partecipante segnala un rischio per l'empatia e la relazione educativa.""}, {""category"": ""dipendenza"", ""evidence"": ""potrebbe condurli ad uno sbagliato utilizzo della tecnologia"", ""reason"": ""Il partecipante teme un uso improprio che porta a una dipendenza o cattiva gestione della tecnologia.""}]",0.9,La risposta elenca chiaramente sia vantaggi operativi e pedagogici sia rischi relazionali e di utilizzo.
insegnanti_attuali_ata25.md,ata25,Insegnanti in servizio,insegnanti_in_servizio,9,"In base alla tua esperienza, quali sono i pro e i contro dell'uso dell'intelligenza artificiale nell'educazione?",Supporto creativo,solo_pro,1,0,creativita_coinvolgimento,,"[{""category"": ""creativita_coinvolgimento"", ""evidence"": ""Supporto creativo"", ""reason"": ""Il partecipante cita esplicitamente il supporto creativo come vantaggio.""}]",[],1.0,La risposta menziona solo un beneficio senza citare rischi.
insegnanti_attuali_att17.md,att17,Insegnanti in servizio,insegnanti_in_servizio,3,"In base alla tua esperienza, quali sono i pro e i contro dell'uso dell'intelligenza artificiale nell'educazione?",Potrebbe creare false realtà.,nessuno,0,0,,,[],[],0.0,Nessuna classificazione valida restituita dal modello.
insegnanti_attuali_atti22.md,atti22,Insegnanti in servizio,insegnanti_in_servizio,8,"In base alla tua esperienza, quali sono i pro e i contro dell'uso dell'intelligenza artificiale nell'educazione?","I pro sono il risparmio di tempo e la possibilità di predisporre attività diversificate, funzionali e innovative.  I contro riguardano il rischio di eccessiva standardizzazione di alcune pratiche come ad esempio quelle valutative e tutte quelle che limitano il pensiero creativo e divergente. L'IA costituisce un supporto alla dittattica e al processo di insegnamento-apprendimento e mai un sostituto.",misto,2,2,efficienza_tempo|produzione_materiali,standardizzazione|creativita_coinvolgimento,"[{""category"": ""efficienza_tempo"", ""evidence"": ""risparmio di tempo"", ""reason"": ""Il partecipante cita il risparmio di tempo come vantaggio.""}, {""category"": ""produzione_materiali"", ""evidence"": ""possibilità di predisporre attività diversificate, funzionali e innovative"", ""reason"": ""Il partecipante evidenzia la capacità di creare materiali e attività variate.""}]","[{""category"": ""standardizzazione"", ""evidence"": ""rischio di eccessiva standardizzazione di alcune pratiche"", ""reason"": ""Il partecipante segnala il pericolo di uniformare le procedure.""}, {""category"": ""creativita_coinvolgimento"", ""evidence"": ""limitano il pensiero creativo e divergente"", ""reason"": ""Il partecipante indica che l'IA può ostacolare la creatività.""}]",0.95,La risposta elenca chiaramente sia benefici operativi e di innovazione sia rischi legati alla standardizzazione e alla creatività.
insegnanti_attuali_atti24.md,atti24,Insegnanti in servizio,insegnanti_in_servizio,3,"In base alla tua esperienza, quali sono i pro e i contro dell'uso dell'intelligenza artificiale nell'educazione?","L' intelligenza artificiale viene usata in modo improprio dagli studenti, che delegano all'IA lo svolgimento di compiti, traduzione e  produzione di testi. In quanto docente di lingua non posso più assegnare a casa compiti di produzione scritta o traduzione . Può invece rappresentare un aiuto per gli alunni con Bes in quanto facilitatore.",nessuno,0,0,,,[],[],0.0,Nessuna classificazione valida restituita dal modello.
insegnanti_attuali_azio17.md,Azio17,Insegnanti in servizio,insegnanti_in_servizio,3,"In base alla tua esperienza, quali sono i pro e i contro dell'uso dell'intelligenza artificiale nell'educazione?",Apertura maggiore verso la conoscenza ma un impoverimento nella produzione,misto,1,1,produzione_materiali,produzione_materiali,"[{""category"": ""produzione_materiali"", ""evidence"": ""Apertura maggiore verso la conoscenza"", ""reason"": ""Il partecipante indica che l'IA favorisce un accesso più ampio alla conoscenza.""}]","[{""category"": ""produzione_materiali"", ""evidence"": ""impoverimento nella produzione"", ""reason"": ""Il partecipante segnala che l'uso dell'IA porta a una diminuzione della capacità o qualità nella produzione.""}]",0.9,La risposta elenca esplicitamente un vantaggio ('Apertura maggiore') e uno svantaggio ('impoverimento').
insegnanti_attuali_azzo01.md,AZZO01,Insegnanti in servizio,insegnanti_in_servizio,9,"In base alla tua esperienza, quali sono i pro e i contro dell'uso dell'intelligenza artificiale nell'educazione?","SUPPORTO NELLA PREDISPOSIZIONE E ORGANIZZAZIONE DELLE ATTIVITA',  DIPENDENZA",misto,1,1,autonomia_organizzazione,dipendenza,"[{""category"": ""autonomia_organizzazione"", ""evidence"": ""SUPPORTO NELLA PREDISPOSIZIONE E ORGANIZZAZIONE DELLE ATTIVITA'"", ""reason"": ""Il partecipante evidenzia il supporto nell'organizzazione come beneficio.""}]","[{""category"": ""dipendenza"", ""evidence"": ""DIPENDENZA"", ""reason"": ""Il partecipante segnala esplicitamente il rischio di dipendenza.""}]",0.9,La risposta elenca sia un pro (supporto) sia un contro (dipendenza).
insegnanti_attuali_badabess3879.md,badabess3879,Insegnanti in servizio,insegnanti_in_servizio,3,"In base alla tua esperienza, quali sono i pro e i contro dell'uso dell'intelligenza artificiale nell'educazione?",Pro: ti aiuta Contro: perdi il contatto con la realtà,misto,1,1,efficienza_tempo,riduzione_relazione,"[{""category"": ""efficienza_tempo"", ""evidence"": ""ti aiuta"", ""reason"": ""Il partecipante indica che l'IA offre un aiuto pratico.""}]","[{""category"": ""riduzione_relazione"", ""evidence"": ""perdi il contatto con la realtà"", ""reason"": ""Il partecipante segnala la perdita del contatto con la realtà.""}]",0.9,La risposta elenca esplicitamente un pro e un contro.
insegnanti_attuali_bani10.md,bani10,Insegnanti in servizio,insegnanti_in_servizio,7,"In base alla tua esperienza, quali sono i pro e i contro dell'uso dell'intelligenza artificiale nell'educazione?","Pro efficienza nel produrre esercizi, Contro la ridondanza di alcuni modelli usati dall' AI",misto,1,1,produzione_materiali,standardizzazione,"[{""category"": ""produzione_materiali"", ""evidence"": ""efficienza nel produrre esercizi"", ""reason"": ""Il partecipante evidenzia la capacità dell'IA di velocizzare la creazione di materiali didattici.""}]","[{""category"": ""standardizzazione"", ""evidence"": ""ridondanza di alcuni modelli usati dall' AI"", ""reason"": ""Il partecipante segnala il rischio di contenuti ripetitivi o poco originali generati dai modelli.""}]",0.9,La risposta elenca esplicitamente un vantaggio (efficienza) e uno svantaggio (ridondanza).
insegnanti_attuali_bano37.md,bano37,Insegnanti in servizio,insegnanti_in_servizio,9,"In base alla tua esperienza, quali sono i pro e i contro dell'uso dell'intelligenza artificiale nell'educazione?","L'educatore deve sempre mettere la riflessione, la sensibilità e l'empatia nel suo lavoro. L'intelligenza artificiale lo aiuta nelle tematiche ma la personalità e il trasporto dell'educatore verso gli alunni costituiscono una buona base da cui partire.",misto,1,1,supporto_comprensione,riduzione_relazione,"[{""category"": ""supporto_comprensione"", ""evidence"": ""L'intelligenza artificiale lo aiuta nelle tematiche"", ""reason"": ""L'IA è vista come un supporto utile per gestire le tematiche educative.""}]","[{""category"": ""riduzione_relazione"", ""evidence"": ""L'educatore deve sempre mettere la riflessione, la sensibilità e l'empatia nel suo lavoro"", ""reason"": ""L'IA non può sostituire la riflessione, la sensibilità e l'empatia umane fondamentali.""}]",0.9,La risposta elenca un aiuto operativo (pro) e sottolinea la necessità di qualità umane irrinunciabili (contro).
insegnanti_attuali_bara29.md,bara29,Insegnanti in servizio,insegnanti_in_servizio,3,"In base alla tua esperienza, quali sono i pro e i contro dell'uso dell'intelligenza artificiale nell'educazione?",SOLO CONTRO,nessuno,0,0,,,[],[],0.0,Nessuna classificazione valida restituita dal modello.
insegnanti_attuali_bella12.md,Bella12,Insegnanti in servizio,insegnanti_in_servizio,9,"In base alla tua esperienza, quali sono i pro e i contro dell'uso dell'intelligenza artificiale nell'educazione?",La facilità è sicuramente un pro,solo_pro,1,0,efficienza_tempo,,"[{""category"": ""efficienza_tempo"", ""evidence"": ""La facilità"", ""reason"": ""Il partecipante cita esplicitamente la facilità come vantaggio.""}]",[],0.9,La risposta menziona un unico beneficio senza citare contro.
insegnanti_attuali_bone29.md,Bone29,Insegnanti in servizio,insegnanti_in_servizio,2,"In base alla tua esperienza, quali sono i pro e i contro dell'uso dell'intelligenza artificiale nell'educazione?","Il pro è che semplifica molto il lavoro e aiuta nella creazione di schemi e materiali che prenderebbero molto tempo con la creazione manuale. Il contro è che un abuso di questo mezzo ci porta quasi a “narcotizzare” il nostro cervello, abituandoci al tutto e subito, facendoci perdere la capacità di ragionamento e di creazione",misto,2,1,produzione_materiali|efficienza_tempo,delega_cognitiva,"[{""category"": ""produzione_materiali"", ""evidence"": ""aiuta nella creazione di schemi e materiali"", ""reason"": ""L'IA facilita la creazione di risorse didattiche.""}, {""category"": ""efficienza_tempo"", ""evidence"": ""semplifica molto il lavoro"", ""reason"": ""L'IA riduce i tempi di lavoro manuale.""}]","[{""category"": ""delega_cognitiva"", ""evidence"": ""facendoci perdere la capacità di ragionamento e di creazione"", ""reason"": ""L'uso eccessivo compromette le capacità cognitive autonome.""}]",0.95,La risposta elenca esplicitamente un vantaggio operativo e un rischio cognitivo.
insegnanti_attuali_boni0503.md,boni0503,Insegnanti in servizio,insegnanti_in_servizio,3,"In base alla tua esperienza, quali sono i pro e i contro dell'uso dell'intelligenza artificiale nell'educazione?",non ho esperienza,nessuno,0,0,,,[],[],0.0,Nessuna classificazione valida restituita dal modello.
insegnanti_attuali_boni47.md,Boni47,Insegnanti in servizio,insegnanti_in_servizio,3,"In base alla tua esperienza, quali sono i pro e i contro dell'uso dell'intelligenza artificiale nell'educazione?",Contro - L'inutilizzo dell'intelligenza umana a favore di quella digitale e l'eventuale inesattezza dei feedback. Pro - supporto e ottimizzazione dei tempi nel lavoro,misto,1,2,efficienza_tempo,affidabilita_errori|riduzione_relazione,"[{""category"": ""efficienza_tempo"", ""evidence"": ""supporto e ottimizzazione dei tempi nel lavoro"", ""reason"": ""Il partecipante cita l'ottimizzazione dei tempi come vantaggio.""}]","[{""category"": ""affidabilita_errori"", ""evidence"": ""eventuale inesattezza dei feedback"", ""reason"": ""Il partecipante evidenzia il rischio di errori o imprecisione nei feedback.""}, {""category"": ""riduzione_relazione"", ""evidence"": ""L'inutilizzo dell'intelligenza umana a favore di quella digitale"", ""reason"": ""Il partecipante lamenta la sostituzione dell'interazione umana con quella digitale.""}]",0.95,La risposta elenca esplicitamente un pro e due contro specifici.
insegnanti_attuali_capomolla30.md,Capomolla30,Insegnanti in servizio,insegnanti_in_servizio,8,"In base alla tua esperienza, quali sono i pro e i contro dell'uso dell'intelligenza artificiale nell'educazione?",Delle volte sbaglia,solo_contro,0,1,,affidabilita_errori,[],"[{""category"": ""affidabilita_errori"", ""evidence"": ""Delle volte sbaglia"", ""reason"": ""Il partecipante evidenzia l'errore dell'IA come rischio.""}]",1.0,La risposta menziona esclusivamente un errore dell'IA.
insegnanti_attuali_capu15.md,capu15,Insegnanti in servizio,insegnanti_in_servizio,8,"In base alla tua esperienza, quali sono i pro e i contro dell'uso dell'intelligenza artificiale nell'educazione?",Insegnante che risponde sempre e subito. Molti la prendono come un ausilio per copiare e non per capire meglio.,nessuno,0,0,,,[],[],0.0,Nessuna classificazione valida restituita dal modello.
insegnanti_attuali_cari17.md,cari17,Insegnanti in servizio,insegnanti_in_servizio,9,"In base alla tua esperienza, quali sono i pro e i contro dell'uso dell'intelligenza artificiale nell'educazione?","Soluzione immediata ai quesiti posti,",nessuno,0,0,,,[],[],1.0,La risposta è troppo generica per identificare specifici pro o contro.
insegnanti_attuali_cato05.md,CATO05,Insegnanti in servizio,insegnanti_in_servizio,9,"In base alla tua esperienza, quali sono i pro e i contro dell'uso dell'intelligenza artificiale nell'educazione?",PRO : fa risparmiare tempo contro : alcune volte dice inesattezze e non dà risposte creative,misto,1,2,efficienza_tempo,affidabilita_errori|creativita_coinvolgimento,"[{""category"": ""efficienza_tempo"", ""evidence"": ""fa risparmiare tempo"", ""reason"": ""Il partecipante indica che l'IA riduce il tempo necessario per svolgere compiti.""}]","[{""category"": ""affidabilita_errori"", ""evidence"": ""dice inesattezze"", ""reason"": ""Il partecipante segnala che l'IA può fornire informazioni errate.""}, {""category"": ""creativita_coinvolgimento"", ""evidence"": ""non dà risposte creative"", ""reason"": ""Il partecipante osserva una mancanza di creatività nelle risposte dell'IA.""}]",1.0,"La risposta elenca esplicitamente un vantaggio (risparmio tempo) e due svantaggi (inesattezze, mancanza di creatività)."
insegnanti_attuali_cato28.md,cato28,Insegnanti in servizio,insegnanti_in_servizio,9,"In base alla tua esperienza, quali sono i pro e i contro dell'uso dell'intelligenza artificiale nell'educazione?","È uno strumento di grande supporto, ma a volte si abusa di esso.",misto,1,1,supporto_comprensione,dipendenza,"[{""category"": ""supporto_comprensione"", ""evidence"": ""È uno strumento di grande supporto"", ""reason"": ""Il partecipante definisce l'IA come un valido aiuto.""}]","[{""category"": ""dipendenza"", ""evidence"": ""a volte si abusa di esso"", ""reason"": ""Il partecipante evidenzia il rischio di un uso eccessivo o improprio.""}]",0.9,La risposta elenca esplicitamente un vantaggio ('supporto') e uno svantaggio ('abuso').
insegnanti_attuali_cchi04.md,cchi04,Insegnanti in servizio,insegnanti_in_servizio,3,"In base alla tua esperienza, quali sono i pro e i contro dell'uso dell'intelligenza artificiale nell'educazione?","Limitazione delle proprie capacità di critica, sintesi ed elaborazione dei contenuti e la riduzione del rapporto tra studente e insegnante",nessuno,0,0,,,[],[],0.0,Nessuna classificazione valida restituita dal modello.
insegnanti_attuali_cchi23.md,cchi23,Insegnanti in servizio,insegnanti_in_servizio,8,"In base alla tua esperienza, quali sono i pro e i contro dell'uso dell'intelligenza artificiale nell'educazione?","PRO: può aiutare il docente a fornire materiali personalizzati e migliori rispetto al libro di testo. - CONTRO: non sempre risultano corretti i risultati, necessita sempre di un controllo.",misto,1,2,produzione_materiali,affidabilita_errori|delega_cognitiva,"[{""category"": ""produzione_materiali"", ""evidence"": ""aiutare il docente a fornire materiali personalizzati"", ""reason"": ""Il partecipante evidenzia la capacità dell'IA di generare risorse didattiche su misura.""}]","[{""category"": ""affidabilita_errori"", ""evidence"": ""non sempre risultano corretti i risultati"", ""reason"": ""Il partecipante segnala l'insufficienza di accuratezza intrinseca dell'IA.""}, {""category"": ""delega_cognitiva"", ""evidence"": ""necessita sempre di un controllo"", ""reason"": ""Il partecipante sottolinea la necessità di un intervento umano di verifica, implicando un rischio di delega o di non autonomia.""}]",0.95,La risposta elenca esplicitamente un vantaggio (materiali migliori) e due svantaggi (errori e necessità di controllo).
insegnanti_attuali_cchi25.md,cchi25,Insegnanti in servizio,insegnanti_in_servizio,3,"In base alla tua esperienza, quali sono i pro e i contro dell'uso dell'intelligenza artificiale nell'educazione?",Pro- snellisce il lavoro facilitandolo e accorciandone le tempistiche contro- deve essere usato con consapevolezza e da un pubblico più adulto (scuola secondaria di secondo grado),misto,1,1,efficienza_tempo,dipendenza,"[{""category"": ""efficienza_tempo"", ""evidence"": ""snellisce il lavoro facilitandolo e accorciandone le tempistiche"", ""reason"": ""Il partecipante evidenzia il vantaggio di ridurre i tempi di lavoro e facilitare i processi.""}]","[{""category"": ""dipendenza"", ""evidence"": ""deve essere usato con consapevolezza e da un pubblico più adulto"", ""reason"": ""Il partecipante suggerisce che l'uso richiede consapevolezza e maturità, implicando un rischio di uso improprio o dipendenza da strumenti non ancora pronti per i più giovani.""}]",0.9,La risposta elenca esplicitamente un pro (snellimento) e un contro (necessità di consapevolezza e pubblico adulto).
insegnanti_attuali_ccio14.md,Ccio14,Insegnanti in servizio,insegnanti_in_servizio,3,"In base alla tua esperienza, quali sono i pro e i contro dell'uso dell'intelligenza artificiale nell'educazione?",Non lo so,nessuno,0,0,,,[],[],0.0,Il partecipante dichiara di non sapere rispondere alla domanda.
insegnanti_attuali_cera21.md,cera21,Insegnanti in servizio,insegnanti_in_servizio,9,"In base alla tua esperienza, quali sono i pro e i contro dell'uso dell'intelligenza artificiale nell'educazione?",Pro: Velocità di elaborazione e completezza/Contro: rinuncia ad ogni tipo di approfondimento personale,misto,1,1,efficienza_tempo,delega_cognitiva,"[{""category"": ""efficienza_tempo"", ""evidence"": ""Velocità di elaborazione"", ""reason"": ""Il partecipante evidenzia la rapidità come vantaggio.""}]","[{""category"": ""delega_cognitiva"", ""evidence"": ""rinuncia ad ogni tipo di approfondimento personale"", ""reason"": ""Il partecipante segnala che l'uso dell'IA porta a rinunciare all'approfondimento personale.""}]",0.95,La risposta elenca esplicitamente un pro e un contro.
insegnanti_attuali_chio08.md,chio08,Insegnanti in servizio,insegnanti_in_servizio,3,"In base alla tua esperienza, quali sono i pro e i contro dell'uso dell'intelligenza artificiale nell'educazione?","Credo sia un ottimo strumento soprattutto dal punto di vista burocratico, per esempio all'interno degli organi collegiali. Permette di velocizzare molte fasi del lavoro. Penso anche che sia necessaria una formazione per gli studenti, per consentire loro di adoperarla in modo consapevole.",misto,1,1,efficienza_tempo,delega_cognitiva,"[{""category"": ""efficienza_tempo"", ""evidence"": ""Permette di velocizzare molte fasi del lavoro"", ""reason"": ""Il partecipante evidenzia il vantaggio della velocizzazione delle attività burocratiche.""}]","[{""category"": ""delega_cognitiva"", ""evidence"": ""Penso anche che sia necessaria una formazione per gli studenti, per consentire loro di adoperarla in modo consapevole"", ""reason"": ""La necessità di una formazione specifica implica un rischio di uso non consapevole o di delega se non gestita correttamente.""}]",0.7,La risposta elenca un chiaro beneficio operativo e un potenziale rischio legato alla consapevolezza d'uso.
insegnanti_attuali_cini13.md,cini13,Insegnanti in servizio,insegnanti_in_servizio,3,"In base alla tua esperienza, quali sono i pro e i contro dell'uso dell'intelligenza artificiale nell'educazione?","Può essere utile per produrre esercitazioni pratiche strutturate, velocizzando le tempistiche, ma non favorisce il pensiero autonomo e il processo razionale e mortifica la creatività e l'immaginazione",misto,2,2,produzione_materiali|efficienza_tempo,delega_cognitiva|creativita_coinvolgimento,"[{""category"": ""produzione_materiali"", ""evidence"": ""utile per produrre esercitazioni pratiche strutturate"", ""reason"": ""Il partecipante evidenzia la capacità dell'IA di generare materiali didattici organizzati.""}, {""category"": ""efficienza_tempo"", ""evidence"": ""velocizzando le tempistiche"", ""reason"": ""Il partecipante indica un vantaggio legato alla rapidità di esecuzione.""}]","[{""category"": ""delega_cognitiva"", ""evidence"": ""non favorisce il pensiero autonomo"", ""reason"": ""Il partecipante segnala che l'uso dell'IA ostacola l'autonomia mentale.""}, {""category"": ""creativita_coinvolgimento"", ""evidence"": ""mortifica la creatività e l'immaginazione"", ""reason"": ""Il partecipante indica un impatto negativo sulla capacità creativa e immaginativa.""}]",0.95,La risposta elenca chiaramente sia vantaggi operativi che svantaggi cognitivi e creativi.
insegnanti_attuali_cini17.md,cini17,Insegnanti in servizio,insegnanti_in_servizio,3,"In base alla tua esperienza, quali sono i pro e i contro dell'uso dell'intelligenza artificiale nell'educazione?",Deve essere utilizzata in modo consapevole,nessuno,0,0,,,[],[],0.0,Nessuna classificazione valida restituita dal modello.
insegnanti_attuali_coli13.md,Coli13,Insegnanti in servizio,insegnanti_in_servizio,8,"In base alla tua esperienza, quali sono i pro e i contro dell'uso dell'intelligenza artificiale nell'educazione?","I pro relativi all’utilizzo della IA riguardano un valido supporto nella gestione delle pratiche didattiche, con un consistente risparmio dei tempi nella predisposizione delle lezioni, che risultano più coinvolgenti e stimolanti per gli alunni. I contro implicano il rischio dì un’eccessiva autonomazione del processo di insegnamento-apprendimento.",misto,3,1,produzione_materiali|creativita_coinvolgimento|efficienza_tempo,delega_cognitiva,"[{""category"": ""produzione_materiali"", ""evidence"": ""supporto nella gestione delle pratiche didattiche"", ""reason"": ""L'IA è vista come un valido supporto per la gestione operativa.""}, {""category"": ""creativita_coinvolgimento"", ""evidence"": ""lezioni, che risultano più coinvolgenti e stimolanti"", ""reason"": ""L'uso dell'IA permette di creare lezioni più stimolanti per gli alunni.""}, {""category"": ""efficienza_tempo"", ""evidence"": ""consistente risparmio dei tempi"", ""reason"": ""Viene evidenziato un risparmio significativo di tempo nella predisposizione.""}]","[{""category"": ""delega_cognitiva"", ""evidence"": ""rischio di un'eccessiva autonomazione del processo di insegnamento-apprendimento"", ""reason"": ""Il partecipante teme che l'IA possa sostituire il ruolo attivo dell'insegnante nel processo educativo.""}]",0.95,La risposta elenca chiaramente sia vantaggi operativi e di coinvolgimento sia un rischio specifico legato all'autonomia del processo.
insegnanti_attuali_como14.md,como14,Insegnanti in servizio,insegnanti_in_servizio,9,"In base alla tua esperienza, quali sono i pro e i contro dell'uso dell'intelligenza artificiale nell'educazione?","I pro sono: apprendimento personalizzato, feedback immediato, accessibilità e gamification. I contro sono: dipendenza dalla tecnologia, privacy e sicurezza dati, disuguaglianza digitale, mancanza di empatia e bias algoritmico.",misto,4,5,personalizzazione|feedback_valutazione|accessibilita_inclusione|creativita_coinvolgimento,dipendenza|privacy_etica|disuguaglianze|riduzione_relazione|affidabilita_errori,"[{""category"": ""personalizzazione"", ""evidence"": ""apprendimento personalizzato"", ""reason"": ""Il partecipante cita la capacità di adattare l'insegnamento alle esigenze individuali.""}, {""category"": ""feedback_valutazione"", ""evidence"": ""feedback immediato"", ""reason"": ""Il partecipante evidenzia il vantaggio di ricevere risposte rapide.""}, {""category"": ""accessibilita_inclusione"", ""evidence"": ""accessibilità"", ""reason"": ""Il partecipante menziona il miglioramento dell'accesso alle risorse educative.""}, {""category"": ""creativita_coinvolgimento"", ""evidence"": ""gamification"", ""reason"": ""Il partecipante indica l'uso di elementi ludici per aumentare l'engagement.""}]","[{""category"": ""dipendenza"", ""evidence"": ""dipendenza dalla tecnologia"", ""reason"": ""Il partecipante segnala il rischio di eccessivo affidamento agli strumenti tecnologici.""}, {""category"": ""privacy_etica"", ""evidence"": ""privacy e sicurezza dati"", ""reason"": ""Il partecipante evidenzia i rischi legati alla protezione delle informazioni personali.""}, {""category"": ""disuguaglianze"", ""evidence"": ""disuguaglianza digitale"", ""reason"": ""Il partecipante cita il divario di accesso o competenza tra diversi gruppi sociali.""}, {""category"": ""riduzione_relazione"", ""evidence"": ""mancanza di empatia"", ""reason"": ""Il partecipante nota la perdita della componente umana ed empatica nell'interazione.""}, {""category"": ""affidabilita_errori"", ""evidence"": ""bias algoritmico"", ""reason"": ""Il partecipante indica la presenza di pregiudizi intrinseci negli algoritmi che possono distorcere i risultati.""}]",1.0,La risposta elenca esplicitamente sia una serie di vantaggi che una serie di svantaggi specifici.
insegnanti_attuali_curi05.md,curi05,Insegnanti in servizio,insegnanti_in_servizio,3,"In base alla tua esperienza, quali sono i pro e i contro dell'uso dell'intelligenza artificiale nell'educazione?","vantaggi: risparmio di tempo. contro: minore sforzo cognitivo, mancanza dell'interazione sociale",misto,1,2,efficienza_tempo,delega_cognitiva|riduzione_relazione,"[{""category"": ""efficienza_tempo"", ""evidence"": ""risparmio di tempo"", ""reason"": ""Il partecipante cita il risparmio di tempo come vantaggio.""}]","[{""category"": ""delega_cognitiva"", ""evidence"": ""minore sforzo cognitivo"", ""reason"": ""Il partecipante segnala che l'IA riduce lo sforzo mentale richiesto.""}, {""category"": ""riduzione_relazione"", ""evidence"": ""mancanza dell'interazione sociale"", ""reason"": ""Il partecipante evidenzia la perdita di interazione sociale come svantaggio.""}]",1.0,La risposta elenca esplicitamente un pro e due contro specifici.
insegnanti_attuali_damo20.md,damo20,Insegnanti in servizio,insegnanti_in_servizio,8,"In base alla tua esperienza, quali sono i pro e i contro dell'uso dell'intelligenza artificiale nell'educazione?",non ho abbastanza esperienza per rispondere,nessuno,0,0,,,[],[],0.0,Nessuna classificazione valida restituita dal modello.
insegnanti_attuali_deli07.md,deli07,Insegnanti in servizio,insegnanti_in_servizio,3,"In base alla tua esperienza, quali sono i pro e i contro dell'uso dell'intelligenza artificiale nell'educazione?","Pro: comodità nell'attirare attenzione, contro:Tutt il non interesse su tutto ciò che è legato alla fantasia e alla personalizzazione",nessuno,0,0,,,[],[],0.0,Nessuna classificazione valida restituita dal modello.
insegnanti_attuali_delli14.md,Delli14,Insegnanti in servizio,insegnanti_in_servizio,9,"In base alla tua esperienza, quali sono i pro e i contro dell'uso dell'intelligenza artificiale nell'educazione?","Pro; veloce, idee nuove  Contro: gli studenti ci si affidano troppo",misto,2,1,creativita_coinvolgimento|efficienza_tempo,dipendenza,"[{""category"": ""creativita_coinvolgimento"", ""evidence"": ""idee nuove"", ""reason"": ""Il partecipante cita l'apporto di nuove idee come vantaggio.""}, {""category"": ""efficienza_tempo"", ""evidence"": ""veloce"", ""reason"": ""Il partecipante indica la rapidità come beneficio.""}]","[{""category"": ""dipendenza"", ""evidence"": ""gli studenti ci si affidano troppo"", ""reason"": ""Il partecipante segnala un eccessivo affidamento degli studenti all'IA.""}]",0.9,La risposta elenca esplicitamente sia pro che contro.
insegnanti_attuali_dini21.md,dini21,Insegnanti in servizio,insegnanti_in_servizio,3,"In base alla tua esperienza, quali sono i pro e i contro dell'uso dell'intelligenza artificiale nell'educazione?",Non so,nessuno,0,0,,,[],[],0.0,La risposta 'Non so' non espone né benefici né rischi specifici.
insegnanti_attuali_dini24.md,Dini24,Insegnanti in servizio,insegnanti_in_servizio,3,"In base alla tua esperienza, quali sono i pro e i contro dell'uso dell'intelligenza artificiale nell'educazione?",Non la utilizzo ancora.,nessuno,0,0,,,[],[],0.0,Nessuna classificazione valida restituita dal modello.
insegnanti_attuali_dori06.md,dori06,Insegnanti in servizio,insegnanti_in_servizio,8,"In base alla tua esperienza, quali sono i pro e i contro dell'uso dell'intelligenza artificiale nell'educazione?",aiuta nella risoluzione di alcuni problemi ma diminuisce la prorpia capacità di problem solving,misto,1,1,supporto_comprensione,delega_cognitiva,"[{""category"": ""supporto_comprensione"", ""evidence"": ""aiuta nella risoluzione di alcuni problemi"", ""reason"": ""Il partecipante indica che l'IA è utile per risolvere problemi specifici.""}]","[{""category"": ""delega_cognitiva"", ""evidence"": ""diminuisce la prorpia capacità di problem solving"", ""reason"": ""Il partecipante segnala che l'uso dell'IA riduce la capacità autonoma di risolvere problemi.""}]",0.9,La risposta elenca sia un beneficio (risoluzione problemi) sia un rischio (diminuzione capacità problem solving).
insegnanti_attuali_drea02.md,Drea02,Insegnanti in servizio,insegnanti_in_servizio,3,"In base alla tua esperienza, quali sono i pro e i contro dell'uso dell'intelligenza artificiale nell'educazione?",Non saprei,nessuno,0,0,,,[],[],0.0,"Il partecipante non esprime né pro né contro, dichiarando di non sapere rispondere."
insegnanti_attuali_drea25.md,Drea25,Insegnanti in servizio,insegnanti_in_servizio,3,"In base alla tua esperienza, quali sono i pro e i contro dell'uso dell'intelligenza artificiale nell'educazione?",Pro : possono essere di supporto per alcune disabilità  Contro :tolgono la necessità di cercare le fonti nel modo giusto,misto,1,1,accessibilita_inclusione,ricerca_informazioni,"[{""category"": ""accessibilita_inclusione"", ""evidence"": ""possono essere di supporto per alcune disabilità"", ""reason"": ""Il partecipante indica che l'IA offre supporto per le disabilità.""}]","[{""category"": ""ricerca_informazioni"", ""evidence"": ""tolgono la necessità di cercare le fonti nel modo giusto"", ""reason"": ""Il partecipante segnala che l'IA riduce la necessità di cercare attivamente le fonti.""}]",0.9,La risposta elenca sia un beneficio (supporto disabilità) sia un rischio (riduzione ricerca fonti).
insegnanti_attuali_eddu02.md,eddu02,Insegnanti in servizio,insegnanti_in_servizio,9,"In base alla tua esperienza, quali sono i pro e i contro dell'uso dell'intelligenza artificiale nell'educazione?",Farne un uso non appropriato ed eccessivo,solo_contro,0,1,,altro,[],"[{""category"": ""altro"", ""evidence"": ""Farne un uso non appropriato ed eccessivo"", ""reason"": ""Il partecipante evidenzia il rischio di un utilizzo scorretto e sproporzionato della tecnologia.""}]",1.0,La risposta menziona esclusivamente un aspetto negativo (uso non appropriato ed eccessivo).
insegnanti_attuali_eggi21.md,eggi21,Insegnanti in servizio,insegnanti_in_servizio,3,"In base alla tua esperienza, quali sono i pro e i contro dell'uso dell'intelligenza artificiale nell'educazione?",Pro: ottimizzazione dei tempi e velocità di esecuzione di procedure standard. Contro: perdita di capacità di elaborazione mentale.,misto,1,1,efficienza_tempo,delega_cognitiva,"[{""category"": ""efficienza_tempo"", ""evidence"": ""ottimizzazione dei tempi e velocità di esecuzione di procedure standard"", ""reason"": ""Il partecipante evidenzia il vantaggio della rapidità e dell'ottimizzazione temporale.""}]","[{""category"": ""delega_cognitiva"", ""evidence"": ""perdita di capacità di elaborazione mentale"", ""reason"": ""Il partecipante segnala il rischio di atrofizzazione delle capacità cognitive autonome.""}]",1.0,La risposta elenca esplicitamente un pro e un contro.
insegnanti_attuali_eini23.md,EINI23,Insegnanti in servizio,insegnanti_in_servizio,9,"In base alla tua esperienza, quali sono i pro e i contro dell'uso dell'intelligenza artificiale nell'educazione?",Uso improprio da parte degli studenti,solo_contro,0,1,,delega_cognitiva,[],"[{""category"": ""delega_cognitiva"", ""evidence"": ""Uso improprio da parte degli studenti"", ""reason"": ""Il partecipante evidenzia un rischio legato all'uso scorretto dello strumento da parte degli studenti.""}]",0.9,La risposta menziona esclusivamente un aspetto negativo dell'uso dell'IA.
insegnanti_attuali_elia14.md,elia14,Insegnanti in servizio,insegnanti_in_servizio,3,"In base alla tua esperienza, quali sono i pro e i contro dell'uso dell'intelligenza artificiale nell'educazione?","I ""Pro"" dell'uso dell'IA nell'educazione consistono in un risparmio di tempo nell'organizzazione e nella scrittura di documenti che poi potrebbero comunque essere modificati a seconda delle proprie esigenze. Di ""Contro"" ci si potrebbe affidare troppo o completamente all'IA senza lasciare spazio all'elaborazione delle proprie idee e alla costruzione del proprio pensiero critico.",misto,1,1,efficienza_tempo,delega_cognitiva,"[{""category"": ""efficienza_tempo"", ""evidence"": ""risparmio di tempo"", ""reason"": ""Il partecipante evidenzia il vantaggio del risparmio di tempo nell'organizzazione e nella scrittura.""}]","[{""category"": ""delega_cognitiva"", ""evidence"": ""affidare troppo o completamente all'IA senza lasciare spazio all'elaborazione delle proprie idee"", ""reason"": ""Il partecipante segnala il rischio di delegare completamente il pensiero all'IA, limitando l'elaborazione autonoma.""}]",0.95,La risposta elenca esplicitamente un pro (risparmio di tempo) e un contro (perdita di pensiero critico).
insegnanti_attuali_elis03.md,Elis03,Insegnanti in servizio,insegnanti_in_servizio,3,"In base alla tua esperienza, quali sono i pro e i contro dell'uso dell'intelligenza artificiale nell'educazione?","L'intelligenza artificiale può essere un supporto alla didattica, quindi anche all'educazione, ma non può sostituire unicamente la persona. Nella mia piccola esperienza, ho notato che molti docenti e/o studenti ne fanno un uso improprio, pertanto non sfruttano le loro capacità logico-cognitive. Bisognerebbe informarsi e formarsi sull'AI prima di poterla utilizzate adeguatamente.",misto,1,2,supporto_comprensione,delega_cognitiva|riduzione_relazione,"[{""category"": ""supporto_comprensione"", ""evidence"": ""L'intelligenza artificiale può essere un supporto alla didattica"", ""reason"": ""Il partecipante indica che l'IA funge da ausilio per la didattica.""}]","[{""category"": ""delega_cognitiva"", ""evidence"": ""non sfruttano le loro capacità logico-cognitive"", ""reason"": ""Il partecipante segnala che l'uso improprio porta a non utilizzare le proprie capacità di pensiero.""}, {""category"": ""riduzione_relazione"", ""evidence"": ""non può sostituire unicamente la persona"", ""reason"": ""Il partecipante evidenzia il rischio di sostituire l'interazione umana.""}]",0.9,"La risposta elenca sia un beneficio (supporto) sia dei rischi (delega cognitiva, sostituzione della persona)."
insegnanti_attuali_ella06.md,ELLA06,Insegnanti in servizio,insegnanti_in_servizio,9,"In base alla tua esperienza, quali sono i pro e i contro dell'uso dell'intelligenza artificiale nell'educazione?",EVITARE DI SFORZARSI PER TRVARE SOLUZIONI AI PROBLEMI,solo_contro,0,1,,delega_cognitiva,[],"[{""category"": ""delega_cognitiva"", ""evidence"": ""EVITARE DI SFORZARSI PER TRVARE SOLUZIONI AI PROBLEMI"", ""reason"": ""Il partecipante suggerisce di non cercare soluzioni tramite IA, indicando un rischio di evitare lo sforzo cognitivo.""}]",0.9,La risposta esprime esclusivamente un avvertimento contro l'uso dell'IA per evitare lo sforzo di risoluzione dei problemi.
insegnanti_attuali_ella09.md,ELLA09,Insegnanti in servizio,insegnanti_in_servizio,9,"In base alla tua esperienza, quali sono i pro e i contro dell'uso dell'intelligenza artificiale nell'educazione?","i pro sono legati alla velocità nella elaborazione di materiali didattici utili e rispondenti alle singole necessità di docenti e studenti (test, letture, quiz, articoli...), i contro sono legati alla dipendenza generabile da certi strumenti che possono inibire la creatività e l'individuazione di soluzioni a cui si può arrivare senza l'uso di particolari strumenti digitali, ma che necessitano solo di un pò di buona volontà e un pò di tempo.",misto,1,2,produzione_materiali,dipendenza|creativita_coinvolgimento,"[{""category"": ""produzione_materiali"", ""evidence"": ""velocità nella elaborazione di materiali didattici utili"", ""reason"": ""Il partecipante evidenzia la rapidità di creazione di risorse come test e letture.""}]","[{""category"": ""dipendenza"", ""evidence"": ""dipendenza generabile da certi strumenti"", ""reason"": ""Il partecipante segnala il rischio di dipendenza dagli strumenti digitali.""}, {""category"": ""creativita_coinvolgimento"", ""evidence"": ""possono inibire la creatività"", ""reason"": ""Il partecipante afferma che l'uso degli strumenti può limitare la creatività.""}]",0.95,La risposta elenca esplicitamente sia vantaggi legati alla velocità che svantaggi legati alla dipendenza e alla creatività.
insegnanti_attuali_ella13.md,ella13,Insegnanti in servizio,insegnanti_in_servizio,3,"In base alla tua esperienza, quali sono i pro e i contro dell'uso dell'intelligenza artificiale nell'educazione?",PRO Maggiori risorse e tecnologie. CONTRO Utilizzarla come velocizzatore di risultati,nessuno,0,0,,,[],[],0.0,Nessuna classificazione valida restituita dal modello.
insegnanti_attuali_ella26.md,ella26,Insegnanti in servizio,insegnanti_in_servizio,3,"In base alla tua esperienza, quali sono i pro e i contro dell'uso dell'intelligenza artificiale nell'educazione?","L'AI agisce sui dati della sua ""esperienza"", impara da noi, è al nostro servizio e non al posto nostro. Noi possiamo creare in poco tempo con l'IA, potrà essere utilizzata a integrazione degli approcci tradizionali, per sviluppare competenze critiche di uso della tecnologia in relazione alla lingua e alla letteratura (correzione degli errori, analisi, creazione di contenuti..)mettendo lo studente nella condizione di sfruttare le possibilità offerte dall'IA in modo ancillare rispetto all'azione umana(e non in sostituzione di essa). Sarà utile, per esempio,  guidare gli studenti nella lettura e quindi nella riscrittura di testi prodotti dall'IA; riconoscere i pregi e i difetti, saperli rielaborare, cogliere la loro mancanza di originalità, imparare a integrarli con spunti personali. Con l'IA si possono creare giochi didattici, mappe, scritture creative, inserire video, foto, progetti, storie, verifiche, editor di foto, utilizzare excel, tabelle, grafici, fare determinate funzioni, formule magiche,  con canva fogli e con elementi d posso elaborare le informazioni.",misto,4,2,efficienza_tempo|produzione_materiali|supporto_comprensione|creativita_coinvolgimento,delega_cognitiva|plagio_autorialita,"[{""category"": ""efficienza_tempo"", ""evidence"": ""creare in poco tempo con l'IA"", ""reason"": ""Il partecipante evidenzia la capacità di produrre materiali rapidamente.""}, {""category"": ""produzione_materiali"", ""evidence"": ""creare giochi didattici, mappe, scritture creative, inserire video, foto, progetti, storie, verifiche"", ""reason"": ""L'IA viene utilizzata per generare una vasta gamma di risorse didattiche.""}, {""category"": ""supporto_comprensione"", ""evidence"": ""guidare gli studenti nella lettura e quindi nella riscrittura di testi"", ""reason"": ""L'IA funge da supporto per migliorare le capacità di lettura e scrittura.""}, {""category"": ""creativita_coinvolgimento"", ""evidence"": ""sviluppare competenze critiche di uso della tecnologia"", ""reason"": ""L'uso dell'IA stimola lo sviluppo di competenze tecnologiche e creative.""}]","[{""category"": ""delega_cognitiva"", ""evidence"": ""cogliere la loro mancanza di originalità"", ""reason"": ""Il partecipante nota il rischio di perdita di originalità nei testi prodotti.""}, {""category"": ""plagio_autorialita"", ""evidence"": ""riconoscere i pregi e i difetti, saperli rielaborare"", ""reason"": ""È necessario insegnare a distinguere e rielaborare i contenuti per evitare il plagio o la mancanza di autorialità.""}]",0.9,La risposta elenca chiaramente vantaggi operativi e didattici (pro) e rischi legati all'originalità e all'autorialità (contro).
insegnanti_attuali_elli02.md,Elli02,Insegnanti in servizio,insegnanti_in_servizio,3,"In base alla tua esperienza, quali sono i pro e i contro dell'uso dell'intelligenza artificiale nell'educazione?",Che l'essere umano perderà molte delle sue abilità; facilità i compiti e apre yun mondo di possibilità di applicazione,misto,1,1,creativita_coinvolgimento,delega_cognitiva,"[{""category"": ""creativita_coinvolgimento"", ""evidence"": ""apre yun mondo di possibilità di applicazione"", ""reason"": ""Il partecipante evidenzia l'apertura a nuove possibilità applicative.""}]","[{""category"": ""delega_cognitiva"", ""evidence"": ""Che l'essere umano perderà molte delle sue abilità"", ""reason"": ""Il partecipante segnala il rischio di perdita di abilità umane.""}]",0.9,La risposta contiene sia un beneficio (nuove possibilità) sia un rischio (perdita di abilità).
insegnanti_attuali_elli04.md,Elli04,Insegnanti in servizio,insegnanti_in_servizio,8,"In base alla tua esperienza, quali sono i pro e i contro dell'uso dell'intelligenza artificiale nell'educazione?",L’uso non controllato,nessuno,0,0,,,[],[],0.0,Nessuna classificazione valida restituita dal modello.
insegnanti_attuali_elli12.md,elli12,Insegnanti in servizio,insegnanti_in_servizio,8,"In base alla tua esperienza, quali sono i pro e i contro dell'uso dell'intelligenza artificiale nell'educazione?",.,nessuno,0,0,,,[],[],0.0,Nessuna classificazione valida restituita dal modello.
insegnanti_attuali_elli17.md,Elli17,Insegnanti in servizio,insegnanti_in_servizio,3,"In base alla tua esperienza, quali sono i pro e i contro dell'uso dell'intelligenza artificiale nell'educazione?","PRO -L’integrazione dell’IA nella didattica può preparare meglio le nuove generazioni per il mercato del lavoro del futuro, dove saranno sempre più richieste le competenze digitali. CONTRO -Dipendenza dalla tecnologia: l'eccessiva dipendenza sull’IA potrebbe portare alla sostituzione di interazioni umane, riducendo l’importanza della relazione insegnante-studente. -Impatto psicologico e sociale. -I contenuti e le risposte forniti dall’AI non sempre sono di qualità o affidabili, proprio perché manca un aspetto umano che le verifichi.",misto,1,4,produzione_materiali,riduzione_relazione|dipendenza|affidabilita_errori|privacy_etica,"[{""category"": ""produzione_materiali"", ""evidence"": ""preparare meglio le nuove generazioni per il mercato del lavoro del futuro"", ""reason"": ""Il partecipante cita la preparazione al futuro mercato del lavoro come vantaggio.""}]","[{""category"": ""riduzione_relazione"", ""evidence"": ""sostituzione di interazioni umane, riducendo l'importanza della relazione insegnante-studente"", ""reason"": ""Il partecipante evidenzia il rischio di perdita della relazione umana.""}, {""category"": ""dipendenza"", ""evidence"": ""eccessiva dipendenza sull'IA"", ""reason"": ""Il partecipante segnala il rischio di dipendenza tecnologica.""}, {""category"": ""affidabilita_errori"", ""evidence"": ""contenuti e risposte forniti dall'AI non sempre sono di qualità o affidabili"", ""reason"": ""Il partecipante indica la mancanza di affidabilità e qualità dei contenuti generati.""}, {""category"": ""privacy_etica"", ""evidence"": ""manca un aspetto umano che le verifichi"", ""reason"": ""Il partecipante sottolinea l'assenza di verifica umana come problema etico/qualitativo.""}]",0.95,La risposta elenca esplicitamente un pro e diversi contro specifici.
insegnanti_attuali_elli24.md,Elli24,Insegnanti in servizio,insegnanti_in_servizio,3,"In base alla tua esperienza, quali sono i pro e i contro dell'uso dell'intelligenza artificiale nell'educazione?","I pro sicuramente la rapidità e la semplicità nel reperire le informazioni, i contro che se utilizzata in maniera eccessiva disabitua i ragazzi ad esprimersi e ad impegnarsi in un compito",misto,1,1,ricerca_informazioni,dipendenza,"[{""category"": ""ricerca_informazioni"", ""evidence"": ""rapidità e la semplicità nel reperire le informazioni"", ""reason"": ""Il partecipante evidenzia la velocità e facilità di accesso ai dati come vantaggio.""}]","[{""category"": ""dipendenza"", ""evidence"": ""se utilizzata in maniera eccessiva disabitua i ragazzi"", ""reason"": ""Il partecipante segnala il rischio di creare abitudini negative e ridotta autonomia.""}]",0.9,La risposta elenca esplicitamente un pro e un contro.
insegnanti_attuali_elli6.md,elli6,Insegnanti in servizio,insegnanti_in_servizio,3,"In base alla tua esperienza, quali sono i pro e i contro dell'uso dell'intelligenza artificiale nell'educazione?",Non ho esperienza in merito,nessuno,0,0,,,[],[],1.0,"Il partecipante dichiara esplicitamente di non avere esperienza in merito, rendendo impossibile l'identificazione di pro o contro."
insegnanti_attuali_ello04.md,Ello04,Insegnanti in servizio,insegnanti_in_servizio,3,"In base alla tua esperienza, quali sono i pro e i contro dell'uso dell'intelligenza artificiale nell'educazione?","È sicuramente un mezzo di ricerca più veloce, ma forse non è sempre sicura.",nessuno,0,0,,,[],[],0.0,Nessuna classificazione valida restituita dal modello.
insegnanti_attuali_ello07.md,ello07,Insegnanti in servizio,insegnanti_in_servizio,3,"In base alla tua esperienza, quali sono i pro e i contro dell'uso dell'intelligenza artificiale nell'educazione?",Pro: gli insegnanti possono svolgere attività come valutazione di compiti e dedicare più tempo al supporto diretto agli studenti. Contro: minore apprendimento pratico e riduzione delle relazioni.,nessuno,0,0,,,[],[],0.0,Nessuna classificazione valida restituita dal modello.
insegnanti_attuali_ello27.md,Ello27,Insegnanti in servizio,insegnanti_in_servizio,2,"In base alla tua esperienza, quali sono i pro e i contro dell'uso dell'intelligenza artificiale nell'educazione?",Pro perché può trovare informazioni in vari siti in contemporanea contro uso sproposito e inadeguato da parte degli alunni che non sono più in grado di riassumere niente,misto,1,1,ricerca_informazioni,delega_cognitiva,"[{""category"": ""ricerca_informazioni"", ""evidence"": ""può trovare informazioni in vari siti in contemporanea"", ""reason"": ""Il partecipante evidenzia la capacità di aggregare informazioni da diverse fonti.""}]","[{""category"": ""delega_cognitiva"", ""evidence"": ""uso sproposito e inadeguato da parte degli alunni che non sono più in grado di riassumere niente"", ""reason"": ""Il partecipante segnala che l'uso dell'IA porta a una perdita di capacità di sintesi e ragionamento autonomo.""}]",0.9,La risposta elenca esplicitamente un vantaggio operativo e un rischio educativo.
insegnanti_attuali_ello27_2.md,ello27,Insegnanti in servizio,insegnanti_in_servizio,9,"In base alla tua esperienza, quali sono i pro e i contro dell'uso dell'intelligenza artificiale nell'educazione?",Pro: velocità  Contro: risposte non sempre corrette,misto,1,1,efficienza_tempo,affidabilita_errori,"[{""category"": ""efficienza_tempo"", ""evidence"": ""velocità"", ""reason"": ""Il partecipante cita la velocità come vantaggio.""}]","[{""category"": ""affidabilita_errori"", ""evidence"": ""risposte non sempre corrette"", ""reason"": ""Il partecipante segnala l'insufficienza di accuratezza delle risposte.""}]",1.0,La risposta elenca esplicitamente un pro e un contro.
insegnanti_attuali_endo15.md,endo15,Insegnanti in servizio,insegnanti_in_servizio,9,"In base alla tua esperienza, quali sono i pro e i contro dell'uso dell'intelligenza artificiale nell'educazione?",Pro: creare materiale  - Contro: poco creativa,misto,1,1,produzione_materiali,creativita_coinvolgimento,"[{""category"": ""produzione_materiali"", ""evidence"": ""creare materiale"", ""reason"": ""Il partecipante indica la capacità di generare risorse didattiche come vantaggio.""}]","[{""category"": ""creativita_coinvolgimento"", ""evidence"": ""poco creativa"", ""reason"": ""Il partecipante segnala una limitazione nella capacità di stimolare la creatività.""}]",0.9,La risposta elenca esplicitamente un pro e un contro.
insegnanti_attuali_engo17.md,Engo17,Insegnanti in servizio,insegnanti_in_servizio,9,"In base alla tua esperienza, quali sono i pro e i contro dell'uso dell'intelligenza artificiale nell'educazione?","Rischio di eccessiva semplificazione,  ripetizione e impossibilità di verificare esattamente la fonte",solo_contro,0,3,,affidabilita_errori|delega_cognitiva|affidabilita_errori,[],"[{""category"": ""affidabilita_errori"", ""evidence"": ""Rischio di eccessiva semplificazione"", ""reason"": ""Il partecipante evidenzia il rischio che l'IA produca contenuti troppo semplificati.""}, {""category"": ""delega_cognitiva"", ""evidence"": ""ripetizione"", ""reason"": ""Il partecipante cita la ripetitività come un aspetto negativo dell'uso dell'IA.""}, {""category"": ""affidabilita_errori"", ""evidence"": ""impossibilità di verificare esattamente la fonte"", ""reason"": ""Il partecipante segnala l'impossibilità di verificare le fonti dei contenuti generati.""}]",0.95,La risposta elenca esclusivamente rischi e svantaggi dell'uso dell'IA.
insegnanti_attuali_ente07.md,ente07,Insegnanti in servizio,insegnanti_in_servizio,3,"In base alla tua esperienza, quali sono i pro e i contro dell'uso dell'intelligenza artificiale nell'educazione?",Pro:  - Facilita i processi di sintesi e di elaborazione di testi anche altamente specifici.  Contro:  - Sottende delle imprecisioni,nessuno,0,0,,,[],[],0.0,Nessuna classificazione valida restituita dal modello.
insegnanti_attuali_enti06.md,Enti06,Insegnanti in servizio,insegnanti_in_servizio,6,"In base alla tua esperienza, quali sono i pro e i contro dell'uso dell'intelligenza artificiale nell'educazione?","Potrebbe portare ad un ""appiattimento"" della messa in gioco del ragazzo",solo_contro,0,1,,riduzione_relazione,[],"[{""category"": ""riduzione_relazione"", ""evidence"": ""Potrebbe portare ad un \""appiattimento\"" della messa in gioco del ragazzo"", ""reason"": ""Il partecipante evidenzia il rischio di ridurre la profondità dell'interazione e dell'impegno emotivo dello studente.""}]",0.95,La risposta contiene esclusivamente un rischio identificato dall'utente.
insegnanti_attuali_enti14.md,enti14,Insegnanti in servizio,insegnanti_in_servizio,9,"In base alla tua esperienza, quali sono i pro e i contro dell'uso dell'intelligenza artificiale nell'educazione?",Pro: facilità e velocità di creazione. Contro: i numeri non sono corretti,misto,1,1,efficienza_tempo,affidabilita_errori,"[{""category"": ""efficienza_tempo"", ""evidence"": ""facilità e velocità di creazione"", ""reason"": ""Il partecipante evidenzia la rapidità e la facilità operativa nell'utilizzo dell'IA.""}]","[{""category"": ""affidabilita_errori"", ""evidence"": ""i numeri non sono corretti"", ""reason"": ""Il partecipante segnala l'insorgenza di errori fattuali o di calcolo generati dall'IA.""}]",0.95,La risposta elenca esplicitamente un vantaggio (velocità) e uno svantaggio (errori).
insegnanti_attuali_enti38.md,enti38,Insegnanti in servizio,insegnanti_in_servizio,9,"In base alla tua esperienza, quali sono i pro e i contro dell'uso dell'intelligenza artificiale nell'educazione?","i pro, sono legati al risparmio di tempo, prodotti e servizi su misura; i contro sono perdita di posti di lavoro, utilizzo improprio, riduzione rapporto docente-alunno",misto,2,3,efficienza_tempo|personalizzazione,riduzione_relazione|delega_cognitiva|altro,"[{""category"": ""efficienza_tempo"", ""evidence"": ""risparmio di tempo"", ""reason"": ""Il partecipante cita il risparmio di tempo come vantaggio.""}, {""category"": ""personalizzazione"", ""evidence"": ""prodotti e servizi su misura"", ""reason"": ""Il partecipante menziona la capacità di creare prodotti e servizi personalizzati.""}]","[{""category"": ""riduzione_relazione"", ""evidence"": ""riduzione rapporto docente-alunno"", ""reason"": ""Il partecipante segnala il peggioramento del rapporto tra docente e alunno.""}, {""category"": ""delega_cognitiva"", ""evidence"": ""utilizzo improprio"", ""reason"": ""Il partecipante evidenzia il rischio di un utilizzo scorretto dell'IA.""}, {""category"": ""altro"", ""evidence"": ""perdita di posti di lavoro"", ""reason"": ""Il partecipante indica il rischio di perdita di occupazione.""}]",0.95,"La risposta elenca esplicitamente sia vantaggi (risparmio tempo, su misura) sia svantaggi (perdita posti, uso improprio, riduzione rapporto)."
insegnanti_attuali_enza16.md,enza16,Insegnanti in servizio,insegnanti_in_servizio,3,"In base alla tua esperienza, quali sono i pro e i contro dell'uso dell'intelligenza artificiale nell'educazione?",Pro facilitazione di alcuni iter che vanno poi interpretati e anche la possibilità di avere un punto di vista diverso  Contro diminuzione del ragionamento e della creatività,misto,2,1,produzione_materiali|supporto_comprensione,creativita_coinvolgimento,"[{""category"": ""produzione_materiali"", ""evidence"": ""facilitazione di alcuni iter"", ""reason"": ""Il partecipante indica che l'IA facilita alcuni processi operativi.""}, {""category"": ""supporto_comprensione"", ""evidence"": ""possibilità di avere un punto di vista diverso"", ""reason"": ""Il partecipante evidenzia il vantaggio di acquisire prospettive alternative.""}]","[{""category"": ""creativita_coinvolgimento"", ""evidence"": ""diminuzione del ragionamento e della creatività"", ""reason"": ""Il partecipante segnala un rischio per la creatività e il pensiero critico.""}]",0.9,La risposta elenca esplicitamente sia un pro che un contro.
insegnanti_attuali_enza18.md,Enza18,Insegnanti in servizio,insegnanti_in_servizio,9,"In base alla tua esperienza, quali sono i pro e i contro dell'uso dell'intelligenza artificiale nell'educazione?",Pro: avere accesso a un numero molto elevato di informazioni  Contro: rischio di omologazione nelle risposte,misto,1,1,ricerca_informazioni,standardizzazione,"[{""category"": ""ricerca_informazioni"", ""evidence"": ""avere accesso a un numero molto elevato di informazioni"", ""reason"": ""Il partecipante evidenzia la capacità dell'IA di fornire un vasto accesso alle informazioni.""}]","[{""category"": ""standardizzazione"", ""evidence"": ""rischio di omologazione nelle risposte"", ""reason"": ""Il partecipante segnala il pericolo che l'IA porti a risposte uniformi e standardizzate.""}]",0.95,La risposta elenca esplicitamente un vantaggio (accesso alle informazioni) e uno svantaggio (omologazione).
insegnanti_attuali_enza21.md,Enza21,Insegnanti in servizio,insegnanti_in_servizio,3,"In base alla tua esperienza, quali sono i pro e i contro dell'uso dell'intelligenza artificiale nell'educazione?",Pro-semplifica lavoro  Contro -,misto,1,0,efficienza_tempo,,"[{""category"": ""efficienza_tempo"", ""evidence"": ""Pro-semplifica lavoro"", ""reason"": ""Il partecipante indica che l'IA semplifica il lavoro, riducendo i tempi o gli sforzi richiesti.""}]",[],0.9,"La risposta elenca esplicitamente un pro ('semplifica lavoro') e un contro vuoto ('Contro -'), indicando una posizione mista con evidenza parziale."
insegnanti_attuali_enzi01.md,enzi01,Insegnanti in servizio,insegnanti_in_servizio,3,"In base alla tua esperienza, quali sono i pro e i contro dell'uso dell'intelligenza artificiale nell'educazione?","La mia perplessità e' che gli studenti perdano spirito critico,affidandosi all'IA per la produzione di testi scritti,riassunti,traduzioni,ecc...",solo_contro,0,1,,delega_cognitiva,[],"[{""category"": ""delega_cognitiva"", ""evidence"": ""perdano spirito critico, affidandosi all'IA per la produzione di testi scritti, riassunti, traduzioni, ecc..."", ""reason"": ""Il partecipante evidenzia il rischio di perdita di spirito critico e di affidamento eccessivo all'IA per attività cognitive.""}]",0.95,La risposta esprime esclusivamente perplessità e rischi legati all'uso dell'IA.
insegnanti_attuali_enzi06.md,enzi06,Insegnanti in servizio,insegnanti_in_servizio,8,"In base alla tua esperienza, quali sono i pro e i contro dell'uso dell'intelligenza artificiale nell'educazione?",Tra i pro elencherei soprattutto la possibilità di creare contenuti personalizzati e originali in tempi molto ridotti. Tra i contro sicuramente direi che attualmente riscontro una preoccupante deriva nell'utilizzo dell'IA che porta spesso anche noi docenti ad utilizzare questi strumenti in maniera acritica.,nessuno,0,0,,,[],[],0.0,Nessuna classificazione valida restituita dal modello.
insegnanti_attuali_enzi22.md,enzi22,Insegnanti in servizio,insegnanti_in_servizio,3,"In base alla tua esperienza, quali sono i pro e i contro dell'uso dell'intelligenza artificiale nell'educazione?",Pro forse per semplificazione BES - Contro scarsa applicazione,nessuno,0,0,,,[],[],0.0,Nessuna classificazione valida restituita dal modello.
insegnanti_attuali_eoni17.md,Eoni17,Insegnanti in servizio,insegnanti_in_servizio,9,"In base alla tua esperienza, quali sono i pro e i contro dell'uso dell'intelligenza artificiale nell'educazione?","Pro: snellisce la burocrazia, contro: un abuso non ci permette di usare le nostre abilità in quanto ci affidiamo solo a contenuti preconfezionati",misto,1,1,autonomia_organizzazione,delega_cognitiva,"[{""category"": ""autonomia_organizzazione"", ""evidence"": ""snellisce la burocrazia"", ""reason"": ""Il partecipante indica che l'IA riduce gli oneri amministrativi.""}]","[{""category"": ""delega_cognitiva"", ""evidence"": ""ci affidiamo solo a contenuti preconfezionati"", ""reason"": ""Il partecipante segnala il rischio di dipendenza da contenuti predefiniti che limitano l'uso delle proprie abilità.""}]",0.95,La risposta elenca esplicitamente un vantaggio (snellimento burocrazia) e uno svantaggio (affidamento a contenuti preconfezionati).
insegnanti_attuali_eoni26.md,EONI26,Insegnanti in servizio,insegnanti_in_servizio,3,"In base alla tua esperienza, quali sono i pro e i contro dell'uso dell'intelligenza artificiale nell'educazione?","PRO: UN SOSTEGNO VALIDO, CONTRO: SOSTITUIRE IL DOCENTE",nessuno,0,0,,,[],[],0.0,Nessuna classificazione valida restituita dal modello.
insegnanti_attuali_epre02.md,epre02,Insegnanti in servizio,insegnanti_in_servizio,3,"In base alla tua esperienza, quali sono i pro e i contro dell'uso dell'intelligenza artificiale nell'educazione?",contro: limita le capacità  elaborazione e critica - pro  facilita l informazione,misto,1,1,ricerca_informazioni,delega_cognitiva,"[{""category"": ""ricerca_informazioni"", ""evidence"": ""facilita l informazione"", ""reason"": ""Il partecipante indica che l'IA agevola l'accesso alle informazioni.""}]","[{""category"": ""delega_cognitiva"", ""evidence"": ""limita le capacità elaborazione e critica"", ""reason"": ""Il partecipante segnala che l'IA riduce le capacità di elaborazione e pensiero critico.""}]",0.9,La risposta elenca esplicitamente un pro e un contro.
insegnanti_attuali_erio24.md,erio24,Insegnanti in servizio,insegnanti_in_servizio,9,"In base alla tua esperienza, quali sono i pro e i contro dell'uso dell'intelligenza artificiale nell'educazione?","Pro: personalizzazione dell’apprendimento, inclusione, apprendimento continuo. Contro: disumanizzazione dell’insegnamento, dipendenza dalla tecnologia, disuguaglianze digitali.",misto,3,3,personalizzazione|accessibilita_inclusione|autonomia_organizzazione,riduzione_relazione|dipendenza|disuguaglianze,"[{""category"": ""personalizzazione"", ""evidence"": ""personalizzazione dell'apprendimento"", ""reason"": ""Il partecipante cita la capacità di adattare l'insegnamento alle esigenze individuali.""}, {""category"": ""accessibilita_inclusione"", ""evidence"": ""inclusione"", ""reason"": ""Il partecipante indica l'IA come strumento per favorire l'inclusione.""}, {""category"": ""autonomia_organizzazione"", ""evidence"": ""apprendimento continuo"", ""reason"": ""Il partecipante evidenzia il vantaggio di un aggiornamento costante delle competenze.""}]","[{""category"": ""riduzione_relazione"", ""evidence"": ""disumanizzazione dell'insegnamento"", ""reason"": ""Il partecipante segnala il rischio di perdere l'aspetto umano e relazionale.""}, {""category"": ""dipendenza"", ""evidence"": ""dipendenza dalla tecnologia"", ""reason"": ""Il partecipante evidenzia il rischio di un eccessivo affidamento agli strumenti tecnologici.""}, {""category"": ""disuguaglianze"", ""evidence"": ""disuguaglianze digitali"", ""reason"": ""Il partecipante cita il divario digitale come potenziale conseguenza negativa.""}]",1.0,La risposta elenca esplicitamente tre benefici e tre rischi specifici.
insegnanti_attuali_erio29.md,erio29,Insegnanti in servizio,insegnanti_in_servizio,9,"In base alla tua esperienza, quali sono i pro e i contro dell'uso dell'intelligenza artificiale nell'educazione?",Pro: se ne viene fatto un uso intelligente; contro: ricorrere continuamente all'AI non permette al pensiero umano di ragionare,misto,1,1,autonomia_organizzazione,delega_cognitiva,"[{""category"": ""autonomia_organizzazione"", ""evidence"": ""se ne viene fatto un uso intelligente"", ""reason"": ""Il partecipante indica che l'uso dell'IA è vantaggioso quando gestito con intelligenza.""}]","[{""category"": ""delega_cognitiva"", ""evidence"": ""ricorrere continuamente all'AI non permette al pensiero umano di ragionare"", ""reason"": ""Il partecipante segnala che l'uso continuo dell'IA ostacola il ragionamento umano.""}]",0.9,La risposta elenca esplicitamente un pro e un contro.
insegnanti_attuali_erra15.md,Erra15,Insegnanti in servizio,insegnanti_in_servizio,9,"In base alla tua esperienza, quali sono i pro e i contro dell'uso dell'intelligenza artificiale nell'educazione?",Non lo so,nessuno,0,0,,,[],[],0.0,"Il partecipante non esprime né pro né contro, dichiarando di non sapere."
insegnanti_attuali_erri10.md,Erri10,Insegnanti in servizio,insegnanti_in_servizio,8,"In base alla tua esperienza, quali sono i pro e i contro dell'uso dell'intelligenza artificiale nell'educazione?","Pro: velocità, semplicità, immediatezza. Contro: poco personalizzata, veloce",nessuno,0,0,,,[],[],0.0,Nessuna classificazione valida restituita dal modello.
insegnanti_attuali_erro26.md,erro26,Insegnanti in servizio,insegnanti_in_servizio,2,"In base alla tua esperienza, quali sono i pro e i contro dell'uso dell'intelligenza artificiale nell'educazione?",Non lo so,nessuno,0,0,,,[],[],0.0,Nessuna classificazione valida restituita dal modello.
insegnanti_attuali_etta06.md,Etta06,Insegnanti in servizio,insegnanti_in_servizio,8,"In base alla tua esperienza, quali sono i pro e i contro dell'uso dell'intelligenza artificiale nell'educazione?",Pro: accesso a un notevole bacino di informazioni. Contro: output spesso errati,misto,1,1,ricerca_informazioni,affidabilita_errori,"[{""category"": ""ricerca_informazioni"", ""evidence"": ""accesso a un notevole bacino di informazioni"", ""reason"": ""Il partecipante evidenzia la capacità dell'IA di fornire un vasto accesso alle informazioni.""}]","[{""category"": ""affidabilita_errori"", ""evidence"": ""output spesso errati"", ""reason"": ""Il partecipante segnala la frequente presenza di errori negli output generati dall'IA.""}]",1.0,La risposta elenca esplicitamente un pro e un contro.
insegnanti_attuali_etta24.md,etta24,Insegnanti in servizio,insegnanti_in_servizio,9,"In base alla tua esperienza, quali sono i pro e i contro dell'uso dell'intelligenza artificiale nell'educazione?",Pro: la ricezione delle informazioni e risoluzione di problemi  Contro: la standardizzazione delle risposte,misto,2,1,ricerca_informazioni|supporto_comprensione,standardizzazione,"[{""category"": ""ricerca_informazioni"", ""evidence"": ""ricezione delle informazioni"", ""reason"": ""Il partecipante cita la facilità nell'ottenere informazioni come vantaggio.""}, {""category"": ""supporto_comprensione"", ""evidence"": ""risoluzione di problemi"", ""reason"": ""Il partecipante indica la capacità di risolvere problemi come beneficio.""}]","[{""category"": ""standardizzazione"", ""evidence"": ""standardizzazione delle risposte"", ""reason"": ""Il partecipante segnala come svantaggio la tendenza a risposte uniformi.""}]",1.0,La risposta elenca esplicitamente un pro e un contro.
insegnanti_attuali_etti07.md,etti07,Insegnanti in servizio,insegnanti_in_servizio,3,"In base alla tua esperienza, quali sono i pro e i contro dell'uso dell'intelligenza artificiale nell'educazione?","I pro sono la velocità e rapidità dell'informazione, i contro sono che offre troppo facilmente la risoluzione di un quesito",nessuno,0,0,,,[],[],0.0,Nessuna classificazione valida restituita dal modello.
insegnanti_attuali_etti09.md,etti09,Insegnanti in servizio,insegnanti_in_servizio,8,"In base alla tua esperienza, quali sono i pro e i contro dell'uso dell'intelligenza artificiale nell'educazione?","I vantaggi:  1) apprendimento personalizzato: l'IA può essere utilizzata per creare esperienze di apprendimento personalizzate che si adattino alle esigenze individuali di ogni studente, soprattutto quelli con particolari esigenze, per creare una scuola più inclusiva; 2) migliorare l'accesso all'istruzione: l'IA può rendere l'istruzione più accessibile agli studenti che si trovano in zone remote o che hanno disabilità; 3) supporto ai docenti: gli insegnanti possono utilizzare l’intelligenza artificiale per svolgere attività come la valutazione di compiti o restituire feedback su realizzazioni e progetti, liberando il loro tempo per dedicarlo a concentrarsi sull'insegnamento e sul supporto diretto agli studenti. Gli svantaggi: 1) dipendenza dall'IA: affidarsi eccessivamente all'intelligenza artificiale nel campo della formazione potrebbe portare a una riduzione delle interazioni tra studenti e insegnanti e a una minore opportunità di apprendimento pratico; 2) il divario digitale: l'accesso all'intelligenza artificiale nell'istruzione potrebbe aumentare il divario digitale tra studenti provenienti da contesti socioeconomici diversi; 3) discriminazione algoritmica: c'è il timore del rischio di raccolta e utilizzo improprio dei dati degli studenti e di una conseguente penalizzazione di alcune figure nel processo di valutazione scolastico.",misto,4,6,personalizzazione|accessibilita_inclusione|feedback_valutazione|efficienza_tempo,riduzione_relazione|delega_cognitiva|disuguaglianze|privacy_etica|disuguaglianze|dipendenza,"[{""category"": ""personalizzazione"", ""evidence"": ""creare esperienze di apprendimento personalizzate che si adattino alle esigenze individuali di ogni studente"", ""reason"": ""L'IA permette di adattare l'apprendimento alle esigenze individuali.""}, {""category"": ""accessibilita_inclusione"", ""evidence"": ""rendere l'istruzione più accessibile agli studenti che si trovano in zone remote o che hanno disabilità"", ""reason"": ""L'IA migliora l'accesso all'istruzione per studenti in zone remote o con disabilità.""}, {""category"": ""feedback_valutazione"", ""evidence"": ""svolgere attività come la valutazione di compiti o restituire feedback su realizzazioni e progetti"", ""reason"": ""L'IA supporta i docenti nella valutazione e nel feedback.""}, {""category"": ""efficienza_tempo"", ""evidence"": ""liberando il loro tempo per dedicarlo a concentrarsi sull'insegnamento"", ""reason"": ""L'IA libera tempo per gli insegnanti.""}]","[{""category"": ""riduzione_relazione"", ""evidence"": ""riduzione delle interazioni tra studenti e insegnanti"", ""reason"": ""Un uso eccessivo riduce le interazioni umane.""}, {""category"": ""delega_cognitiva"", ""evidence"": ""minore opportunità di apprendimento pratico"", ""reason"": ""Si riduce l'opportunità di apprendimento pratico.""}, {""category"": ""disuguaglianze"", ""evidence"": ""aumentare il divario digitale tra studenti provenienti da contesti socioeconomici diversi"", ""reason"": ""L'accesso all'IA può aumentare il divario digitale.""}, {""category"": ""privacy_etica"", ""evidence"": ""rischio di raccolta e utilizzo improprio dei dati degli studenti"", ""reason"": ""Esiste il rischio di cattivo uso dei dati personali.""}, {""category"": ""disuguaglianze"", ""evidence"": ""conseguente penalizzazione di alcune figure nel processo di valutazione scolastico"", ""reason"": ""I dati possono portare a penalizzazioni ingiuste.""}, {""category"": ""dipendenza"", ""evidence"": ""affidarsi eccessivamente all'intelligenza artificiale"", ""reason"": ""Esiste il rischio di una dipendenza eccessiva dall'IA.""}]",0.95,"La risposta elenca chiaramente sia vantaggi (personalizzazione, supporto docenti) sia svantaggi (divario digitale, dipendenza, privacy)."
insegnanti_attuali_etti10.md,etti10,Insegnanti in servizio,insegnanti_in_servizio,9,"In base alla tua esperienza, quali sono i pro e i contro dell'uso dell'intelligenza artificiale nell'educazione?",Contro: la dipendenza tecnologia e il possibile isolamento sociale da parte degli studenti Pro: quasi tutti,misto,1,2,altro,dipendenza|riduzione_relazione,"[{""category"": ""altro"", ""evidence"": ""quasi tutti"", ""reason"": ""Il partecipante afferma che quasi tutti gli aspetti sono positivi, indicando un beneficio generale non specificato.""}]","[{""category"": ""dipendenza"", ""evidence"": ""la dipendenza tecnologia"", ""reason"": ""Il partecipante cita esplicitamente il rischio di dipendenza tecnologica.""}, {""category"": ""riduzione_relazione"", ""evidence"": ""isolamento sociale"", ""reason"": ""Il partecipante segnala il rischio di isolamento sociale degli studenti.""}]",0.9,"La risposta elenca sia un vantaggio generico ('quasi tutti') sia rischi specifici (dipendenza, isolamento)."
insegnanti_attuali_etti17.md,etti17,Insegnanti in servizio,insegnanti_in_servizio,8,"In base alla tua esperienza, quali sono i pro e i contro dell'uso dell'intelligenza artificiale nell'educazione?",PRO: velocizza e ottimizza procedure altrimenti lunghe e macchinose. CONTRO: commette errori e necessita di un'attenta supervisione.,nessuno,0,0,,,[],[],0.0,Nessuna classificazione valida restituita dal modello.
insegnanti_attuali_etti19.md,ETTI19,Insegnanti in servizio,insegnanti_in_servizio,2,"In base alla tua esperienza, quali sono i pro e i contro dell'uso dell'intelligenza artificiale nell'educazione?","Pro: permette di avere tanti contenuti utili alla didattica, sviluppa la creatività. Contro: rischio di pigrizia, rischio di non controllare il risultato di un compito sviluppato da IA",misto,2,2,produzione_materiali|creativita_coinvolgimento,delega_cognitiva|affidabilita_errori,"[{""category"": ""produzione_materiali"", ""evidence"": ""permette di avere tanti contenuti utili alla didattica"", ""reason"": ""L'IA è vista come fonte di abbondanza di risorse didattiche.""}, {""category"": ""creativita_coinvolgimento"", ""evidence"": ""sviluppa la creatività"", ""reason"": ""L'uso dell'IA stimola lo sviluppo della creatività.""}]","[{""category"": ""delega_cognitiva"", ""evidence"": ""rischio di pigrizia"", ""reason"": ""Viene segnalato il rischio che l'IA induca a comportamenti pigri.""}, {""category"": ""affidabilita_errori"", ""evidence"": ""rischio di non controllare il risultato di un compito sviluppato da IA"", ""reason"": ""C'è il rischio di accettare risultati non verificati dall'utente.""}]",0.95,La risposta elenca esplicitamente due benefici e due rischi specifici.
insegnanti_attuali_etti19_2.md,etti19,Insegnanti in servizio,insegnanti_in_servizio,2,"In base alla tua esperienza, quali sono i pro e i contro dell'uso dell'intelligenza artificiale nell'educazione?",didattica più accattivante - uso acritico,nessuno,0,0,,,[],[],0.0,Nessuna classificazione valida restituita dal modello.
insegnanti_attuali_etti25.md,Etti25,Insegnanti in servizio,insegnanti_in_servizio,8,"In base alla tua esperienza, quali sono i pro e i contro dell'uso dell'intelligenza artificiale nell'educazione?",Aiuta ad abbreviare i tempi,solo_pro,1,0,efficienza_tempo,,"[{""category"": ""efficienza_tempo"", ""evidence"": ""Aiuta ad abbreviare i tempi"", ""reason"": ""Il partecipante evidenzia il vantaggio di una maggiore rapidità nell'esecuzione dei compiti.""}]",[],1.0,La risposta menziona esclusivamente un beneficio operativo.
insegnanti_attuali_etti27.md,etti27,Insegnanti in servizio,insegnanti_in_servizio,7,"In base alla tua esperienza, quali sono i pro e i contro dell'uso dell'intelligenza artificiale nell'educazione?",diventiamo pigri,solo_contro,0,1,,delega_cognitiva,[],"[{""category"": ""delega_cognitiva"", ""evidence"": ""diventiamo pigri"", ""reason"": ""Il partecipante afferma che l'uso dell'IA porta a una riduzione dell'impegno mentale.""}]",1.0,La risposta contiene esclusivamente un rischio percepito.
insegnanti_attuali_etto08.md,etto08,Insegnanti in servizio,insegnanti_in_servizio,2,"In base alla tua esperienza, quali sono i pro e i contro dell'uso dell'intelligenza artificiale nell'educazione?",Agevolazione e facilitazione nel produrre materiale utile per la didattica Conoscere i limiti e verificare sempre le fonti,nessuno,0,0,,,[],[],0.0,Nessuna classificazione valida restituita dal modello.
insegnanti_attuali_etto20.md,etto20,Insegnanti in servizio,insegnanti_in_servizio,3,"In base alla tua esperienza, quali sono i pro e i contro dell'uso dell'intelligenza artificiale nell'educazione?",i pro i messaggi arrivano prima e tutto diventa piu veloce i contro si perde la capacità di ragionare davanti ad un ostacolo per poterlo risolvere,nessuno,0,0,,,[],[],0.0,Nessuna classificazione valida restituita dal modello.
insegnanti_attuali_faro16.md,Faro16,Insegnanti in servizio,insegnanti_in_servizio,9,"In base alla tua esperienza, quali sono i pro e i contro dell'uso dell'intelligenza artificiale nell'educazione?",I pro sono sicuramente il supporto nel creare nuovi materiali.  Contro adagiarsi all’intelligenza artificiale,misto,1,1,produzione_materiali,dipendenza,"[{""category"": ""produzione_materiali"", ""evidence"": ""supporto nel creare nuovi materiali"", ""reason"": ""Il partecipante cita esplicitamente il supporto nella creazione di nuovi materiali come vantaggio.""}]","[{""category"": ""dipendenza"", ""evidence"": ""adagiarsi all'intelligenza artificiale"", ""reason"": ""Il partecipante esprime il rischio di un eccessivo affidamento o adagiamento sull'IA.""}]",0.9,La risposta elenca chiaramente un pro e un contro.
insegnanti_attuali_fazi28.md,fazi28,Insegnanti in servizio,insegnanti_in_servizio,3,"In base alla tua esperienza, quali sono i pro e i contro dell'uso dell'intelligenza artificiale nell'educazione?",strumento estremamente potente non adeguatamente compensato dal potenziamento delle competenze critiche e metacognitive,nessuno,0,0,,,[],[],0.0,Nessuna classificazione valida restituita dal modello.
insegnanti_attuali_fico70.md,fico70,Insegnanti in servizio,insegnanti_in_servizio,9,"In base alla tua esperienza, quali sono i pro e i contro dell'uso dell'intelligenza artificiale nell'educazione?",La velocità dell'esecuzione pro che permette di focalizzarti su ciò che desideri maggiormente... il contro è che molti potrebbero ignorare alcune questioni ed evitare totalmente di migliorarle come la capacità di sintesi e di problem solving.,misto,1,1,efficienza_tempo,delega_cognitiva,"[{""category"": ""efficienza_tempo"", ""evidence"": ""velocità dell'esecuzione"", ""reason"": ""Il partecipante evidenzia la rapidità come vantaggio che permette di focalizzarsi su ciò che si desidera.""}]","[{""category"": ""delega_cognitiva"", ""evidence"": ""evitare totalmente di migliorarle come la capacità di sintesi e di problem solving"", ""reason"": ""Il partecipante segnala il rischio che l'IA porti a ignorare o non migliorare competenze cognitive fondamentali.""}]",0.9,La risposta elenca esplicitamente un pro (velocità) e un contro (mancanza di miglioramento delle capacità cognitive).
insegnanti_attuali_fila18.md,fila18,Insegnanti in servizio,insegnanti_in_servizio,3,"In base alla tua esperienza, quali sono i pro e i contro dell'uso dell'intelligenza artificiale nell'educazione?","I pro sono che si può creare una forma di educazione più ampia, variegata e interattiva. I contro sicuramente riguarda l'aspetto più emotivo e psicologo di cosa significhi educare",nessuno,0,0,,,[],[],0.0,Nessuna classificazione valida restituita dal modello.
insegnanti_attuali_fini18.md,Fini18,Insegnanti in servizio,insegnanti_in_servizio,2,"In base alla tua esperienza, quali sono i pro e i contro dell'uso dell'intelligenza artificiale nell'educazione?",Sono antieducativi e non formano un adolescente,nessuno,0,0,,,[],[],0.0,Nessuna classificazione valida restituita dal modello.
insegnanti_attuali_gina21.md,Gina21,Insegnanti in servizio,insegnanti_in_servizio,9,"In base alla tua esperienza, quali sono i pro e i contro dell'uso dell'intelligenza artificiale nell'educazione?",Pro sui contenuti didattici,solo_pro,1,0,produzione_materiali,,"[{""category"": ""produzione_materiali"", ""evidence"": ""Pro sui contenuti didattici"", ""reason"": ""Il partecipante cita esplicitamente un vantaggio relativo ai contenuti.""}]",[],0.9,La risposta menziona solo un aspetto positivo ('Pro sui contenuti didattici') senza citare contro.
insegnanti_attuali_glia09.md,glia09,Insegnanti in servizio,insegnanti_in_servizio,3,"In base alla tua esperienza, quali sono i pro e i contro dell'uso dell'intelligenza artificiale nell'educazione?","Non ho esperienza, ma da quello che vedo un pro è il risparmio di tempo, un contro la diminuzione del pensiero critico",misto,1,1,efficienza_tempo,delega_cognitiva,"[{""category"": ""efficienza_tempo"", ""evidence"": ""risparmio di tempo"", ""reason"": ""Il partecipante cita esplicitamente il risparmio di tempo come vantaggio.""}]","[{""category"": ""delega_cognitiva"", ""evidence"": ""diminuzione del pensiero critico"", ""reason"": ""Il partecipante segnala che l'uso dell'IA riduce la capacità di pensiero critico.""}]",0.9,La risposta elenca chiaramente un pro e un contro.
insegnanti_attuali_glio22.md,Glio22,Insegnanti in servizio,insegnanti_in_servizio,8,"In base alla tua esperienza, quali sono i pro e i contro dell'uso dell'intelligenza artificiale nell'educazione?","Pro facilita di uso, contro appiattimento nelle capacità di elaborazione",misto,1,1,efficienza_tempo,standardizzazione,"[{""category"": ""efficienza_tempo"", ""evidence"": ""facilita di uso"", ""reason"": ""Il partecipante evidenzia la facilità d'uso come vantaggio operativo.""}]","[{""category"": ""standardizzazione"", ""evidence"": ""appiattimento nelle capacità di elaborazione"", ""reason"": ""Il partecipante segnala il rischio di omogeneizzazione o riduzione delle capacità cognitive.""}]",0.9,La risposta elenca esplicitamente un pro e un contro.
insegnanti_attuali_gullo31.md,Gullo31,Insegnanti in servizio,insegnanti_in_servizio,3,"In base alla tua esperienza, quali sono i pro e i contro dell'uso dell'intelligenza artificiale nell'educazione?","I pro potrebbero essere legati alla tempistica, i contro all'uso eccessivo che se ne potrebbe fare.",nessuno,0,0,,,[],[],0.0,Nessuna classificazione valida restituita dal modello.
insegnanti_attuali_handa11.md,Handa11,Insegnanti in servizio,insegnanti_in_servizio,9,"In base alla tua esperienza, quali sono i pro e i contro dell'uso dell'intelligenza artificiale nell'educazione?",Pro:Facilitazione ricerche; contro: manipolazione psichica,misto,1,1,ricerca_informazioni,privacy_etica,"[{""category"": ""ricerca_informazioni"", ""evidence"": ""Facilitazione ricerche"", ""reason"": ""Il partecipante indica che l'IA facilita le attività di ricerca.""}]","[{""category"": ""privacy_etica"", ""evidence"": ""manipolazione psichica"", ""reason"": ""Il partecipante segnala il rischio di manipolazione psicologica come contro.""}]",0.9,La risposta elenca esplicitamente un pro e un contro.
insegnanti_attuali_hesi09.md,hesi09,Insegnanti in servizio,insegnanti_in_servizio,3,"In base alla tua esperienza, quali sono i pro e i contro dell'uso dell'intelligenza artificiale nell'educazione?",Un contro secondo me è la diffusa pratica che sta dilagando cioè quella di delegare molto all'AI,nessuno,0,0,,,[],[],0.0,Nessuna classificazione valida restituita dal modello.
insegnanti_attuali_hini13.md,HINI13,Insegnanti in servizio,insegnanti_in_servizio,3,"In base alla tua esperienza, quali sono i pro e i contro dell'uso dell'intelligenza artificiale nell'educazione?","Pro è la velocità con cui si accede a qualsiasi informazione e contenuto. Il contro è l'estrema facilità con cui si hanno risposte di qualsiasi genere, senza dover cercare, approfondire, metabolizzare. Il rischio per i giovani è che sia tutto troppo estremamente facile.",misto,1,2,ricerca_informazioni,delega_cognitiva|dipendenza,"[{""category"": ""ricerca_informazioni"", ""evidence"": ""velocità con cui si accede a qualsiasi informazione e contenuto"", ""reason"": ""Il partecipante evidenzia la rapidità di accesso alle informazioni come vantaggio.""}]","[{""category"": ""delega_cognitiva"", ""evidence"": ""estrema facilità con cui si hanno risposte di qualsiasi genere, senza dover cercare, approfondire, metabolizzare"", ""reason"": ""Il partecipante segnala il rischio di non dover più cercare o elaborare le informazioni.""}, {""category"": ""dipendenza"", ""evidence"": ""Il rischio per i giovani è che sia tutto troppo estremamente facile"", ""reason"": ""Il partecipante esprime il timore che l'eccessiva facilità porti a una dipendenza o a una mancanza di sforzo intellettuale.""}]",0.95,La risposta elenca esplicitamente un pro (velocità) e due contro (mancanza di approfondimento e facilità eccessiva).
insegnanti_attuali_iani07.md,iani07,Insegnanti in servizio,insegnanti_in_servizio,3,"In base alla tua esperienza, quali sono i pro e i contro dell'uso dell'intelligenza artificiale nell'educazione?","I pro nell' uso dell'  IA: può essere usata nelle scuole per personalizzare l' apprendimento e di supporto agli insegnati per creare laboratori, schede di verifica  ecc. I contro: il timore di perdere gradualmente ciò che caratterizza l' essere umano come:  l' immaginazione, la fantasia e tutto ciò che ne deriva.. le intuizioni le scoperte...",nessuno,0,0,,,[],[],0.0,Nessuna classificazione valida restituita dal modello.
insegnanti_attuali_iani22.md,Iani22,Insegnanti in servizio,insegnanti_in_servizio,3,"In base alla tua esperienza, quali sono i pro e i contro dell'uso dell'intelligenza artificiale nell'educazione?",Pro: maggiore coinvolgimento degli studenti Contro: utilizzo da parte degli studenti per la risoluzione di compiti,misto,1,1,creativita_coinvolgimento,delega_cognitiva,"[{""category"": ""creativita_coinvolgimento"", ""evidence"": ""maggiore coinvolgimento degli studenti"", ""reason"": ""Il partecipante cita un aumento del coinvolgimento come beneficio.""}]","[{""category"": ""delega_cognitiva"", ""evidence"": ""utilizzo da parte degli studenti per la risoluzione di compiti"", ""reason"": ""Il partecipante segnala il rischio di affidare la risoluzione dei compiti all'IA.""}]",0.95,La risposta elenca esplicitamente un pro e un contro.
insegnanti_attuali_iano12.md,iano12,Insegnanti in servizio,insegnanti_in_servizio,3,"In base alla tua esperienza, quali sono i pro e i contro dell'uso dell'intelligenza artificiale nell'educazione?","I pro riguardano la velocità di ricerca, mentre i contro rappresentano  lasciar fare ad uno strumento ciò che dovrebbe e potrebbe fare l'alunno.",misto,1,1,ricerca_informazioni,delega_cognitiva,"[{""category"": ""ricerca_informazioni"", ""evidence"": ""velocità di ricerca"", ""reason"": ""Il partecipante cita la rapidità come vantaggio operativo.""}]","[{""category"": ""delega_cognitiva"", ""evidence"": ""lasciar fare ad uno strumento ciò che dovrebbe e potrebbe fare l'alunno"", ""reason"": ""Il partecipante evidenzia il rischio di delegare all'IA compiti che dovrebbero essere svolti autonomamente dallo studente.""}]",0.95,La risposta elenca esplicitamente un pro (velocità) e un contro (delega di compiti).
insegnanti_attuali_iano17.md,Iano17,Insegnanti in servizio,insegnanti_in_servizio,3,"In base alla tua esperienza, quali sono i pro e i contro dell'uso dell'intelligenza artificiale nell'educazione?","Contro perché dipende da caso a caso, pro se usata bene velocizza",misto,1,1,efficienza_tempo,affidabilita_errori,"[{""category"": ""efficienza_tempo"", ""evidence"": ""velocizza"", ""reason"": ""Il partecipante indica che l'uso dell'IA velocizza i processi quando usata bene.""}]","[{""category"": ""affidabilita_errori"", ""evidence"": ""dipende da caso a caso"", ""reason"": ""Il partecipante evidenzia l'incertezza e la variabilità dei risultati a seconda del contesto.""}]",0.7,La risposta elenca un vantaggio operativo (velocità) e un rischio legato all'incostanza dei risultati.
insegnanti_attuali_iano18.md,iano18,Insegnanti in servizio,insegnanti_in_servizio,9,"In base alla tua esperienza, quali sono i pro e i contro dell'uso dell'intelligenza artificiale nell'educazione?","Pro: l’IA permette di personalizzare l’apprendimento, offre feedback immediato, supporta l’inclusione, semplifica la valutazione e aumenta la motivazione.  Contro: comporta rischi per la privacy, può accentuare le disuguaglianze digitali, richiede formazione specifica, non sostituisce la relazione educativa e può fornire contenuti non sempre affidabili.",misto,5,5,personalizzazione|feedback_valutazione|accessibilita_inclusione|feedback_valutazione|creativita_coinvolgimento,privacy_etica|disuguaglianze|autonomia_organizzazione|riduzione_relazione|affidabilita_errori,"[{""category"": ""personalizzazione"", ""evidence"": ""l'IA permette di personalizzare l'apprendimento"", ""reason"": ""Il partecipante cita la capacità di adattare il percorso di studio.""}, {""category"": ""feedback_valutazione"", ""evidence"": ""offre feedback immediato"", ""reason"": ""Il partecipante evidenzia la rapidità delle risposte di valutazione.""}, {""category"": ""accessibilita_inclusione"", ""evidence"": ""supporta l'inclusione"", ""reason"": ""Il partecipante menziona il supporto per studenti con bisogni speciali.""}, {""category"": ""feedback_valutazione"", ""evidence"": ""semplifica la valutazione"", ""reason"": ""Il partecipante indica una riduzione del carico di lavoro valutativo.""}, {""category"": ""creativita_coinvolgimento"", ""evidence"": ""aumenta la motivazione"", ""reason"": ""Il partecipante collega l'uso dell'IA a un aumento dell'interesse degli studenti.""}]","[{""category"": ""privacy_etica"", ""evidence"": ""comporta rischi per la privacy"", ""reason"": ""Il partecipante segnala preoccupazioni riguardo alla protezione dei dati.""}, {""category"": ""disuguaglianze"", ""evidence"": ""può accentuare le disuguaglianze digitali"", ""reason"": ""Il partecipante evidenzia il rischio di ampliamento del divario digitale.""}, {""category"": ""autonomia_organizzazione"", ""evidence"": ""richiede formazione specifica"", ""reason"": ""Il partecipante indica la necessità di aggiornamento professionale come ostacolo.""}, {""category"": ""riduzione_relazione"", ""evidence"": ""non sostituisce la relazione educativa"", ""reason"": ""Il partecipante sottolinea il rischio di perdere l'aspetto umano dell'insegnamento.""}, {""category"": ""affidabilita_errori"", ""evidence"": ""può fornire contenuti non sempre affidabili"", ""reason"": ""Il partecipante mette in dubbio l'accuratezza delle informazioni generate dall'IA.""}]",1.0,La risposta elenca esplicitamente sia una serie di vantaggi che una serie di svantaggi.
insegnanti_attuali_icci04.md,ICCI04,Insegnanti in servizio,insegnanti_in_servizio,3,"In base alla tua esperienza, quali sono i pro e i contro dell'uso dell'intelligenza artificiale nell'educazione?",Pro semplicita' operazioni esplicative e contro...sostituzione intelligenza umana,nessuno,0,0,,,[],[],0.0,Nessuna classificazione valida restituita dal modello.
insegnanti_attuali_icci15.md,icci15,Insegnanti in servizio,insegnanti_in_servizio,3,"In base alla tua esperienza, quali sono i pro e i contro dell'uso dell'intelligenza artificiale nell'educazione?",Bisogna conoscerla bene prima di poterla utilizzare in modo consapevole,nessuno,0,0,,,[],[],0.0,Nessuna classificazione valida restituita dal modello.
insegnanti_attuali_icci16.md,icci16,Insegnanti in servizio,insegnanti_in_servizio,3,"In base alla tua esperienza, quali sono i pro e i contro dell'uso dell'intelligenza artificiale nell'educazione?",Non saprei,nessuno,0,0,,,[],[],0.0,La risposta 'Non saprei' non espone né benefici né rischi specifici.
insegnanti_attuali_icci24.md,icci24,Insegnanti in servizio,insegnanti_in_servizio,8,"In base alla tua esperienza, quali sono i pro e i contro dell'uso dell'intelligenza artificiale nell'educazione?",Pro: buono per un lavoro di limatura  Contro: dannoso se si affida il ragionamento alla IA,nessuno,0,0,,,[],[],0.0,Nessuna classificazione valida restituita dal modello.
insegnanti_attuali_icci28.md,Icci28,Insegnanti in servizio,insegnanti_in_servizio,3,"In base alla tua esperienza, quali sono i pro e i contro dell'uso dell'intelligenza artificiale nell'educazione?",Mi sembra che venga utilizzata ancora come scorciatoia.,nessuno,0,0,,,[],[],0.0,Nessuna classificazione valida restituita dal modello.
insegnanti_attuali_ico584.md,Ico584,Insegnanti in servizio,insegnanti_in_servizio,3,"In base alla tua esperienza, quali sono i pro e i contro dell'uso dell'intelligenza artificiale nell'educazione?",Può essere utile nell'organizzazione di qualcosa,nessuno,0,0,,,[],[],0.0,Nessuna classificazione valida restituita dal modello.
insegnanti_attuali_iddi22.md,IDDI22,Insegnanti in servizio,insegnanti_in_servizio,8,"In base alla tua esperienza, quali sono i pro e i contro dell'uso dell'intelligenza artificiale nell'educazione?",Per ora nessun contro,nessuno,0,0,,,[],[],0.0,Nessuna classificazione valida restituita dal modello.
insegnanti_attuali_iduca18.md,iduca18,Insegnanti in servizio,insegnanti_in_servizio,3,"In base alla tua esperienza, quali sono i pro e i contro dell'uso dell'intelligenza artificiale nell'educazione?","L'uso incondizionato e acritico può portare a un appiattimento del senso di realtà, il pensiero critico può guidare ed essere strumento utile come strategia di lavoro anche a scuola.",misto,1,1,personalizzazione,riduzione_relazione,"[{""category"": ""personalizzazione"", ""evidence"": ""pensiero critico può guidare ed essere strumento utile"", ""reason"": ""Il partecipante indica che l'IA può essere uno strumento utile se guidata dal pensiero critico.""}]","[{""category"": ""riduzione_relazione"", ""evidence"": ""appiattimento del senso di realtà"", ""reason"": ""L'uso incondizionato e acritico dell'IA porta a un appiattimento del senso di realtà.""}]",0.9,La risposta elenca un rischio (appiattimento della realtà) e un potenziale beneficio (strumento utile) a condizione di pensiero critico.
insegnanti_attuali_iero07.md,Iero07,Insegnanti in servizio,insegnanti_in_servizio,3,"In base alla tua esperienza, quali sono i pro e i contro dell'uso dell'intelligenza artificiale nell'educazione?",Sono favorevole ma in modo controllato e con una preparazione adeguata.,nessuno,0,0,,,[],[],0.0,Nessuna classificazione valida restituita dal modello.
insegnanti_attuali_iero090134.md,iero090134,Insegnanti in servizio,insegnanti_in_servizio,3,"In base alla tua esperienza, quali sono i pro e i contro dell'uso dell'intelligenza artificiale nell'educazione?",Può aitare,nessuno,0,0,,,[],[],0.0,Nessuna classificazione valida restituita dal modello.
insegnanti_attuali_ifeo03.md,ifeo03,Insegnanti in servizio,insegnanti_in_servizio,9,"In base alla tua esperienza, quali sono i pro e i contro dell'uso dell'intelligenza artificiale nell'educazione?","Pro: aiuta a capire meglio i concetti di base, per cui è di grande ausilio ai ragazzi con qualche difficoltà di apprendimento. Contro: riduce lo sprone alla creatività e all'approfondimento e non aiuta a sviluppare il pensiero critico",misto,2,2,supporto_comprensione|accessibilita_inclusione,creativita_coinvolgimento|delega_cognitiva,"[{""category"": ""supporto_comprensione"", ""evidence"": ""aiuta a capire meglio i concetti di base"", ""reason"": ""Il partecipante evidenzia il vantaggio di facilitare la comprensione dei concetti fondamentali.""}, {""category"": ""accessibilita_inclusione"", ""evidence"": ""di grande ausilio ai ragazzi con qualche difficoltà di apprendimento"", ""reason"": ""Il partecipante indica l'ausilio specifico per studenti con difficoltà di apprendimento.""}]","[{""category"": ""creativita_coinvolgimento"", ""evidence"": ""riduce lo sprone alla creatività"", ""reason"": ""Il partecipante segnala che l'uso dell'IA diminuisce la spinta alla creatività.""}, {""category"": ""delega_cognitiva"", ""evidence"": ""non aiuta a sviluppare il pensiero critico"", ""reason"": ""Il partecipante nota che l'IA non favorisce lo sviluppo del pensiero critico.""}]",0.95,La risposta elenca esplicitamente sia un beneficio (comprensione e inclusione) sia dei rischi (riduzione creatività e pensiero critico).
insegnanti_attuali_ileo20.md,ILEO20,Insegnanti in servizio,insegnanti_in_servizio,3,"In base alla tua esperienza, quali sono i pro e i contro dell'uso dell'intelligenza artificiale nell'educazione?",Spesso l'utilizzo viene utilizzato in maniera sostitutiva dell'alunno,nessuno,0,0,,,[],[],0.0,Nessuna classificazione valida restituita dal modello.
insegnanti_attuali_ileo23.md,Ileo23,Insegnanti in servizio,insegnanti_in_servizio,9,"In base alla tua esperienza, quali sono i pro e i contro dell'uso dell'intelligenza artificiale nell'educazione?",i pro comprendere meglio la didattica i contro farne un abuso,misto,1,1,supporto_comprensione,dipendenza,"[{""category"": ""supporto_comprensione"", ""evidence"": ""comprendere meglio la didattica"", ""reason"": ""Il partecipante indica che l'IA aiuta a comprendere meglio la didattica.""}]","[{""category"": ""dipendenza"", ""evidence"": ""farne un abuso"", ""reason"": ""Il partecipante segnala il rischio di un uso eccessivo o dipendente dell'IA.""}]",0.9,La risposta elenca esplicitamente un pro e un contro.
insegnanti_attuali_ille09.md,ille09,Insegnanti in servizio,insegnanti_in_servizio,3,"In base alla tua esperienza, quali sono i pro e i contro dell'uso dell'intelligenza artificiale nell'educazione?",pro: l'IA Potrebbe proporre una didattica più inclusiva. contro:  in alcuni casi potrebbe limitare il lavoro degli studenti,misto,1,1,accessibilita_inclusione,autonomia_organizzazione,"[{""category"": ""accessibilita_inclusione"", ""evidence"": ""l'IA Potrebbe proporre una didattica più inclusiva"", ""reason"": ""Il partecipante cita esplicitamente la possibilità di rendere la didattica più inclusiva.""}]","[{""category"": ""autonomia_organizzazione"", ""evidence"": ""in alcuni casi potrebbe limitare il lavoro degli studenti"", ""reason"": ""Il partecipante segnala che l'uso dell'IA potrebbe ridurre l'autonomia lavorativa degli studenti.""}]",0.9,La risposta elenca chiaramente un pro e un contro.
insegnanti_attuali_illi01.md,ILLI01,Insegnanti in servizio,insegnanti_in_servizio,9,"In base alla tua esperienza, quali sono i pro e i contro dell'uso dell'intelligenza artificiale nell'educazione?","PRO: la rapidità e la flessibiltà con cui si preparano materiali di diverso tipo per diverse esigenze educative; avere rapidamente proposte alternative rispetto a una richiesta. CONTRO: lasciare che IA pensi al nostro posto, indebolimento  del pensiero creativo",misto,2,2,produzione_materiali|autonomia_organizzazione,delega_cognitiva|creativita_coinvolgimento,"[{""category"": ""produzione_materiali"", ""evidence"": ""rapidità e la flessibiltà con cui si preparano materiali di diverso tipo"", ""reason"": ""Il partecipante evidenzia la capacità dell'IA di generare rapidamente risorse educative diversificate.""}, {""category"": ""autonomia_organizzazione"", ""evidence"": ""avere rapidamente proposte alternative rispetto a una richiesta"", ""reason"": ""Il partecipante nota la flessibilità nell'ottenere alternative rapide per le esigenze educative.""}]","[{""category"": ""delega_cognitiva"", ""evidence"": ""lasciare che IA pensi al nostro posto"", ""reason"": ""Il partecipante teme che l'IA possa sostituire il processo di pensiero dell'insegnante.""}, {""category"": ""creativita_coinvolgimento"", ""evidence"": ""indebolimento del pensiero creativo"", ""reason"": ""Il partecipante segnala un rischio specifico per la capacità creativa.""}]",0.95,"La risposta elenca chiaramente sia vantaggi operativi (velocità, flessibilità) sia rischi cognitivi (delega, creatività)."
insegnanti_attuali_illi10.md,illi10,Insegnanti in servizio,insegnanti_in_servizio,3,"In base alla tua esperienza, quali sono i pro e i contro dell'uso dell'intelligenza artificiale nell'educazione?","Pro: velocizzazione nell'acquisizione delle informazioni, nel reperimento dati Contro: riduzione del ricorso alle proprie risorse personali, rinuncia all'approfondimento individuale, passa il messaggio del tutto e subito, della liceità a surrogare il proprio operato. Rischio dell'omogeneita' generalizzata e della similarità forzata per docenti e discenti",misto,1,3,efficienza_tempo,delega_cognitiva|standardizzazione|standardizzazione,"[{""category"": ""efficienza_tempo"", ""evidence"": ""velocizzazione nell'acquisizione delle informazioni, nel reperimento dati"", ""reason"": ""Il partecipante evidenzia il vantaggio della rapidità nel trovare e apprendere informazioni.""}]","[{""category"": ""delega_cognitiva"", ""evidence"": ""riduzione del ricorso alle proprie risorse personali, rinuncia all'approfondimento individuale"", ""reason"": ""Il partecipante segnala il rischio di non utilizzare più le proprie capacità cognitive e di non approfondire.""}, {""category"": ""standardizzazione"", ""evidence"": ""passa il messaggio del tutto e subito, della liceità a surrogare il proprio operato"", ""reason"": ""Il partecipante critica la tendenza a fornire risposte immediate senza elaborazione e la sostituzione del lavoro umano.""}, {""category"": ""standardizzazione"", ""evidence"": ""Rischio dell'omogeneita' generalizzata e della similarità forzata per docenti e discenti"", ""reason"": ""Il partecipante indica il pericolo di uniformità e mancanza di diversità tra studenti e insegnanti.""}]",0.95,La risposta elenca esplicitamente un vantaggio principale e tre rischi distinti.
insegnanti_attuali_illi13.md,Illi13,Insegnanti in servizio,insegnanti_in_servizio,3,"In base alla tua esperienza, quali sono i pro e i contro dell'uso dell'intelligenza artificiale nell'educazione?",Pro: velocizza il lavoro Contro: Non permette lo sviluppo di determinate abilità intellettive e la capacità critica degli studenti,misto,1,1,efficienza_tempo,delega_cognitiva,"[{""category"": ""efficienza_tempo"", ""evidence"": ""velocizza il lavoro"", ""reason"": ""Il partecipante evidenzia il vantaggio della rapidità nell'esecuzione dei compiti.""}]","[{""category"": ""delega_cognitiva"", ""evidence"": ""Non permette lo sviluppo di determinate abilità intellettive e la capacità critica degli studenti"", ""reason"": ""Il partecipante segnala il rischio di non sviluppare capacità intellettive e critiche.""}]",1.0,La risposta elenca esplicitamente un pro e un contro.
insegnanti_attuali_illi23.md,illi23,Insegnanti in servizio,insegnanti_in_servizio,8,"In base alla tua esperienza, quali sono i pro e i contro dell'uso dell'intelligenza artificiale nell'educazione?",pro: accessibilità e facilità di utilizzo contro: l'utilizzo insensato da parte di studenti,misto,2,1,accessibilita_inclusione|autonomia_organizzazione,delega_cognitiva,"[{""category"": ""accessibilita_inclusione"", ""evidence"": ""accessibilità"", ""reason"": ""Il partecipante cita l'accessibilità come vantaggio.""}, {""category"": ""autonomia_organizzazione"", ""evidence"": ""facilità di utilizzo"", ""reason"": ""Il partecipante indica la facilità d'uso come beneficio.""}]","[{""category"": ""delega_cognitiva"", ""evidence"": ""utilizzo insensato"", ""reason"": ""Il partecipante evidenzia il rischio di un uso improprio che porta a una delega non critica.""}]",0.9,La risposta elenca esplicitamente sia un pro che un contro.
insegnanti_attuali_illi3.md,illi3,Insegnanti in servizio,insegnanti_in_servizio,3,"In base alla tua esperienza, quali sono i pro e i contro dell'uso dell'intelligenza artificiale nell'educazione?","L'INTELLIGENZA ARIFICIALE CONSENTE UN PROCESSO DI APPRENDIMENTO PIU' DINAMICO E PER CERTI ASPETTI PIU' INCLUSIVO, MA LIMITA I RAPPORTI UMANI TRA PARI E TRA DOCENTE E STUDENTE",nessuno,0,0,,,[],[],0.0,Nessuna classificazione valida restituita dal modello.
insegnanti_attuali_illo01.md,Illo01,Insegnanti in servizio,insegnanti_in_servizio,9,"In base alla tua esperienza, quali sono i pro e i contro dell'uso dell'intelligenza artificiale nell'educazione?","L’IA può adattare i contenuti al livello, ai tempi e agli stili di apprendimento degli studenti. Questo è particolarmente utile per studenti con bisogni educativi speciali o con ritmi di apprendimento differenti.",solo_pro,2,0,personalizzazione|accessibilita_inclusione,,"[{""category"": ""personalizzazione"", ""evidence"": ""adattare i contenuti al livello, ai tempi e agli stili di apprendimento degli studenti"", ""reason"": ""Il partecipante evidenzia la capacità dell'IA di adattare i contenuti alle caratteristiche individuali.""}, {""category"": ""accessibilita_inclusione"", ""evidence"": ""particolarmente utile per studenti con bisogni educativi speciali o con ritmi di apprendimento differenti"", ""reason"": ""Il partecipante cita l'utilità specifica per studenti con BES o ritmi diversi.""}]",[],1.0,La risposta elenca esclusivamente benefici dell'IA senza menzionare rischi o contro.
insegnanti_attuali_illo31.md,illo31,Insegnanti in servizio,insegnanti_in_servizio,3,"In base alla tua esperienza, quali sono i pro e i contro dell'uso dell'intelligenza artificiale nell'educazione?",Pro: velocità di esecuzione. Contro: dipendenza dalla tecnologia.,misto,1,1,efficienza_tempo,dipendenza,"[{""category"": ""efficienza_tempo"", ""evidence"": ""velocità di esecuzione"", ""reason"": ""Il partecipante cita la rapidità come vantaggio operativo.""}]","[{""category"": ""dipendenza"", ""evidence"": ""dipendenza dalla tecnologia"", ""reason"": ""Il partecipante segnala il rischio di dipendenza tecnologica.""}]",1.0,La risposta elenca esplicitamente un pro e un contro.
insegnanti_attuali_imone29.md,imone29,Insegnanti in servizio,insegnanti_in_servizio,9,"In base alla tua esperienza, quali sono i pro e i contro dell'uso dell'intelligenza artificiale nell'educazione?",Essere attendibile,solo_pro,1,0,affidabilita_errori,,"[{""category"": ""affidabilita_errori"", ""evidence"": ""Essere attendibile"", ""reason"": ""Il partecipante cita esplicitamente l'attendibilità come caratteristica positiva.""}]",[],1.0,La risposta menziona un unico beneficio (attendibilità) senza citare rischi.
insegnanti_attuali_ineo13.md,Ineo13,Insegnanti in servizio,insegnanti_in_servizio,3,"In base alla tua esperienza, quali sono i pro e i contro dell'uso dell'intelligenza artificiale nell'educazione?",Non utilizzando questo strumento non posso rispondere,nessuno,0,0,,,[],[],0.0,"La risposta non contiene alcuna dichiarazione esplicita di pro o contro, ma afferma l'impossibilità di rispondere."
insegnanti_attuali_ini08.md,ini08,Insegnanti in servizio,insegnanti_in_servizio,3,"In base alla tua esperienza, quali sono i pro e i contro dell'uso dell'intelligenza artificiale nell'educazione?",uso improprio da parte di studenti,nessuno,0,0,,,[],[],0.0,Nessuna classificazione valida restituita dal modello.
insegnanti_attuali_iola29.md,iola29,Insegnanti in servizio,insegnanti_in_servizio,9,"In base alla tua esperienza, quali sono i pro e i contro dell'uso dell'intelligenza artificiale nell'educazione?",Pro: può facilitare con il carico burocratico di un insegnate Contro: appiattire la didattica,misto,1,1,efficienza_tempo,standardizzazione,"[{""category"": ""efficienza_tempo"", ""evidence"": ""facilitare con il carico burocratico"", ""reason"": ""Il partecipante indica che l'IA aiuta a gestire il carico burocratico, migliorando l'efficienza.""}]","[{""category"": ""standardizzazione"", ""evidence"": ""appiattire la didattica"", ""reason"": ""Il partecipante segnala il rischio di omogeneizzazione e perdita di diversità nella didattica.""}]",0.9,La risposta elenca esplicitamente un vantaggio (burocrazia) e uno svantaggio (appiattimento).
insegnanti_attuali_ione.md,IONE,Insegnanti in servizio,insegnanti_in_servizio,9,"In base alla tua esperienza, quali sono i pro e i contro dell'uso dell'intelligenza artificiale nell'educazione?","Pro migliora l’apprendimento , contro se ne fa abuso",misto,1,1,supporto_comprensione,dipendenza,"[{""category"": ""supporto_comprensione"", ""evidence"": ""migliora l'apprendimento"", ""reason"": ""Il partecipante indica che l'IA favorisce il miglioramento dell'apprendimento.""}]","[{""category"": ""dipendenza"", ""evidence"": ""se ne fa abuso"", ""reason"": ""Il partecipante segnala il rischio di un uso eccessivo o dipendente dell'IA.""}]",0.9,La risposta elenca esplicitamente un beneficio ('migliora l'apprendimento') e un rischio ('se ne fa abuso').
insegnanti_attuali_ione04.md,ione04,Insegnanti in servizio,insegnanti_in_servizio,3,"In base alla tua esperienza, quali sono i pro e i contro dell'uso dell'intelligenza artificiale nell'educazione?","nel caso di studenti che abbiano superato l'età per poter avere accesso a tali strumenti un  ""totale""  delegare alla IA  e di conseguenza un appiattimento del Problem- solving, del pensiero creativo etc.",solo_contro,0,2,,delega_cognitiva|creativita_coinvolgimento,[],"[{""category"": ""delega_cognitiva"", ""evidence"": ""un 'totale' delegare alla IA"", ""reason"": ""Il partecipante evidenzia il rischio di un eccessivo affidamento agli strumenti.""}, {""category"": ""creativita_coinvolgimento"", ""evidence"": ""appiattimento del Problem-solving, del pensiero creativo"", ""reason"": ""Il partecipante segnala la perdita di capacità di problem solving e creatività.""}]",0.9,La risposta elenca esclusivamente svantaggi legati alla delega e alla riduzione delle capacità cognitive.
insegnanti_attuali_ione10.md,Ione10,Insegnanti in servizio,insegnanti_in_servizio,9,"In base alla tua esperienza, quali sono i pro e i contro dell'uso dell'intelligenza artificiale nell'educazione?",Non saprei,nessuno,0,0,,,[],[],0.0,"Il partecipante non esprime né pro né contro, dichiarando di non sapere rispondere."
insegnanti_attuali_ione_2.md,Ione,Insegnanti in servizio,insegnanti_in_servizio,8,"In base alla tua esperienza, quali sono i pro e i contro dell'uso dell'intelligenza artificiale nell'educazione?",PRO: tempi ridotti nella preparazione della didattica e della programmazione didattica.  CONTRO: se non viene utilizzata consapevolmente potrebbe abbassare il livello di attenzione e apprendimento sia per quanto riguarda i ragazzi che gli adulti,misto,1,1,efficienza_tempo,riduzione_relazione,"[{""category"": ""efficienza_tempo"", ""evidence"": ""tempi ridotti nella preparazione della didattica e della programmazione didattica"", ""reason"": ""Il partecipante evidenzia il vantaggio della riduzione dei tempi di preparazione.""}]","[{""category"": ""riduzione_relazione"", ""evidence"": ""potrebbe abbassare il livello di attenzione e apprendimento"", ""reason"": ""Il partecipante segnala il rischio di un calo dell'attenzione e dell'apprendimento se l'uso non è consapevole.""}]",0.9,La risposta elenca esplicitamente un pro e un contro.
insegnanti_attuali_ioni17.md,ioni17,Insegnanti in servizio,insegnanti_in_servizio,3,"In base alla tua esperienza, quali sono i pro e i contro dell'uso dell'intelligenza artificiale nell'educazione?","I vantaggi sono: risparmio di tempo, aumenta le nostre possibilità di conoscenza, personalizzazione. Gli svantaggi sono: riduzione delle relazioni sociali, dipendenza dalla tecnologia.",misto,3,2,efficienza_tempo|personalizzazione|supporto_comprensione,riduzione_relazione|dipendenza,"[{""category"": ""efficienza_tempo"", ""evidence"": ""risparmio di tempo"", ""reason"": ""Il partecipante cita il risparmio di tempo come vantaggio.""}, {""category"": ""personalizzazione"", ""evidence"": ""personalizzazione"", ""reason"": ""Il partecipante cita la personalizzazione come vantaggio.""}, {""category"": ""supporto_comprensione"", ""evidence"": ""aumenta le nostre possibilità di conoscenza"", ""reason"": ""Il partecipante indica un aumento delle possibilità di conoscenza come beneficio.""}]","[{""category"": ""riduzione_relazione"", ""evidence"": ""riduzione delle relazioni sociali"", ""reason"": ""Il partecipante segnala una diminuzione delle relazioni sociali come svantaggio.""}, {""category"": ""dipendenza"", ""evidence"": ""dipendenza dalla tecnologia"", ""reason"": ""Il partecipante indica la dipendenza dalla tecnologia come svantaggio.""}]",1.0,La risposta elenca esplicitamente sia vantaggi che svantaggi dell'uso dell'IA.
insegnanti_attuali_ioni22.md,Ioni22,Insegnanti in servizio,insegnanti_in_servizio,9,"In base alla tua esperienza, quali sono i pro e i contro dell'uso dell'intelligenza artificiale nell'educazione?",Pro utilizzo del tempo nel fare ricerche su più siti,solo_pro,1,0,efficienza_tempo,,"[{""category"": ""efficienza_tempo"", ""evidence"": ""Pro utilizzo del tempo nel fare ricerche su più siti"", ""reason"": ""Il partecipante evidenzia il risparmio di tempo nella ricerca.""}]",[],0.9,La risposta menziona esclusivamente un vantaggio operativo.
insegnanti_attuali_iore01.md,iore01,Insegnanti in servizio,insegnanti_in_servizio,3,"In base alla tua esperienza, quali sono i pro e i contro dell'uso dell'intelligenza artificiale nell'educazione?","Un lato positivo può essere il minor tempo impiegato nella risoluzione di problemi/creazione di materiali. Un lato negativo è sicuramente il fatto di delegare all'IA il pensare, produrre, creare.",misto,1,1,produzione_materiali,delega_cognitiva,"[{""category"": ""produzione_materiali"", ""evidence"": ""minor tempo impiegato nella risoluzione di problemi/creazione di materiali"", ""reason"": ""Il partecipante evidenzia il risparmio di tempo nella creazione di risorse didattiche.""}]","[{""category"": ""delega_cognitiva"", ""evidence"": ""delegare all'IA il pensare, produrre, creare"", ""reason"": ""Il partecipante segnala il rischio di affidare all'IA i processi di pensiero e creazione.""}]",0.95,La risposta elenca esplicitamente un vantaggio (risparmio tempo/creazione) e uno svantaggio (delega del pensiero).
insegnanti_attuali_iore23.md,iore23,Insegnanti in servizio,insegnanti_in_servizio,3,"In base alla tua esperienza, quali sono i pro e i contro dell'uso dell'intelligenza artificiale nell'educazione?","un lato positivo potrebbe essere legato al tempo nel facilitare il lavoro, mentre un lato negativo è non allenare la mente",nessuno,0,0,,,[],[],0.0,Nessuna classificazione valida restituita dal modello.
insegnanti_attuali_iosi14.md,iosi14,Insegnanti in servizio,insegnanti_in_servizio,3,"In base alla tua esperienza, quali sono i pro e i contro dell'uso dell'intelligenza artificiale nell'educazione?",Non ho esperienza in merito,nessuno,0,0,,,[],[],0.0,Nessuna classificazione valida restituita dal modello.
insegnanti_attuali_ippi15.md,ippi15,Insegnanti in servizio,insegnanti_in_servizio,3,"In base alla tua esperienza, quali sono i pro e i contro dell'uso dell'intelligenza artificiale nell'educazione?",Potrebbe essere utilizzata se si è veramente in grado di utilizzarla,nessuno,0,0,,,[],[],0.0,Nessuna classificazione valida restituita dal modello.
insegnanti_attuali_ista13.md,ista13,Insegnanti in servizio,insegnanti_in_servizio,9,"In base alla tua esperienza, quali sono i pro e i contro dell'uso dell'intelligenza artificiale nell'educazione?",I contro potrebbero essere che i ragazzi dato un compito per evitare di ragionarci la utilizzino come scorciatoia,solo_contro,0,1,,delega_cognitiva,[],"[{""category"": ""delega_cognitiva"", ""evidence"": ""evitare di ragionarci la utilizzino come scorciatoia"", ""reason"": ""Il partecipante evidenzia il rischio che gli studenti usino l'IA per evitare il processo di ragionamento.""}]",0.95,La risposta menziona esclusivamente un aspetto negativo (uso come scorciatoia).
insegnanti_attuali_ista25.md,ista25,Insegnanti in servizio,insegnanti_in_servizio,3,"In base alla tua esperienza, quali sono i pro e i contro dell'uso dell'intelligenza artificiale nell'educazione?",bisogna mantenere anche i modelli tradizionali di fare scuola,nessuno,0,0,,,[],[],0.0,Nessuna classificazione valida restituita dal modello.
insegnanti_attuali_isti12.md,isti12,Insegnanti in servizio,insegnanti_in_servizio,9,"In base alla tua esperienza, quali sono i pro e i contro dell'uso dell'intelligenza artificiale nell'educazione?","Tra i pro la possibilità di implementare la didattica con spunti innovativi e la velocità nell'ideazione, tra i contro il rischio di sovraccarico di stimoli",misto,2,1,creativita_coinvolgimento|efficienza_tempo,dipendenza,"[{""category"": ""creativita_coinvolgimento"", ""evidence"": ""possibilità di implementare la didattica con spunti innovativi"", ""reason"": ""Il partecipante cita l'innovazione didattica come vantaggio.""}, {""category"": ""efficienza_tempo"", ""evidence"": ""velocità nell'ideazione"", ""reason"": ""Il partecipante evidenzia la rapidità nel processo creativo.""}]","[{""category"": ""dipendenza"", ""evidence"": ""rischio di sovraccarico di stimoli"", ""reason"": ""Il partecipante segnala il rischio di eccessiva stimolazione come svantaggio.""}]",0.95,La risposta elenca esplicitamente sia pro che contro.
insegnanti_attuali_isti13.md,Isti13,Insegnanti in servizio,insegnanti_in_servizio,3,"In base alla tua esperienza, quali sono i pro e i contro dell'uso dell'intelligenza artificiale nell'educazione?",I pro l’aiuto di formulare domande formali scritte correttamente,nessuno,0,0,,,[],[],0.0,Nessuna classificazione valida restituita dal modello.
insegnanti_attuali_isti28.md,Isti28,Insegnanti in servizio,insegnanti_in_servizio,3,"In base alla tua esperienza, quali sono i pro e i contro dell'uso dell'intelligenza artificiale nell'educazione?",Contro perché ci saranno perdite di posti di lavoro umano. I pro sono il risparmio del tempo.,misto,1,1,efficienza_tempo,riduzione_relazione,"[{""category"": ""efficienza_tempo"", ""evidence"": ""risparmio del tempo"", ""reason"": ""Il partecipante indica il risparmio del tempo come vantaggio.""}]","[{""category"": ""riduzione_relazione"", ""evidence"": ""perdite di posti di lavoro umano"", ""reason"": ""Il partecipante teme la sostituzione del lavoro umano, riducendo il ruolo dell'insegnante.""}]",0.9,La risposta elenca esplicitamente un pro (risparmio tempo) e un contro (perdita posti di lavoro).
insegnanti_attuali_itta09.md,ITTA09,Insegnanti in servizio,insegnanti_in_servizio,8,"In base alla tua esperienza, quali sono i pro e i contro dell'uso dell'intelligenza artificiale nell'educazione?","Pro: facilita il lavoro degli insegnanti, specialmente per le questioni burocratiche. Contro: gli studenti non esercitano tutte le loro facoltà e non si impegnano per raggiungere i loro obiettivi e conoscenze",misto,1,2,autonomia_organizzazione,delega_cognitiva|delega_cognitiva,"[{""category"": ""autonomia_organizzazione"", ""evidence"": ""facilita il lavoro degli insegnanti"", ""reason"": ""Il partecipante evidenzia il vantaggio di semplificare le attività lavorative.""}]","[{""category"": ""delega_cognitiva"", ""evidence"": ""gli studenti non esercitano tutte le loro facoltà"", ""reason"": ""Il partecipante segnala il rischio di non utilizzo delle capacità cognitive degli studenti.""}, {""category"": ""delega_cognitiva"", ""evidence"": ""non si impegnano per raggiungere i loro obiettivi e conoscenze"", ""reason"": ""Il partecipante indica una mancanza di impegno e sforzo da parte degli studenti.""}]",0.95,La risposta elenca esplicitamente un pro e due contro distinti.
insegnanti_attuali_iuso21.md,iuso21,Insegnanti in servizio,insegnanti_in_servizio,8,"In base alla tua esperienza, quali sono i pro e i contro dell'uso dell'intelligenza artificiale nell'educazione?","I Pro: avere un valido aiuto; i Contro: far capire agli alunni che questo ""strumento""  non serve ad evitare di eseguire un compito, ma a dare una base su cui poi andare a ""costruire""...",nessuno,0,0,,,[],[],0.0,Nessuna classificazione valida restituita dal modello.
insegnanti_attuali_izzi20.md,IZZI20,Insegnanti in servizio,insegnanti_in_servizio,3,"In base alla tua esperienza, quali sono i pro e i contro dell'uso dell'intelligenza artificiale nell'educazione?","Ho già risposto prima ad una simile domanda. Se proprio devo aggiungere qualcosa, l'AI non è ancora pronta per rispondere a domande formulate in modo troppo complesso, o a domande formulate in negativo, con proposizioni ""arzigogolate"". Le risposte che saltano fuori sono esileranti.",nessuno,0,0,,,[],[],0.0,Nessuna classificazione valida restituita dal modello.
insegnanti_attuali_izzo20.md,Izzo20,Insegnanti in servizio,insegnanti_in_servizio,9,"In base alla tua esperienza, quali sono i pro e i contro dell'uso dell'intelligenza artificiale nell'educazione?",Tendono ad appiattire il ragionamento,solo_contro,0,1,,standardizzazione,[],"[{""category"": ""standardizzazione"", ""evidence"": ""Tendono ad appiattire il ragionamento"", ""reason"": ""Il partecipante evidenzia il rischio di omogeneizzazione e perdita di profondità nel pensiero.""}]",0.95,La risposta menziona esclusivamente un effetto negativo (appiattimento del ragionamento).
insegnanti_attuali_izzo26.md,izzo26,Insegnanti in servizio,insegnanti_in_servizio,3,"In base alla tua esperienza, quali sono i pro e i contro dell'uso dell'intelligenza artificiale nell'educazione?","Usare IA è troppo semplice, secondo me non sviluppala capacità dell'alunno nella ricerca e curiosità. Riconoscimento facciale è un fattore positivo",misto,1,2,creativita_coinvolgimento,ricerca_informazioni|creativita_coinvolgimento,"[{""category"": ""creativita_coinvolgimento"", ""evidence"": ""Riconoscimento facciale è un fattore positivo"", ""reason"": ""Il partecipante cita il riconoscimento facciale come un aspetto positivo.""}]","[{""category"": ""ricerca_informazioni"", ""evidence"": ""non sviluppala capacità dell'alunno nella ricerca"", ""reason"": ""Il partecipante afferma che l'uso dell'IA non sviluppa la capacità di ricerca.""}, {""category"": ""creativita_coinvolgimento"", ""evidence"": ""non sviluppala capacità dell'alunno nella ricerca e curiosità"", ""reason"": ""Il partecipante segnala un impatto negativo sulla curiosità dell'alunno.""}]",0.9,La risposta elenca sia un beneficio (riconoscimento facciale) sia dei rischi (mancanza di sviluppo di ricerca e curiosità).
insegnanti_attuali_lani03.md,lani03,Insegnanti in servizio,insegnanti_in_servizio,2,"In base alla tua esperienza, quali sono i pro e i contro dell'uso dell'intelligenza artificiale nell'educazione?","Stando in classe, ho notato che spesso gli studenti hanno trovato nell'IA non tanto un ""supporto per"" quanto un modo per sottrarsi da alcune attività (ricerche online, sintesi di testi, produzione di testi ecc.). Tra i possibili contro che vedo c'è la mancanza di motivazione. Tra i pro: la possibilità di usare l'AI, in una fase posteriore, per dare una forma a un testo prodotto in precedenza. Infine credo possa essere utile per l'insegnante in fase di valutazione.",misto,2,2,produzione_materiali|feedback_valutazione,delega_cognitiva|altro,"[{""category"": ""produzione_materiali"", ""evidence"": ""dare una forma a un testo prodotto in precedenza"", ""reason"": ""L'IA viene utilizzata per migliorare o strutturare testi già prodotti.""}, {""category"": ""feedback_valutazione"", ""evidence"": ""utile per l'insegnante in fase di valutazione"", ""reason"": ""L'IA è considerata uno strumento di supporto per le attività di valutazione.""}]","[{""category"": ""delega_cognitiva"", ""evidence"": ""modo per sottrarsi da alcune attività (ricerche online, sintesi di testi, produzione di testi ecc.)"", ""reason"": ""Gli studenti usano l'IA per evitare di svolgere compiti cognitivi come la ricerca o la sintesi.""}, {""category"": ""altro"", ""evidence"": ""Tra i possibili contro che vedo c'è la mancanza di motivazione"", ""reason"": ""L'uso dell'IA è associato a una diminuzione della motivazione degli studenti.""}]",0.9,"La risposta elenca sia vantaggi operativi (valutazione, revisione testi) sia svantaggi comportamentali (sottrazione da attività, mancanza di motivazione)."
insegnanti_attuali_lani13.md,LANI13,Insegnanti in servizio,insegnanti_in_servizio,2,"In base alla tua esperienza, quali sono i pro e i contro dell'uso dell'intelligenza artificiale nell'educazione?","PRO: informazioni che si possono trovare subito,  CONTRO: vengono meno i rapporti fra le persone e l'utilizzo di mezzi di ricerca come libri",misto,1,2,ricerca_informazioni,riduzione_relazione|altro,"[{""category"": ""ricerca_informazioni"", ""evidence"": ""informazioni che si possono trovare subito"", ""reason"": ""Il partecipante evidenzia la rapidità di accesso alle informazioni.""}]","[{""category"": ""riduzione_relazione"", ""evidence"": ""vengono meno i rapporti fra le persone"", ""reason"": ""Il partecipante segnala il deterioramento delle relazioni interpersonali.""}, {""category"": ""altro"", ""evidence"": ""utilizzo di mezzi di ricerca come libri"", ""reason"": ""Il partecipante lamenta la perdita dell'uso di fonti tradizionali come i libri.""}]",0.9,La risposta elenca esplicitamente un vantaggio e due svantaggi.
insegnanti_attuali_lano03.md,lano03,Insegnanti in servizio,insegnanti_in_servizio,9,"In base alla tua esperienza, quali sono i pro e i contro dell'uso dell'intelligenza artificiale nell'educazione?","I pro è che potrebbe davvero ampliare e arricchire l'educazione, i contro è che i ragazzi potrebbero davvero perdere la capacità di pensare e di usare il loro modo di esprimersi",misto,1,2,creativita_coinvolgimento,delega_cognitiva|delega_cognitiva,"[{""category"": ""creativita_coinvolgimento"", ""evidence"": ""potrebbe davvero ampliare e arricchire l'educazione"", ""reason"": ""Il partecipante evidenzia il potenziale di espansione e arricchimento dell'esperienza educativa.""}]","[{""category"": ""delega_cognitiva"", ""evidence"": ""i ragazzi potrebbero davvero perdere la capacità di pensare"", ""reason"": ""Il partecipante segnala il rischio di perdita delle capacità cognitive autonome.""}, {""category"": ""delega_cognitiva"", ""evidence"": ""e di usare il loro modo di esprimersi"", ""reason"": ""Il partecipante indica il rischio di perdita della capacità espressiva personale.""}]",0.95,La risposta elenca esplicitamente un beneficio ('ampliare e arricchire') e due rischi distinti ('perdere la capacità di pensare' e 'usare il loro modo di esprimersi').
insegnanti_attuali_lbis20.md,Lbis20,Insegnanti in servizio,insegnanti_in_servizio,3,"In base alla tua esperienza, quali sono i pro e i contro dell'uso dell'intelligenza artificiale nell'educazione?",0,nessuno,0,0,,,[],[],0.0,Nessuna classificazione valida restituita dal modello.
insegnanti_attuali_levi16.md,levi16,Insegnanti in servizio,insegnanti_in_servizio,3,"In base alla tua esperienza, quali sono i pro e i contro dell'uso dell'intelligenza artificiale nell'educazione?",Non essendo ancora molto  informata sull’argomento non posso dare una risposta,nessuno,0,0,,,[],[],0.9,Il partecipante dichiara di non essere informato sull'argomento e non fornisce alcuna opinione.
insegnanti_attuali_liciaricci7@gmail.com.md,liciaricci7@gmail.com,Insegnanti in servizio,insegnanti_in_servizio,9,"In base alla tua esperienza, quali sono i pro e i contro dell'uso dell'intelligenza artificiale nell'educazione?",per il docente solo pro per realizzare materiali didattici individualizzati e personalizzati; per gli alunni c'è il rischio di addormentare le menti non avendo ancora sviluppato la competenza all'uso critico,misto,1,1,produzione_materiali,delega_cognitiva,"[{""category"": ""produzione_materiali"", ""evidence"": ""realizzare materiali didattici individualizzati e personalizzati"", ""reason"": ""Il partecipante cita la capacità dell'IA di creare risorse su misura.""}]","[{""category"": ""delega_cognitiva"", ""evidence"": ""rischio di addormentare le menti non avendo ancora sviluppato la competenza all'uso critico"", ""reason"": ""Il partecipante evidenzia il pericolo di atrofizzare il pensiero critico degli studenti.""}]",0.9,La risposta elenca un beneficio specifico per i docenti e un rischio specifico per gli alunni.
insegnanti_attuali_lisi03.md,lisi03,Insegnanti in servizio,insegnanti_in_servizio,3,"In base alla tua esperienza, quali sono i pro e i contro dell'uso dell'intelligenza artificiale nell'educazione?","Pro: velocizzare alcune procedure, coinvolgimento maggiore degli studenti  Contro: non consente l’elaborazione personale degli studenti",misto,2,1,efficienza_tempo|creativita_coinvolgimento,delega_cognitiva,"[{""category"": ""efficienza_tempo"", ""evidence"": ""velocizzare alcune procedure"", ""reason"": ""Il partecipante cita la rapidità nell'esecuzione di compiti come vantaggio.""}, {""category"": ""creativita_coinvolgimento"", ""evidence"": ""coinvolgimento maggiore degli studenti"", ""reason"": ""Il partecipante indica un aumento dell'engagement degli studenti come beneficio.""}]","[{""category"": ""delega_cognitiva"", ""evidence"": ""non consente l’elaborazione personale degli studenti"", ""reason"": ""Il partecipante evidenzia la mancanza di spazio per il pensiero autonomo degli studenti.""}]",0.95,"La risposta elenca esplicitamente sia vantaggi (velocità, coinvolgimento) sia svantaggi (mancanza di elaborazione personale)."
insegnanti_attuali_llia22.md,llia22,Insegnanti in servizio,insegnanti_in_servizio,9,"In base alla tua esperienza, quali sono i pro e i contro dell'uso dell'intelligenza artificiale nell'educazione?",Abuso nell'utilizzo è un problema!,solo_contro,0,1,,dipendenza,[],"[{""category"": ""dipendenza"", ""evidence"": ""Abuso nell'utilizzo è un problema!"", ""reason"": ""Il partecipante identifica l'abuso come un problema, indicando un rischio di dipendenza o uso eccessivo.""}]",0.9,La risposta menziona esplicitamente un problema legato all'abuso dell'uso dell'IA.
insegnanti_attuali_llo12.md,LLO12,Insegnanti in servizio,insegnanti_in_servizio,9,"In base alla tua esperienza, quali sono i pro e i contro dell'uso dell'intelligenza artificiale nell'educazione?",INTELLIGENZA  E IL CYBERBULLISMO,solo_contro,0,1,,altro,[],"[{""category"": ""altro"", ""evidence"": ""INTELLIGENZA E IL CYBERBULLISMO"", ""reason"": ""Il partecipante associa l'intelligenza artificiale al cyberbullismo, indicando un rischio etico e sociale.""}]",0.9,La risposta elenca esclusivamente un rischio (cyberbullismo) senza menzionare benefici.
insegnanti_attuali_loni01.md,Loni01,Insegnanti in servizio,insegnanti_in_servizio,3,"In base alla tua esperienza, quali sono i pro e i contro dell'uso dell'intelligenza artificiale nell'educazione?",Non ho esperienza,nessuno,0,0,,,[],[],0.0,Nessuna classificazione valida restituita dal modello.
insegnanti_attuali_luca08.md,Luca08,Insegnanti in servizio,insegnanti_in_servizio,3,"In base alla tua esperienza, quali sono i pro e i contro dell'uso dell'intelligenza artificiale nell'educazione?",I pro la velocità del lavoro. I contro che non ci si impegna più su un determinato lavoro.,nessuno,0,0,,,[],[],0.0,Nessuna classificazione valida restituita dal modello.
insegnanti_attuali_luca14.md,luca14,Insegnanti in servizio,insegnanti_in_servizio,3,"In base alla tua esperienza, quali sono i pro e i contro dell'uso dell'intelligenza artificiale nell'educazione?","i pro può migliorare una situazione già creata , i contro che viene definitivamente sostituita alle capacità creative di ognuno di noi.",misto,1,1,produzione_materiali,creativita_coinvolgimento,"[{""category"": ""produzione_materiali"", ""evidence"": ""può migliorare una situazione già creata"", ""reason"": ""Il partecipante indica che l'IA può migliorare situazioni esistenti.""}]","[{""category"": ""creativita_coinvolgimento"", ""evidence"": ""viene definitivamente sostituita alle capacità creative di ognuno di noi"", ""reason"": ""Il partecipante segnala il rischio di sostituzione delle capacità creative individuali.""}]",0.9,La risposta elenca sia un beneficio (miglioramento) sia un rischio (sostituzione creativa).
insegnanti_attuali_luzi02.md,luzi02,Insegnanti in servizio,insegnanti_in_servizio,3,"In base alla tua esperienza, quali sono i pro e i contro dell'uso dell'intelligenza artificiale nell'educazione?","PRO Generalmente riesce a fornire risposte a qualsiasi quesito, formulare testi, risolvere esercizi, produrre immagini o video.  CONTRO Potrebbe far diminuire la capacità critica dei ragazzi.",misto,1,1,produzione_materiali,delega_cognitiva,"[{""category"": ""produzione_materiali"", ""evidence"": ""fornire risposte a qualsiasi quesito, formulare testi, risolvere esercizi, produrre immagini o video"", ""reason"": ""Il partecipante elenca la capacità dell'IA di generare contenuti e risolvere problemi come vantaggio.""}]","[{""category"": ""delega_cognitiva"", ""evidence"": ""Potrebbe far diminuire la capacità critica dei ragazzi"", ""reason"": ""Il partecipante segnala il rischio di un calo delle capacità critiche degli studenti.""}]",0.9,La risposta contiene sia un beneficio (produzione di contenuti) sia un rischio (diminuzione capacità critica).
insegnanti_attuali_macc29.md,Macc29,Insegnanti in servizio,insegnanti_in_servizio,3,"In base alla tua esperienza, quali sono i pro e i contro dell'uso dell'intelligenza artificiale nell'educazione?",Non ci sono Pro.,nessuno,0,0,,,[],[],0.0,Nessuna classificazione valida restituita dal modello.
insegnanti_attuali_mano06.md,mano06,Insegnanti in servizio,insegnanti_in_servizio,2,"In base alla tua esperienza, quali sono i pro e i contro dell'uso dell'intelligenza artificiale nell'educazione?",Non ci sono pro,nessuno,0,0,,,[],[],0.0,Nessuna classificazione valida restituita dal modello.
insegnanti_attuali_masi15.md,Masi15,Insegnanti in servizio,insegnanti_in_servizio,8,"In base alla tua esperienza, quali sono i pro e i contro dell'uso dell'intelligenza artificiale nell'educazione?",Aiuto nel rendere più comprensibili i testi didattici,nessuno,0,0,,,[],[],0.0,Nessuna classificazione valida restituita dal modello.
insegnanti_attuali_mato22.md,Mato22,Insegnanti in servizio,insegnanti_in_servizio,9,"In base alla tua esperienza, quali sono i pro e i contro dell'uso dell'intelligenza artificiale nell'educazione?",Bisogna usala solo a una determinata età,solo_contro,0,1,,dipendenza,[],"[{""category"": ""dipendenza"", ""evidence"": ""Bisogna usala solo a una determinata età"", ""reason"": ""Il partecipante indica che l'uso dell'IA è limitato a specifiche fasce d'età, suggerendo un rischio di inappropriato utilizzo o dipendenza se non gestito correttamente.""}]",0.9,"La risposta esprime un limite all'uso dell'IA, classificandola come un rischio o una condizione negativa."
insegnanti_attuali_meri05.md,meri05,Insegnanti in servizio,insegnanti_in_servizio,3,"In base alla tua esperienza, quali sono i pro e i contro dell'uso dell'intelligenza artificiale nell'educazione?",Non ho alcuna esperienza,nessuno,0,0,,,[],[],0.0,Nessuna classificazione valida restituita dal modello.
insegnanti_attuali_mico24.md,MICO24,Insegnanti in servizio,insegnanti_in_servizio,3,"In base alla tua esperienza, quali sono i pro e i contro dell'uso dell'intelligenza artificiale nell'educazione?","I ""pro"" potrebbero essere che si potrebbero avere più informazioni e che si potrebbero ripetere più volte anche nello stesso modo. I ""contro"" che verrebbe meno il rapporto umano tra docente e alunno.",misto,2,1,ricerca_informazioni|produzione_materiali,riduzione_relazione,"[{""category"": ""ricerca_informazioni"", ""evidence"": ""si potrebbero avere più informazioni"", ""reason"": ""Il partecipante indica che l'IA permette di accedere a una maggiore quantità di informazioni.""}, {""category"": ""produzione_materiali"", ""evidence"": ""si potrebbero ripetere più volte anche nello stesso modo"", ""reason"": ""Il partecipante suggerisce la possibilità di generare o ripetere contenuti in modo efficiente.""}]","[{""category"": ""riduzione_relazione"", ""evidence"": ""verrebbe meno il rapporto umano tra docente e alunno"", ""reason"": ""Il partecipante segnala il rischio di perdita del contatto umano fondamentale nell'insegnamento.""}]",0.9,La risposta elenca esplicitamente sia dei vantaggi (pro) sia dei svantaggi (contro).
insegnanti_attuali_mico26.md,Mico26,Insegnanti in servizio,insegnanti_in_servizio,2,"In base alla tua esperienza, quali sono i pro e i contro dell'uso dell'intelligenza artificiale nell'educazione?","L'IA può aiutare a velocizzare alcuni passaggi nella creazione di lezioni o test, ma nello studio può portare lo studente a non sviluppare molte abilità",misto,1,1,produzione_materiali,delega_cognitiva,"[{""category"": ""produzione_materiali"", ""evidence"": ""velocizzare alcuni passaggi nella creazione di lezioni o test"", ""reason"": ""Il partecipante evidenzia il vantaggio di accelerare la creazione di materiali didattici.""}]","[{""category"": ""delega_cognitiva"", ""evidence"": ""nello studio può portare lo studente a non sviluppare molte abilità"", ""reason"": ""Il partecipante segnala il rischio che l'uso dell'IA ostacoli lo sviluppo di abilità cognitive durante lo studio.""}]",0.9,La risposta elenca esplicitamente un beneficio operativo e un rischio educativo.
insegnanti_attuali_mpus21.md,MPUS21,Insegnanti in servizio,insegnanti_in_servizio,3,"In base alla tua esperienza, quali sono i pro e i contro dell'uso dell'intelligenza artificiale nell'educazione?","L'uso dell'A.I. può velocizzare alcune parti del lavoro, ma porta ad un minore allenamento della mente e riduce l'originalità dei metodi ed approcci didattici",misto,1,2,efficienza_tempo,creativita_coinvolgimento|delega_cognitiva,"[{""category"": ""efficienza_tempo"", ""evidence"": ""velocizzare alcune parti del lavoro"", ""reason"": ""Il partecipante evidenzia il vantaggio di accelerare le attività lavorative.""}]","[{""category"": ""creativita_coinvolgimento"", ""evidence"": ""riduce l'originalità dei metodi ed approcci didattici"", ""reason"": ""Il partecipante segnala un impatto negativo sulla creatività e sull'originalità didattica.""}, {""category"": ""delega_cognitiva"", ""evidence"": ""minore allenamento della mente"", ""reason"": ""Il partecipante indica un rischio di riduzione dell'esercizio mentale.""}]",0.95,"La risposta elenca esplicitamente un beneficio (velocizzazione) e due rischi (riduzione originalità, minore allenamento mentale)."
insegnanti_attuali_nale19.md,nale19,Insegnanti in servizio,insegnanti_in_servizio,9,"In base alla tua esperienza, quali sono i pro e i contro dell'uso dell'intelligenza artificiale nell'educazione?",PRO:l'uso dell'intelligenza artificiale può incentivare la motivazione allo studio ; CONTRO: l'uso non responsabile e critico,misto,1,1,creativita_coinvolgimento,delega_cognitiva,"[{""category"": ""creativita_coinvolgimento"", ""evidence"": ""incentivare la motivazione allo studio"", ""reason"": ""Il partecipante indica che l'IA può aumentare la motivazione degli studenti.""}]","[{""category"": ""delega_cognitiva"", ""evidence"": ""uso non responsabile e critico"", ""reason"": ""Il partecipante evidenzia il rischio di un utilizzo privo di responsabilità e spirito critico.""}]",0.9,La risposta elenca esplicitamente un beneficio (motivazione) e un rischio (mancanza di responsabilità/criticità).
insegnanti_attuali_nale22.md,NALE22,Insegnanti in servizio,insegnanti_in_servizio,3,"In base alla tua esperienza, quali sono i pro e i contro dell'uso dell'intelligenza artificiale nell'educazione?","Lo scarso impegno, scarsa capacità di analisi e senso critico",solo_contro,0,2,,delega_cognitiva|delega_cognitiva,[],"[{""category"": ""delega_cognitiva"", ""evidence"": ""scarsa capacità di analisi e senso critico"", ""reason"": ""Il partecipante evidenzia la perdita di capacità analitiche e critiche come svantaggio.""}, {""category"": ""delega_cognitiva"", ""evidence"": ""scarso impegno"", ""reason"": ""Il partecipante segnala una diminuzione dell'impegno come conseguenza negativa.""}]",0.9,"La risposta elenca esclusivamente aspetti negativi (scarso impegno, scarsa capacità di analisi)."
insegnanti_attuali_nali26.md,NALI26,Insegnanti in servizio,insegnanti_in_servizio,8,"In base alla tua esperienza, quali sono i pro e i contro dell'uso dell'intelligenza artificiale nell'educazione?",PRO: aiuto per l' insegnante nell'elaborazione  CONTRO: non ho ancora trovato il modo per aiutare i ragazzi,nessuno,0,0,,,[],[],0.0,Nessuna classificazione valida restituita dal modello.
insegnanti_attuali_naro28.md,naro28,Insegnanti in servizio,insegnanti_in_servizio,3,"In base alla tua esperienza, quali sono i pro e i contro dell'uso dell'intelligenza artificiale nell'educazione?",Non so valutare,nessuno,0,0,,,[],[],0.0,Il partecipante dichiara di non poter valutare l'argomento.
insegnanti_attuali_nas23.md,nas23,Insegnanti in servizio,insegnanti_in_servizio,3,"In base alla tua esperienza, quali sono i pro e i contro dell'uso dell'intelligenza artificiale nell'educazione?",Pro: poter predisporre di informazioni aggiuntive su tutto in tempi brevi e un meccanismo semplice; Contro: crea dei percorsi facilitati che non stimolano le capacità personali.,misto,2,2,efficienza_tempo|autonomia_organizzazione,standardizzazione|delega_cognitiva,"[{""category"": ""efficienza_tempo"", ""evidence"": ""poter predisporre di informazioni aggiuntive su tutto in tempi brevi"", ""reason"": ""Il partecipante evidenzia la rapidità di produzione e l'efficienza temporale.""}, {""category"": ""autonomia_organizzazione"", ""evidence"": ""un meccanismo semplice"", ""reason"": ""Il partecipante cita la semplicità d'uso come vantaggio organizzativo.""}]","[{""category"": ""standardizzazione"", ""evidence"": ""crea dei percorsi facilitati"", ""reason"": ""Il partecipante teme che l'IA generi percorsi troppo standardizzati.""}, {""category"": ""delega_cognitiva"", ""evidence"": ""che non stimolano le capacità personali"", ""reason"": ""Il partecipante segnala il rischio di non sviluppare le capacità personali.""}]",0.95,La risposta elenca esplicitamente un pro e un contro.
insegnanti_attuali_nato15.md,Nato15,Insegnanti in servizio,insegnanti_in_servizio,9,"In base alla tua esperienza, quali sono i pro e i contro dell'uso dell'intelligenza artificiale nell'educazione?","Pro informazioni facili da reperire, contro le informazioni non sono sempre affidabili",misto,1,1,ricerca_informazioni,affidabilita_errori,"[{""category"": ""ricerca_informazioni"", ""evidence"": ""informazioni facili da reperire"", ""reason"": ""Il partecipante evidenzia la facilità di accesso alle informazioni come vantaggio.""}]","[{""category"": ""affidabilita_errori"", ""evidence"": ""le informazioni non sono sempre affidabili"", ""reason"": ""Il partecipante segnala il rischio di inaffidabilità delle informazioni fornite dall'IA.""}]",0.95,La risposta elenca esplicitamente un pro e un contro.
insegnanti_attuali_ndel18.md,ndel18,Insegnanti in servizio,insegnanti_in_servizio,8,"In base alla tua esperienza, quali sono i pro e i contro dell'uso dell'intelligenza artificiale nell'educazione?","Pro rapidità dell'output, contro tante informazioni che difficilmente vengono mantenute in memoria dai discenti e/o capite.",misto,1,1,efficienza_tempo,supporto_comprensione,"[{""category"": ""efficienza_tempo"", ""evidence"": ""rapidità dell'output"", ""reason"": ""Il partecipante evidenzia la velocità di produzione come vantaggio.""}]","[{""category"": ""supporto_comprensione"", ""evidence"": ""tante informazioni che difficilmente vengono mantenute in memoria dai discenti e/o capite"", ""reason"": ""Il partecipante segnala il rischio di sovraccarico informativo e difficoltà di comprensione/rimanenza.""}]",0.95,La risposta elenca esplicitamente un pro (velocità) e un contro (difficoltà di memorizzazione/comprensione).
insegnanti_attuali_ngia06.md,ngia06,Insegnanti in servizio,insegnanti_in_servizio,9,"In base alla tua esperienza, quali sono i pro e i contro dell'uso dell'intelligenza artificiale nell'educazione?","aiuta nel reperire informazioni, contro appiattisce le menti",misto,1,1,ricerca_informazioni,standardizzazione,"[{""category"": ""ricerca_informazioni"", ""evidence"": ""aiuta nel reperire informazioni"", ""reason"": ""Il partecipante indica che l'IA facilita la ricerca di dati e contenuti.""}]","[{""category"": ""standardizzazione"", ""evidence"": ""contro appiattisce le menti"", ""reason"": ""Il partecipante segnala il rischio di omogeneizzazione del pensiero e riduzione della complessità cognitiva.""}]",0.9,La risposta elenca esplicitamente un vantaggio operativo e un rischio cognitivo.
insegnanti_attuali_nidi24.md,nidi24,Insegnanti in servizio,insegnanti_in_servizio,3,"In base alla tua esperienza, quali sono i pro e i contro dell'uso dell'intelligenza artificiale nell'educazione?","abusare dell'intelligenza artificiale per arrivare in modo troppo semplificativo a delle risposte, meglio ragionare da se.",nessuno,0,0,,,[],[],0.0,Nessuna classificazione valida restituita dal modello.
insegnanti_attuali_nini02.md,nini02,Insegnanti in servizio,insegnanti_in_servizio,9,"In base alla tua esperienza, quali sono i pro e i contro dell'uso dell'intelligenza artificiale nell'educazione?",xxx,nessuno,0,0,,,[],[],0.0,La risposta fornita è 'xxx' e non contiene alcun contenuto analizzabile.
insegnanti_attuali_nnai29.md,NNAI29,Insegnanti in servizio,insegnanti_in_servizio,8,"In base alla tua esperienza, quali sono i pro e i contro dell'uso dell'intelligenza artificiale nell'educazione?","Pro: infiniti! Permette di creare ciò che si può immaginare, arrivare con contenuti visivi e non anche a chi ha poca immaginazione.  Contro: è un’arma a doppio taglio. Penso che sia necessario che chi la usa la sappia usare in modo coscienzioso e con cognizione, che sappia discernere le informazioni e selezionare i contenuti",misto,1,1,creativita_coinvolgimento,delega_cognitiva,"[{""category"": ""creativita_coinvolgimento"", ""evidence"": ""Permette di creare ciò che si può immaginare"", ""reason"": ""Il partecipante evidenzia la capacità dell'IA di generare contenuti creativi e visivi.""}]","[{""category"": ""delega_cognitiva"", ""evidence"": ""è un’arma a doppio taglio. Penso che sia necessario che chi la usa la sappia usare in modo coscienzioso e con cognizione, che sappia discernere le informazioni e selezionare i contenuti"", ""reason"": ""Il partecipante sottolinea la necessità di discernimento e selezione critica delle informazioni, indicando il rischio di un uso passivo o non consapevole.""}]",0.9,La risposta elenca esplicitamente un vantaggio (creatività) e un rischio (necessità di discernimento).
insegnanti_attuali_noce25.md,noce25,Insegnanti in servizio,insegnanti_in_servizio,9,"In base alla tua esperienza, quali sono i pro e i contro dell'uso dell'intelligenza artificiale nell'educazione?",I pro se ben usata implementano e potenziano le capacità; i contro se mal utilizzata finisce per azzerare completamente la competenza critica e la riflessione,misto,1,1,autonomia_organizzazione,delega_cognitiva,"[{""category"": ""autonomia_organizzazione"", ""evidence"": ""implementano e potenziano le capacità"", ""reason"": ""Il partecipante indica che l'uso corretto dell'IA potenzia le capacità degli utenti.""}]","[{""category"": ""delega_cognitiva"", ""evidence"": ""finisce per azzerare completamente la competenza critica e la riflessione"", ""reason"": ""Il partecipante segnala che un uso improprio porta alla perdita della competenza critica e della riflessione.""}]",0.9,La risposta elenca esplicitamente un beneficio (potenziamento capacità) e un rischio (azzeramento competenza critica).
insegnanti_attuali_noni01.md,noni01,Insegnanti in servizio,insegnanti_in_servizio,2,"In base alla tua esperienza, quali sono i pro e i contro dell'uso dell'intelligenza artificiale nell'educazione?",i ragazzi possono essere più autonomi ma vanno supervisionati e guidati,misto,1,1,autonomia_organizzazione,delega_cognitiva,"[{""category"": ""autonomia_organizzazione"", ""evidence"": ""i ragazzi possono essere più autonomi"", ""reason"": ""Il partecipante indica che l'IA favorisce l'autonomia degli studenti.""}]","[{""category"": ""delega_cognitiva"", ""evidence"": ""vanno supervisionati e guidati"", ""reason"": ""Il partecipante evidenzia la necessità di supervisione, implicando un rischio di guida eccessiva o mancanza di autonomia se non gestita.""}]",0.9,La risposta elenca esplicitamente un vantaggio (autonomia) e una condizione necessaria che funge da limite/rischio (necessità di supervisione).
insegnanti_attuali_nori29.md,Nori29,Insegnanti in servizio,insegnanti_in_servizio,3,"In base alla tua esperienza, quali sono i pro e i contro dell'uso dell'intelligenza artificiale nell'educazione?","Riduzione dei tempi di esecuzione del compito, riduzione dei tempi di accesso al materiale. Uso ed abuso che rende lo studente poco autonomo.",misto,2,1,efficienza_tempo|accessibilita_inclusione,delega_cognitiva,"[{""category"": ""efficienza_tempo"", ""evidence"": ""Riduzione dei tempi di esecuzione del compito"", ""reason"": ""Il partecipante evidenzia il vantaggio della velocità nell'esecuzione.""}, {""category"": ""accessibilita_inclusione"", ""evidence"": ""riduzione dei tempi di accesso al materiale"", ""reason"": ""Il partecipante segnala un vantaggio legato alla facilità di reperire risorse.""}]","[{""category"": ""delega_cognitiva"", ""evidence"": ""Uso ed abuso che rende lo studente poco autonomo"", ""reason"": ""Il partecipante indica il rischio di perdita di autonomia e dipendenza.""}]",0.9,La risposta elenca chiaramente sia vantaggi operativi che svantaggi legati all'autonomia.
insegnanti_attuali_ntis26.md,ntis26,Insegnanti in servizio,insegnanti_in_servizio,8,"In base alla tua esperienza, quali sono i pro e i contro dell'uso dell'intelligenza artificiale nell'educazione?","Velocizza ma a volte troppo, i ragazzi non utilizzano più i propri strumenti per riflettere",misto,1,1,efficienza_tempo,delega_cognitiva,"[{""category"": ""efficienza_tempo"", ""evidence"": ""Velocizza"", ""reason"": ""Il partecipante evidenzia l'aumento della velocità di esecuzione.""}]","[{""category"": ""delega_cognitiva"", ""evidence"": ""a volte troppo, i ragazzi non utilizzano più i propri strumenti per riflettere"", ""reason"": ""Il partecipante segnala che l'uso eccessivo porta a una mancata attivazione degli strumenti di pensiero autonomo.""}]",0.9,La risposta elenca esplicitamente un vantaggio (velocità) e uno svantaggio (riduzione della riflessione).
insegnanti_attuali_nza29.md,nza29,Insegnanti in servizio,insegnanti_in_servizio,3,"In base alla tua esperienza, quali sono i pro e i contro dell'uso dell'intelligenza artificiale nell'educazione?","Può essere utile per aiutare alunni dsa, per semplificare la burocrazia, è rischiosa quando se ne fa uso scorretto",nessuno,0,0,,,[],[],0.0,Nessuna classificazione valida restituita dal modello.
insegnanti_attuali_occa13.md,occa13,Insegnanti in servizio,insegnanti_in_servizio,3,"In base alla tua esperienza, quali sono i pro e i contro dell'uso dell'intelligenza artificiale nell'educazione?",Creazione rapida di esercizi,nessuno,0,0,,,[],[],0.0,Nessuna classificazione valida restituita dal modello.
insegnanti_attuali_occa21.md,occa21,Insegnanti in servizio,insegnanti_in_servizio,3,"In base alla tua esperienza, quali sono i pro e i contro dell'uso dell'intelligenza artificiale nell'educazione?","Può essere utile per velocizzare una ricerca, per approfondire argomenti ma si rischia di delegare troppo all'IA e non allenare il nostro cervello",nessuno,0,0,,,[],[],0.0,Nessuna classificazione valida restituita dal modello.
insegnanti_attuali_occo16.md,occo16,Insegnanti in servizio,insegnanti_in_servizio,3,"In base alla tua esperienza, quali sono i pro e i contro dell'uso dell'intelligenza artificiale nell'educazione?","PRO: velocità di ricerca/risposta, CONTRO: eliminazione di difficoltà della ricerca e di elaborazione di percorsi di ricerca efficaci",misto,1,1,efficienza_tempo,delega_cognitiva,"[{""category"": ""efficienza_tempo"", ""evidence"": ""velocità di ricerca/risposta"", ""reason"": ""Il partecipante evidenzia il vantaggio della rapidità nell'ottenere informazioni.""}]","[{""category"": ""delega_cognitiva"", ""evidence"": ""eliminazione di difficoltà della ricerca e di elaborazione di percorsi di ricerca efficaci"", ""reason"": ""Il partecipante segnala il rischio di bypassare lo sforzo cognitivo necessario per la ricerca e l'elaborazione.""}]",0.95,La risposta elenca esplicitamente un pro (velocità) e un contro (eliminazione difficoltà).
insegnanti_attuali_ogna07.md,ogna07,Insegnanti in servizio,insegnanti_in_servizio,8,"In base alla tua esperienza, quali sono i pro e i contro dell'uso dell'intelligenza artificiale nell'educazione?",Pro: implementazione nella didattica. Contro: uso non consono da parte degli studenti della IA (es. scorciatoie per compiti a cas o in classe...).,misto,1,1,produzione_materiali,plagio_autorialita,"[{""category"": ""produzione_materiali"", ""evidence"": ""implementazione nella didattica"", ""reason"": ""Il partecipante cita l'implementazione nella didattica come vantaggio.""}]","[{""category"": ""plagio_autorialita"", ""evidence"": ""scorciatoie per compiti"", ""reason"": ""Il partecipante evidenzia il rischio di utilizzo dell'IA per ottenere scorciatoie nei compiti.""}]",0.9,La risposta elenca esplicitamente un pro e un contro.
insegnanti_attuali_ogri20.md,ogri20,Insegnanti in servizio,insegnanti_in_servizio,9,"In base alla tua esperienza, quali sono i pro e i contro dell'uso dell'intelligenza artificiale nell'educazione?","Se viene usata per aiutarmi nel trovare strategie di miglioramento nella mia didattica, ho trovato solo i pro.",solo_pro,1,0,supporto_comprensione,,"[{""category"": ""supporto_comprensione"", ""evidence"": ""aiutarmi nel trovare strategie di miglioramento"", ""reason"": ""Il partecipante evidenzia il beneficio di ottenere strategie didattiche migliori.""}]",[],1.0,La risposta menziona esclusivamente vantaggi ('ho trovato solo i pro') senza citare contro.
insegnanti_attuali_olmi21.md,olmi21,Insegnanti in servizio,insegnanti_in_servizio,4,"In base alla tua esperienza, quali sono i pro e i contro dell'uso dell'intelligenza artificiale nell'educazione?",Non lo so,nessuno,0,0,,,[],[],0.0,Nessuna classificazione valida restituita dal modello.
insegnanti_attuali_ondi20.md,ondi20,Insegnanti in servizio,insegnanti_in_servizio,3,"In base alla tua esperienza, quali sono i pro e i contro dell'uso dell'intelligenza artificiale nell'educazione?",I pro: utilizzare immagini per storie.   I contro: i bambini potrebbero non farne buon uso per lo sviluppo della loro immaginazione.,nessuno,0,0,,,[],[],0.0,Nessuna classificazione valida restituita dal modello.
insegnanti_attuali_ongo01.md,ongo01,Insegnanti in servizio,insegnanti_in_servizio,9,"In base alla tua esperienza, quali sono i pro e i contro dell'uso dell'intelligenza artificiale nell'educazione?",Nello stimolare i miei studenti nella creazione di testi o prompt man mano sempre più accurati e precisi per trasformare le loro parole in immagini o libri allustrati,solo_pro,1,0,produzione_materiali,,"[{""category"": ""produzione_materiali"", ""evidence"": ""creazione di testi o prompt man mano sempre più accurati e precisi per trasformare le loro parole in immagini o libri illustrati"", ""reason"": ""Il partecipante evidenzia la capacità dell'IA di supportare la creazione di materiali didattici complessi (immagini, libri illustrati) partendo dai testi degli studenti.""}]",[],0.9,La risposta menziona esclusivamente un beneficio legato alla produzione di materiali e alla stimolazione creativa.
insegnanti_attuali_oni431055.md,Oni431055,Insegnanti in servizio,insegnanti_in_servizio,3,"In base alla tua esperienza, quali sono i pro e i contro dell'uso dell'intelligenza artificiale nell'educazione?",Pro nella correzione e programmazione. Contro anestizqzione dle pensiero critico e dell'immaginazione,misto,2,1,produzione_materiali|autonomia_organizzazione,creativita_coinvolgimento,"[{""category"": ""produzione_materiali"", ""evidence"": ""correzione"", ""reason"": ""Il partecipante cita la correzione come vantaggio.""}, {""category"": ""autonomia_organizzazione"", ""evidence"": ""programmazione"", ""reason"": ""Il partecipante cita la programmazione come vantaggio.""}]","[{""category"": ""creativita_coinvolgimento"", ""evidence"": ""anestizqzione dle pensiero critico e dell'immaginazione"", ""reason"": ""Il partecipante segnala un rischio per il pensiero critico e l'immaginazione.""}]",0.9,La risposta elenca esplicitamente un pro e un contro.
insegnanti_attuali_onti02.md,onti02,Insegnanti in servizio,insegnanti_in_servizio,3,"In base alla tua esperienza, quali sono i pro e i contro dell'uso dell'intelligenza artificiale nell'educazione?","vantaggi: maggiore coinvolgimento degli studenti anche a fini inclusivi; svantaggi: divario digitale tra gli studenti, diminuzione dell'interazione docente-discente",misto,2,2,creativita_coinvolgimento|accessibilita_inclusione,disuguaglianze|riduzione_relazione,"[{""category"": ""creativita_coinvolgimento"", ""evidence"": ""maggiore coinvolgimento degli studenti"", ""reason"": ""Il partecipante cita un aumento del coinvolgimento degli studenti come vantaggio.""}, {""category"": ""accessibilita_inclusione"", ""evidence"": ""anche a fini inclusivi"", ""reason"": ""Il partecipante menziona l'uso dell'IA per fini inclusivi come beneficio.""}]","[{""category"": ""disuguaglianze"", ""evidence"": ""divario digitale tra gli studenti"", ""reason"": ""Il partecipante segnala il divario digitale come svantaggio.""}, {""category"": ""riduzione_relazione"", ""evidence"": ""diminuzione dell'interazione docente-discente"", ""reason"": ""Il partecipante indica una riduzione dell'interazione tra docente e discente come contro.""}]",1.0,La risposta elenca esplicitamente sia vantaggi che svantaggi dell'uso dell'IA.
insegnanti_attuali_onti13.md,Onti13,Insegnanti in servizio,insegnanti_in_servizio,3,"In base alla tua esperienza, quali sono i pro e i contro dell'uso dell'intelligenza artificiale nell'educazione?",Pro : facilitatore e accessibilità alle informazioni Contro: si rischia di perdere la capacità di ricerca,misto,1,1,accessibilita_inclusione,ricerca_informazioni,"[{""category"": ""accessibilita_inclusione"", ""evidence"": ""facilitatore e accessibilità alle informazioni"", ""reason"": ""Il partecipante evidenzia il ruolo di facilitatore e l'accessibilità come vantaggio.""}]","[{""category"": ""ricerca_informazioni"", ""evidence"": ""si rischia di perdere la capacità di ricerca"", ""reason"": ""Il partecipante segnala il rischio di perdita delle capacità di ricerca autonoma.""}]",0.9,La risposta elenca esplicitamente un pro e un contro.
insegnanti_attuali_onti31.md,ONTI31,Insegnanti in servizio,insegnanti_in_servizio,3,"In base alla tua esperienza, quali sono i pro e i contro dell'uso dell'intelligenza artificiale nell'educazione?",PRO:facilitatori per alunni con difficoltà CONTRO: utilizzo inappropriato da parte di studenti e docenti,nessuno,0,0,,,[],[],0.0,Nessuna classificazione valida restituita dal modello.
insegnanti_attuali_onzi03.md,onzi03,Insegnanti in servizio,insegnanti_in_servizio,8,"In base alla tua esperienza, quali sono i pro e i contro dell'uso dell'intelligenza artificiale nell'educazione?",pro: stimolante       contro: riduttiva,nessuno,0,0,,,[],[],0.0,Nessuna classificazione valida restituita dal modello.
insegnanti_attuali_oppi12.md,OPPI12,Insegnanti in servizio,insegnanti_in_servizio,5,"In base alla tua esperienza, quali sono i pro e i contro dell'uso dell'intelligenza artificiale nell'educazione?",i ragazzi non devono abusarne,solo_contro,0,1,,delega_cognitiva,[],"[{""category"": ""delega_cognitiva"", ""evidence"": ""i ragazzi non devono abusarne"", ""reason"": ""Il partecipante evidenzia il rischio di abuso, implicando una potenziale perdita di autonomia o dipendenza.""}]",0.9,La risposta menziona esclusivamente un rischio (l'abuso) senza citare benefici.
insegnanti_attuali_orco13.md,Orco13,Insegnanti in servizio,insegnanti_in_servizio,3,"In base alla tua esperienza, quali sono i pro e i contro dell'uso dell'intelligenza artificiale nell'educazione?",Pro facilita la didattica  contro non viene stimolato il pensiero logico,misto,1,1,creativita_coinvolgimento,delega_cognitiva,"[{""category"": ""creativita_coinvolgimento"", ""evidence"": ""facilita la didattica"", ""reason"": ""Il partecipante indica che l'IA rende più agevole o agevola l'attività didattica.""}]","[{""category"": ""delega_cognitiva"", ""evidence"": ""non viene stimolato il pensiero logico"", ""reason"": ""Il partecipante segnala che l'uso dell'IA impedisce lo sviluppo del pensiero logico.""}]",0.9,La risposta elenca esplicitamente un vantaggio ('facilita la didattica') e uno svantaggio ('non viene stimolato il pensiero logico').
insegnanti_attuali_orlandi28.md,Orlandi28,Insegnanti in servizio,insegnanti_in_servizio,9,"In base alla tua esperienza, quali sono i pro e i contro dell'uso dell'intelligenza artificiale nell'educazione?","I pro sono molti, i contro sono che alcune competenze non servono più e vanno riadattate. Serviranno di più competenze trasversali per la gestione dei processi.",misto,1,2,autonomia_organizzazione,riduzione_relazione|standardizzazione,"[{""category"": ""autonomia_organizzazione"", ""evidence"": ""I pro sono molti"", ""reason"": ""Il partecipante elenca genericamente i vantaggi senza specificarne uno in particolare, ma ne conferma l'esistenza.""}]","[{""category"": ""riduzione_relazione"", ""evidence"": ""alcune competenze non servono più e vanno riadattate"", ""reason"": ""Il partecipante indica che l'IA riduce la necessità di competenze tradizionali, implicando una diminuzione di aspetti relazionali o cognitivi specifici.""}, {""category"": ""standardizzazione"", ""evidence"": ""alcune competenze non servono più"", ""reason"": ""La scomparsa di competenze specifiche suggerisce un approccio standardizzato o automatizzato che omogeneizza le abilità richieste.""}]",0.6,La risposta menziona genericamente i pro e identifica un rischio specifico legato all'obsolescenza di competenze.
insegnanti_attuali_osti16.md,osti16,Insegnanti in servizio,insegnanti_in_servizio,3,"In base alla tua esperienza, quali sono i pro e i contro dell'uso dell'intelligenza artificiale nell'educazione?",i pro sono il fascino e l'attrazione che hanno oggi nei confronti dei ragazzi quindi aiuta ad attrarre la loro attenzione i contro hanno la stessa motivazione dei pro e a mio parere serve consolidare e favoreggiare il rapporto interpersonale nell'educazione e nella didattica,misto,1,1,creativita_coinvolgimento,riduzione_relazione,"[{""category"": ""creativita_coinvolgimento"", ""evidence"": ""fascino e l'attrazione che hanno oggi nei confronti dei ragazzi"", ""reason"": ""Il partecipante indica che l'IA attira l'attenzione degli studenti.""}]","[{""category"": ""riduzione_relazione"", ""evidence"": ""serve consolidare e favoreggiare il rapporto interpersonale"", ""reason"": ""Il partecipante suggerisce che l'IA potrebbe minacciare il rapporto interpersonale se non gestita correttamente.""}]",0.9,La risposta elenca esplicitamente un pro (coinvolgimento) e un contro (necessità di rafforzare la relazione).
insegnanti_attuali_osti31.md,osti31,Insegnanti in servizio,insegnanti_in_servizio,8,"In base alla tua esperienza, quali sono i pro e i contro dell'uso dell'intelligenza artificiale nell'educazione?","i pro sono molti, ma bisogna far capire agli studenti che l'intelligenza artificiale non deve sostituirsi alla loro intuizione, logica e capacità di ragionamento.",misto,1,1,creativita_coinvolgimento,delega_cognitiva,"[{""category"": ""creativita_coinvolgimento"", ""evidence"": ""i pro sono molti"", ""reason"": ""Il partecipante afferma genericamente che i vantaggi sono numerosi, senza specificarne uno in particolare.""}]","[{""category"": ""delega_cognitiva"", ""evidence"": ""l'intelligenza artificiale non deve sostituirsi alla loro intuizione, logica e capacità di ragionamento"", ""reason"": ""Il partecipante evidenzia il rischio che l'IA sostituisca le capacità cognitive fondamentali come intuizione e logica.""}]",0.9,La risposta esplicita sia la presenza di vantaggi generici che un rischio specifico legato alla sostituzione delle capacità cognitive.
insegnanti_attuali_otta04.md,otta04,Insegnanti in servizio,insegnanti_in_servizio,3,"In base alla tua esperienza, quali sono i pro e i contro dell'uso dell'intelligenza artificiale nell'educazione?",Pro: aiuto e personalizzazione dell'apprendimento Contro: mancanza di autonomia e di sviluppo cognitivo per il discente,misto,1,1,personalizzazione,delega_cognitiva,"[{""category"": ""personalizzazione"", ""evidence"": ""aiuto e personalizzazione dell'apprendimento"", ""reason"": ""Il partecipante cita esplicitamente la capacità di personalizzare l'apprendimento come vantaggio.""}]","[{""category"": ""delega_cognitiva"", ""evidence"": ""mancanza di autonomia e di sviluppo cognitivo per il discente"", ""reason"": ""Il partecipante evidenzia il rischio di perdita di autonomia e di sviluppo delle capacità cognitive.""}]",1.0,La risposta elenca chiaramente un pro e un contro specifici.
insegnanti_attuali_otta06.md,otta06,Insegnanti in servizio,insegnanti_in_servizio,8,"In base alla tua esperienza, quali sono i pro e i contro dell'uso dell'intelligenza artificiale nell'educazione?",CONTRO: I ragazzi tendono a fidarsi di tutto quello che leggono; PRO: mi velocizza e aiuta nei momenti di stanchezza.,misto,2,1,efficienza_tempo|supporto_comprensione,affidabilita_errori,"[{""category"": ""efficienza_tempo"", ""evidence"": ""mi velocizza"", ""reason"": ""Il partecipante indica che l'IA accelera il lavoro.""}, {""category"": ""supporto_comprensione"", ""evidence"": ""aiuta nei momenti di stanchezza"", ""reason"": ""L'IA viene vista come un supporto utile quando si è stanchi.""}]","[{""category"": ""affidabilita_errori"", ""evidence"": ""I ragazzi tendono a fidarsi di tutto quello che leggono"", ""reason"": ""Esiste il rischio che gli studenti accettino informazioni errate senza verificarle.""}]",0.95,La risposta elenca esplicitamente un vantaggio operativo e un rischio legato alla fiducia acritica.
insegnanti_attuali_otti05.md,otti05,Insegnanti in servizio,insegnanti_in_servizio,3,"In base alla tua esperienza, quali sono i pro e i contro dell'uso dell'intelligenza artificiale nell'educazione?",PRO: Rapidità nelle ricerca di possibili soluzioni alternative.CONTRO: Spersonalizzazione acritica.,nessuno,0,0,,,[],[],0.0,Nessuna classificazione valida restituita dal modello.
insegnanti_attuali_otti05_2.md,otti05,Insegnanti in servizio,insegnanti_in_servizio,3,"In base alla tua esperienza, quali sono i pro e i contro dell'uso dell'intelligenza artificiale nell'educazione?","Pro: facilità nel recuperare materiali, contro: ottenere cn troppa fcilità ciò che prima era frutto di impegno cognitivo",misto,1,1,ricerca_informazioni,delega_cognitiva,"[{""category"": ""ricerca_informazioni"", ""evidence"": ""facilità nel recuperare materiali"", ""reason"": ""Il partecipante evidenzia la facilità operativa nel reperire risorse.""}]","[{""category"": ""delega_cognitiva"", ""evidence"": ""ottenere cn troppa fcilità ciò che prima era frutto di impegno cognitivo"", ""reason"": ""Il partecipante segnala il rischio di sostituire lo sforzo intellettuale con una facilità eccessiva.""}]",0.95,La risposta elenca esplicitamente un vantaggio e uno svantaggio.
insegnanti_attuali_otti06.md,Otti06,Insegnanti in servizio,insegnanti_in_servizio,3,"In base alla tua esperienza, quali sono i pro e i contro dell'uso dell'intelligenza artificiale nell'educazione?","Pro: fornisce idee e spunti, aiuta a creare contenuti su cui riflettere e materiale su cui lavorare Contro: necessita una conoscenza approfondita e adeguata per essere realmente utili, quindi quando ci si approccia in maniera inconsapevole può essere più nocivo che utile",misto,2,2,creativita_coinvolgimento|produzione_materiali,dipendenza|affidabilita_errori,"[{""category"": ""creativita_coinvolgimento"", ""evidence"": ""fornisce idee e spunti"", ""reason"": ""Il partecipante evidenzia il supporto all'ideazione e alla generazione di spunti.""}, {""category"": ""produzione_materiali"", ""evidence"": ""aiuta a creare contenuti su cui riflettere e materiale su cui lavorare"", ""reason"": ""Il partecipante indica l'assistenza nella creazione di contenuti educativi.""}]","[{""category"": ""dipendenza"", ""evidence"": ""necessita una conoscenza approfondita e adeguata per essere realmente utili"", ""reason"": ""Il partecipante segnala che senza una preparazione adeguata l'uso diventa problematico.""}, {""category"": ""affidabilita_errori"", ""evidence"": ""quando ci si approccia in maniera inconsapevole può essere più nocivo che utile"", ""reason"": ""Il partecipante avverte dei rischi legati a un approccio inconsapevole che rende l'IA dannosa.""}]",0.9,"La risposta elenca chiaramente sia benefici operativi (creatività, produzione) sia rischi legati alla preparazione dell'utente e all'affidabilità."
insegnanti_attuali_otti15.md,otti15,Insegnanti in servizio,insegnanti_in_servizio,8,"In base alla tua esperienza, quali sono i pro e i contro dell'uso dell'intelligenza artificiale nell'educazione?",Pro: maggior impatto alle conoscenze basilari  Contro: non deve sostituire capacità di rielaborazione,misto,1,1,supporto_comprensione,delega_cognitiva,"[{""category"": ""supporto_comprensione"", ""evidence"": ""maggior impatto alle conoscenze basilari"", ""reason"": ""Il partecipante indica che l'IA aiuta a rafforzare le conoscenze fondamentali.""}]","[{""category"": ""delega_cognitiva"", ""evidence"": ""non deve sostituire capacità di rielaborazione"", ""reason"": ""Il partecipante evidenzia il rischio di perdere la capacità di elaborare autonomamente le informazioni.""}]",0.9,La risposta elenca esplicitamente un vantaggio e uno svantaggio.
insegnanti_attuali_otti18.md,otti18,Insegnanti in servizio,insegnanti_in_servizio,3,"In base alla tua esperienza, quali sono i pro e i contro dell'uso dell'intelligenza artificiale nell'educazione?","La lezione in classe, il confronto con gli alunni, conoscere le loro opinioni ritengo sia importante; l'intelligenza artificiale può essere di aiuto per ampliare le loro conoscenze.",misto,1,0,supporto_comprensione,,"[{""category"": ""supporto_comprensione"", ""evidence"": ""ampliare le loro conoscenze"", ""reason"": ""Il partecipante indica che l'IA può aiutare a espandere le conoscenze degli alunni.""}]",[],0.9,"La risposta elenca un beneficio specifico (ampliare conoscenze) e un valore intrinseco dell'interazione umana (confronto, opinioni), implicando che l'IA non sostituisce il confronto diretto."
insegnanti_attuali_otti27.md,Otti27,Insegnanti in servizio,insegnanti_in_servizio,3,"In base alla tua esperienza, quali sono i pro e i contro dell'uso dell'intelligenza artificiale nell'educazione?",Pro: rapidità nel trovare i concetti Contro: non si usa più il ragionamento rapido e la capacità di sintesi,misto,1,1,ricerca_informazioni,delega_cognitiva,"[{""category"": ""ricerca_informazioni"", ""evidence"": ""rapidità nel trovare i concetti"", ""reason"": ""Il partecipante evidenzia la velocità nell'individuazione di concetti come vantaggio.""}]","[{""category"": ""delega_cognitiva"", ""evidence"": ""non si usa più il ragionamento rapido e la capacità di sintesi"", ""reason"": ""Il partecipante segnala il rischio di atrofizzazione delle capacità di ragionamento e sintesi.""}]",0.95,La risposta elenca esplicitamente un pro e un contro.
insegnanti_attuali_otti59.md,Otti59,Insegnanti in servizio,insegnanti_in_servizio,3,"In base alla tua esperienza, quali sono i pro e i contro dell'uso dell'intelligenza artificiale nell'educazione?",Molto aggiornata,nessuno,0,0,,,[],[],0.0,Nessuna classificazione valida restituita dal modello.
insegnanti_attuali_otto19.md,otto19,Insegnanti in servizio,insegnanti_in_servizio,3,"In base alla tua esperienza, quali sono i pro e i contro dell'uso dell'intelligenza artificiale nell'educazione?",sicuramente facilitano apprendimenti ma non aiutano la memoria degli studenti,nessuno,0,0,,,[],[],0.0,Nessuna classificazione valida restituita dal modello.
insegnanti_attuali_ovanna.md,Ovanna,Insegnanti in servizio,insegnanti_in_servizio,8,"In base alla tua esperienza, quali sono i pro e i contro dell'uso dell'intelligenza artificiale nell'educazione?",Apprendimento attivo e contro chiusura nella relazione,nessuno,0,0,,,[],[],0.0,Nessuna classificazione valida restituita dal modello.
insegnanti_attuali_ozza.md,Ozza 25,Insegnanti in servizio,insegnanti_in_servizio,3,"In base alla tua esperienza, quali sono i pro e i contro dell'uso dell'intelligenza artificiale nell'educazione?",Ritengo che nella scuola dell infanzia bisogna basarsi tutto sul reale e non sull artificiale,nessuno,0,0,,,[],[],0.0,Nessuna classificazione valida restituita dal modello.
insegnanti_attuali_ozzi03.md,ozzi03,Insegnanti in servizio,insegnanti_in_servizio,3,"In base alla tua esperienza, quali sono i pro e i contro dell'uso dell'intelligenza artificiale nell'educazione?","i pro, posso far vedere agli alunni come si crea una fake news. i Contro non ci deve essere abuso, i ragazzi devono imparare senza ausili. utilizzarla va bene, ma non oltrappassare i limiti",misto,1,2,supporto_comprensione,delega_cognitiva|dipendenza,"[{""category"": ""supporto_comprensione"", ""evidence"": ""posso far vedere agli alunni come si crea una fake news"", ""reason"": ""L'uso dell'IA è proposto come strumento didattico per illustrare concetti critici come le fake news.""}]","[{""category"": ""delega_cognitiva"", ""evidence"": ""i ragazzi devono imparare senza ausili"", ""reason"": ""Viene segnalato il rischio che l'ausilio dell'IA impedisca l'apprendimento autonomo.""}, {""category"": ""dipendenza"", ""evidence"": ""non ci deve essere abuso"", ""reason"": ""Viene evidenziato il pericolo di un uso eccessivo o non controllato dell'IA.""}]",0.9,La risposta elenca esplicitamente un vantaggio educativo e due rischi legati all'uso dell'IA.
insegnanti_attuali_ozzi17.md,ozzi17,Insegnanti in servizio,insegnanti_in_servizio,3,"In base alla tua esperienza, quali sono i pro e i contro dell'uso dell'intelligenza artificiale nell'educazione?","I pro sono che si potrà dare una innovazione ad una didattica un pochino obsoleta, i contro è che se ne potrebbe abusare limitando ancora di più la capacità di riflessione degli utenti",misto,1,1,creativita_coinvolgimento,delega_cognitiva,"[{""category"": ""creativita_coinvolgimento"", ""evidence"": ""si potrà dare una innovazione ad una didattica un pochino obsoleta"", ""reason"": ""Il partecipante indica che l'IA può innovare una didattica considerata obsoleta.""}]","[{""category"": ""delega_cognitiva"", ""evidence"": ""se ne potrebbe abusare limitando ancora di più la capacità di riflessione degli utenti"", ""reason"": ""Il partecipante segnala il rischio di abuso che limita la capacità di riflessione.""}]",0.9,La risposta elenca esplicitamente un vantaggio (innovazione) e uno svantaggio (limitazione della riflessione).
insegnanti_attuali_ozzi18.md,ozzi18,Insegnanti in servizio,insegnanti_in_servizio,8,"In base alla tua esperienza, quali sono i pro e i contro dell'uso dell'intelligenza artificiale nell'educazione?",non ho ancora idee chiare a riguardo,nessuno,0,0,,,[],[],0.9,"Il partecipante dichiara di non avere idee chiare, quindi non esprime né pro né contro specifici."
insegnanti_attuali_pace11.md,pace11,Insegnanti in servizio,insegnanti_in_servizio,9,"In base alla tua esperienza, quali sono i pro e i contro dell'uso dell'intelligenza artificiale nell'educazione?",Dipende da quanto utilizzo se ne fa. Come per qualsiasi strategia non bisogna abusarne,nessuno,0,0,,,[],[],0.9,"La risposta è generica e non elenca benefici o rischi specifici, limitandosi a un avvertimento sull'abuso senza categorizzare pro o contro."
insegnanti_attuali_pali25.md,pali25,Insegnanti in servizio,insegnanti_in_servizio,3,"In base alla tua esperienza, quali sono i pro e i contro dell'uso dell'intelligenza artificiale nell'educazione?",Solo contro: gli studenti si affidano totalmente all’intelligenza artificiale e non usano il proprio cervello. Per loro è solo la via più rapida per svolgere i compiti.,solo_contro,0,1,,delega_cognitiva,[],"[{""category"": ""delega_cognitiva"", ""evidence"": ""gli studenti si affidano totalmente all'intelligenza artificiale e non usano il proprio cervello"", ""reason"": ""Il partecipante evidenzia la perdita dell'uso del pensiero autonomo.""}]",0.95,La risposta elenca esclusivamente un rischio senza menzionare benefici.
insegnanti_attuali_paro03.md,Paro03,Insegnanti in servizio,insegnanti_in_servizio,3,"In base alla tua esperienza, quali sono i pro e i contro dell'uso dell'intelligenza artificiale nell'educazione?",Può essere utilizzata dopo un'adeguata formazione,nessuno,0,0,,,[],[],0.0,Nessuna classificazione valida restituita dal modello.
insegnanti_attuali_pass19.md,Pass19,Insegnanti in servizio,insegnanti_in_servizio,3,"In base alla tua esperienza, quali sono i pro e i contro dell'uso dell'intelligenza artificiale nell'educazione?","Se usata bene può essere uno strumento utile per scoprire velocemente nuove cose, altrimenti meglio i libri.",nessuno,0,0,,,[],[],0.0,Nessuna classificazione valida restituita dal modello.
insegnanti_attuali_pena30.md,pena30,Insegnanti in servizio,insegnanti_in_servizio,3,"In base alla tua esperienza, quali sono i pro e i contro dell'uso dell'intelligenza artificiale nell'educazione?","Pro: Si potrebbe migliorare l'apprendimento in modo più coinvolgente, si possono ottenere  risposte corrette e subito su argomenti che non si conoscono. Contro: Eccesiva dipendenza dell'intelligenza artificiale potrebbe ridurre l'interazione umana nell'insegnamento o pure i professori dovrebbero essere formati adeguatamente per integrarla correttamente nel processo educativo.",misto,2,3,creativita_coinvolgimento|ricerca_informazioni,dipendenza|riduzione_relazione|affidabilita_errori,"[{""category"": ""creativita_coinvolgimento"", ""evidence"": ""migliorare l'apprendimento in modo più coinvolgente"", ""reason"": ""Il partecipante cita un aumento del coinvolgimento come beneficio.""}, {""category"": ""ricerca_informazioni"", ""evidence"": ""ottenere risposte corrette e subito su argomenti che non si conoscono"", ""reason"": ""Il partecipante evidenzia la capacità di fornire risposte immediate su argomenti sconosciuti.""}]","[{""category"": ""dipendenza"", ""evidence"": ""Eccesiva dipendenza dell'intelligenza artificiale"", ""reason"": ""Il partecipante segnala il rischio di un'eccessiva dipendenza dall'IA.""}, {""category"": ""riduzione_relazione"", ""evidence"": ""potrebbe ridurre l'interazione umana nell'insegnamento"", ""reason"": ""Il partecipante indica che l'uso dell'IA potrebbe diminuire l'interazione umana.""}, {""category"": ""affidabilita_errori"", ""evidence"": ""i professori dovrebbero essere formati adeguatamente per integrarla correttamente"", ""reason"": ""La necessità di formazione adeguata suggerisce un rischio di errore o uso improprio senza competenze.""}]",0.95,"La risposta elenca chiaramente sia vantaggi (coinvolgimento, risposte rapide) sia svantaggi (dipendenza, riduzione interazione, necessità di formazione)."
insegnanti_attuali_pepe23.md,Pepe23,Insegnanti in servizio,insegnanti_in_servizio,3,"In base alla tua esperienza, quali sono i pro e i contro dell'uso dell'intelligenza artificiale nell'educazione?","Pro, Dovrebbero fare risparmiare tempo e aiutare a creare contenuti e materiali di supporto alla didattica. Contro, bisogna conoscerlo bene e padroneggiarli.",misto,2,1,efficienza_tempo|produzione_materiali,autonomia_organizzazione,"[{""category"": ""efficienza_tempo"", ""evidence"": ""Dovrebbero fare risparmiare tempo"", ""reason"": ""Il partecipante indica che l'IA aiuta a risparmiare tempo.""}, {""category"": ""produzione_materiali"", ""evidence"": ""aiutare a creare contenuti e materiali di supporto alla didattica"", ""reason"": ""Il partecipante cita la creazione di materiali didattici come vantaggio.""}]","[{""category"": ""autonomia_organizzazione"", ""evidence"": ""bisogna conoscerlo bene e padroneggiarli"", ""reason"": ""Il partecipante evidenzia la necessità di competenze specifiche come condizione necessaria, implicando un rischio di inadeguatezza se non presenti.""}]",0.9,"La risposta elenca esplicitamente un pro (risparmio tempo, creazione materiali) e un contro (necessità di padronanza)."
insegnanti_attuali_peri27.md,peri27,Insegnanti in servizio,insegnanti_in_servizio,3,"In base alla tua esperienza, quali sono i pro e i contro dell'uso dell'intelligenza artificiale nell'educazione?","Pro aiuterebbe a creare nuove strategie nella didattica per l'infanzia, i contro fare attenzione ad non abusare",misto,1,1,creativita_coinvolgimento,dipendenza,"[{""category"": ""creativita_coinvolgimento"", ""evidence"": ""aiuterebbe a creare nuove strategie nella didattica"", ""reason"": ""Il partecipante indica che l'IA favorisce l'innovazione nelle strategie didattiche.""}]","[{""category"": ""dipendenza"", ""evidence"": ""fare attenzione ad non abusare"", ""reason"": ""Il partecipante avvisa del rischio di un uso eccessivo o abusivo dell'IA.""}]",0.9,La risposta elenca esplicitamente un vantaggio (nuove strategie) e un rischio (abuso).
insegnanti_attuali_pizz03.md,Pizz03,Insegnanti in servizio,insegnanti_in_servizio,3,"In base alla tua esperienza, quali sono i pro e i contro dell'uso dell'intelligenza artificiale nell'educazione?","Pro: lavoro più snello, preciso e veloce Contro: impigrire le menti e illusione di non dover studiare ed approfondire",misto,1,2,efficienza_tempo,delega_cognitiva|delega_cognitiva,"[{""category"": ""efficienza_tempo"", ""evidence"": ""lavoro più snello, preciso e veloce"", ""reason"": ""Il partecipante evidenzia la rapidità e precisione come vantaggi operativi.""}]","[{""category"": ""delega_cognitiva"", ""evidence"": ""impigrire le menti"", ""reason"": ""Il partecipante segnala il rischio di atrofizzazione delle capacità mentali.""}, {""category"": ""delega_cognitiva"", ""evidence"": ""illusione di non dover studiare ed approfondire"", ""reason"": ""Il partecipante indica la perdita della spinta allo studio autonomo.""}]",0.95,La risposta elenca esplicitamente un beneficio e due rischi distinti.
insegnanti_attuali_podi30.md,podi30,Insegnanti in servizio,insegnanti_in_servizio,3,"In base alla tua esperienza, quali sono i pro e i contro dell'uso dell'intelligenza artificiale nell'educazione?",i Pro sono : l'informazione dettagliata e formativa dello studente ; i contro : l'utilizzo inappropriato e controproducente per la didattica e la perdita della manualita' nella scrittura,misto,1,2,supporto_comprensione,riduzione_relazione|delega_cognitiva,"[{""category"": ""supporto_comprensione"", ""evidence"": ""informazione dettagliata e formativa dello studente"", ""reason"": ""Il partecipante evidenzia il valore formativo e informativo dell'IA per lo studente.""}]","[{""category"": ""riduzione_relazione"", ""evidence"": ""utilizzo inappropriato e controproducente per la didattica"", ""reason"": ""Il partecipante segnala che l'uso scorretto dell'IA danneggia il processo didattico.""}, {""category"": ""delega_cognitiva"", ""evidence"": ""perdita della manualita' nella scrittura"", ""reason"": ""Il partecipante indica la perdita delle competenze manuali e cognitive legate alla scrittura.""}]",0.9,La risposta elenca esplicitamente sia un pro che due contro specifici.
insegnanti_attuali_pola10.md,pola10,Insegnanti in servizio,insegnanti_in_servizio,9,"In base alla tua esperienza, quali sono i pro e i contro dell'uso dell'intelligenza artificiale nell'educazione?","Grandissime potenzialità per l'azione didattica ma anche grandi rischi per gli studenti, che saranno portati sempre più a sfruttare le scorciatoie offerte dall'IA mancando possibilità di crescita culturale e potenziamento cognitivo.",misto,1,3,produzione_materiali,delega_cognitiva|riduzione_relazione|dipendenza,"[{""category"": ""produzione_materiali"", ""evidence"": ""Grandissime potenzialità per l'azione didattica"", ""reason"": ""Il partecipante evidenzia le grandi potenzialità offerte dall'IA per l'insegnamento.""}]","[{""category"": ""delega_cognitiva"", ""evidence"": ""portati sempre più a sfruttare le scorciatoie offerte dall'IA"", ""reason"": ""Il partecipante segnala il rischio di affidarsi a scorciatoie invece di impegnarsi cognitivamente.""}, {""category"": ""riduzione_relazione"", ""evidence"": ""mancando possibilità di crescita culturale"", ""reason"": ""L'uso eccessivo dell'IA porta a una mancanza di crescita culturale e di sviluppo umano.""}, {""category"": ""dipendenza"", ""evidence"": ""mancando possibilità di crescita culturale e potenziamento cognitivo"", ""reason"": ""Il partecipante indica che l'IA impedisce il potenziamento cognitivo degli studenti.""}]",0.9,"La risposta elenca esplicitamente sia i grandi vantaggi ('potenzialità') sia i grandi rischi ('scorciatoie', 'mancanza di crescita')."
insegnanti_attuali_puto11.md,Puto11,Insegnanti in servizio,insegnanti_in_servizio,3,"In base alla tua esperienza, quali sono i pro e i contro dell'uso dell'intelligenza artificiale nell'educazione?",Mancanza di stimoli alla riflessione e alla ricerca,nessuno,0,0,,,[],[],0.0,Nessuna classificazione valida restituita dal modello.
insegnanti_attuali_ra10.md,ra10,Insegnanti in servizio,insegnanti_in_servizio,3,"In base alla tua esperienza, quali sono i pro e i contro dell'uso dell'intelligenza artificiale nell'educazione?",non ho esperienza,nessuno,0,0,,,[],[],0.0,Nessuna classificazione valida restituita dal modello.
insegnanti_attuali_raia30.md,raia30,Insegnanti in servizio,insegnanti_in_servizio,9,"In base alla tua esperienza, quali sono i pro e i contro dell'uso dell'intelligenza artificiale nell'educazione?","Se sai utilizzarla bene può essere una grande risorsa, di contro se non si sa usare può essere dannosa",misto,1,1,autonomia_organizzazione,delega_cognitiva,"[{""category"": ""autonomia_organizzazione"", ""evidence"": ""Se sai utilizzarla bene può essere una grande risorsa"", ""reason"": ""Il partecipante indica che l'uso competente dell'IA è vantaggioso.""}]","[{""category"": ""delega_cognitiva"", ""evidence"": ""se non si sa usare può essere dannosa"", ""reason"": ""Il partecipante segnala che l'uso inappropriato comporta danni.""}]",0.9,La risposta elenca esplicitamente un beneficio (risorsa) e un rischio (dannosa) a seconda dell'uso.
insegnanti_attuali_rara56.md,Rara56,Insegnanti in servizio,insegnanti_in_servizio,3,"In base alla tua esperienza, quali sono i pro e i contro dell'uso dell'intelligenza artificiale nell'educazione?","PRO: valido supporto alla ricerca e all' indagine e ottima se utilizzata come sostegno alla realizzazione di strumenti didattici.  CONTRO:se utilizzata in modo improprio si corre il  rischio di una limitazione delle abilità attentive, motivazionali  e di apprendimento. Inoltre l' applicazione dell' IA nella produzione di testi priva il soggetto della possibilità di esprimere sé stesso e la propria dimensione affettiva che è del tutto personale e frutto del vissuto di ognuno di noi e che deve emergere nelle produzioni di ognuno.",misto,2,2,ricerca_informazioni|produzione_materiali,delega_cognitiva|plagio_autorialita,"[{""category"": ""ricerca_informazioni"", ""evidence"": ""valido supporto alla ricerca e all' indagine"", ""reason"": ""Il partecipante evidenzia il supporto alla ricerca come vantaggio.""}, {""category"": ""produzione_materiali"", ""evidence"": ""ottima se utilizzata come sostegno alla realizzazione di strumenti didattici"", ""reason"": ""Il partecipante indica il supporto nella creazione di strumenti didattici come beneficio.""}]","[{""category"": ""delega_cognitiva"", ""evidence"": ""si corre il rischio di una limitazione delle abilità attentive, motivazionali e di apprendimento"", ""reason"": ""Il partecipante segnala il rischio di limitazione delle abilità cognitive e motivazionali.""}, {""category"": ""plagio_autorialita"", ""evidence"": ""priva il soggetto della possibilità di esprimere sé stesso e la propria dimensione affettiva"", ""reason"": ""Il partecipante evidenzia la perdita dell'espressione personale e della dimensione affettiva.""}]",0.95,La risposta elenca chiaramente sia benefici operativi che rischi legati all'autonomia e all'espressione personale.
insegnanti_attuali_raro28.md,raro28,Insegnanti in servizio,insegnanti_in_servizio,8,"In base alla tua esperienza, quali sono i pro e i contro dell'uso dell'intelligenza artificiale nell'educazione?","L'aspetto positivo è la velocità con cui si possono creare contenuti idonei alla classe o ai singoli alunni ottenendo un approccio più inclusivo; quello negativo potrebbe essere la dipendenza eccessiva che porta ad un inaridimento della creatività, inoltre è necessario un controllo di quanto proposto in quanto potrebbero verificarsi errori o equivoci",misto,2,2,produzione_materiali|accessibilita_inclusione,creativita_coinvolgimento|affidabilita_errori,"[{""category"": ""produzione_materiali"", ""evidence"": ""velocità con cui si possono creare contenuti idonei"", ""reason"": ""Il partecipante evidenzia la rapidità nella creazione di materiali didattici.""}, {""category"": ""accessibilita_inclusione"", ""evidence"": ""ottenendo un approccio più inclusivo"", ""reason"": ""Il partecipante cita l'approccio inclusivo come beneficio derivante dai contenuti generati.""}]","[{""category"": ""creativita_coinvolgimento"", ""evidence"": ""dipendenza eccessiva che porta ad un inaridimento della creatività"", ""reason"": ""Il partecipante segnala che l'eccessiva dipendenza riduce la creatività.""}, {""category"": ""affidabilita_errori"", ""evidence"": ""potrebbero verificarsi errori o equivoci"", ""reason"": ""Il partecipante avverte il rischio di contenuti inaccurati o fuorvianti.""}]",0.95,"La risposta elenca esplicitamente sia vantaggi (velocità, inclusione) sia svantaggi (dipendenza, errori)."
insegnanti_attuali_rati06.md,rati06,Insegnanti in servizio,insegnanti_in_servizio,9,"In base alla tua esperienza, quali sono i pro e i contro dell'uso dell'intelligenza artificiale nell'educazione?",Pro permettono di personalizzare gli strumenti di apprendimento . Contro: impoverimenti di processi di comprensione del testo,misto,1,1,personalizzazione,supporto_comprensione,"[{""category"": ""personalizzazione"", ""evidence"": ""personalizzare gli strumenti di apprendimento"", ""reason"": ""Il partecipante evidenzia la capacità dell'IA di adattare gli strumenti alle esigenze individuali.""}]","[{""category"": ""supporto_comprensione"", ""evidence"": ""impoverimenti di processi di comprensione del testo"", ""reason"": ""Il partecipante segnala un rischio legato alla qualità del pensiero e della comprensione.""}]",0.95,La risposta elenca esplicitamente un vantaggio (personalizzazione) e uno svantaggio (impoverimento comprensione).
insegnanti_attuali_reda08.md,REDA08,Insegnanti in servizio,insegnanti_in_servizio,3,"In base alla tua esperienza, quali sono i pro e i contro dell'uso dell'intelligenza artificiale nell'educazione?",non permette agli studenti di lavorare stimolando le proprie capacità ma potrebbe esser utile per stimolare la fantasia,misto,1,1,creativita_coinvolgimento,delega_cognitiva,"[{""category"": ""creativita_coinvolgimento"", ""evidence"": ""potrebbe esser utile per stimolare la fantasia"", ""reason"": ""Il partecipante indica che l'IA può stimolare la fantasia.""}]","[{""category"": ""delega_cognitiva"", ""evidence"": ""non permette agli studenti di lavorare stimolando le proprie capacità"", ""reason"": ""Il partecipante segnala che l'IA impedisce agli studenti di esercitare le proprie capacità.""}]",0.9,La risposta elenca sia un beneficio (stimolare la fantasia) sia un rischio (non stimolare le capacità proprie).
insegnanti_attuali_rese10.md,rese10,Insegnanti in servizio,insegnanti_in_servizio,3,"In base alla tua esperienza, quali sono i pro e i contro dell'uso dell'intelligenza artificiale nell'educazione?","Non ho esperienze che mi permettano di definire pro e contro nell'utilizzo dell'AI. Credo, però, che essa possa facilitare molto la didattica dal punto di vista della preparazione di lezioni, materiale didattico e prove di verifica (test, quiz, ecc) per la valutazione della preparazione degli studenti. Per contro, penso che essa possa essere utilizzata dagli studenti in modo irresponsabile per semplificare il proprio lavoro e, anche se involontariamente, sostituirsi alle attività intellettuali come la lettura, la ricerca di informazioni, la comprensione di testi, la produzione scritta ed orale, e altro.",misto,1,2,produzione_materiali,delega_cognitiva|plagio_autorialita,"[{""category"": ""produzione_materiali"", ""evidence"": ""facilitare molto la didattica dal punto di vista della preparazione di lezioni, materiale didattico e prove di verifica"", ""reason"": ""Il partecipante cita la facilitazione nella creazione di lezioni e materiali didattici come vantaggio.""}]","[{""category"": ""delega_cognitiva"", ""evidence"": ""sostituirsi alle attività intellettuali come la lettura, la ricerca di informazioni, la comprensione di testi, la produzione scritta ed orale"", ""reason"": ""Il partecipante evidenzia il rischio di sostituzione delle attività intellettuali fondamentali.""}, {""category"": ""plagio_autorialita"", ""evidence"": ""utilizzata dagli studenti in modo irresponsabile per semplificare il proprio lavoro"", ""reason"": ""Il partecipante segnala l'uso irresponsabile per semplificare il lavoro, implicando una perdita di autorialità.""}]",0.9,La risposta elenca esplicitamente un beneficio (preparazione materiali) e due rischi (delega cognitiva e uso irresponsabile).
insegnanti_attuali_resi19.md,resi19,Insegnanti in servizio,insegnanti_in_servizio,3,"In base alla tua esperienza, quali sono i pro e i contro dell'uso dell'intelligenza artificiale nell'educazione?",PROPORRE AGLI STUDENTI STRUMENTI ALTERNATIVI VALIDI NEL PROCESSO DI INSEGNAMENTO-APPRENDIMENTO; UTILIZZO SREGOLATO DEI DISPOSITIVI E DELLO STRUMENTO.,nessuno,0,0,,,[],[],0.0,Nessuna classificazione valida restituita dal modello.
insegnanti_attuali_rini08.md,Rini08,Insegnanti in servizio,insegnanti_in_servizio,3,"In base alla tua esperienza, quali sono i pro e i contro dell'uso dell'intelligenza artificiale nell'educazione?","I pro sono nell' agevolazione di compiti che richiedono molto tempo, ma i contro è che diventiamo piatti nel pensiero.",misto,1,1,efficienza_tempo,standardizzazione,"[{""category"": ""efficienza_tempo"", ""evidence"": ""agevolazione di compiti che richiedono molto tempo"", ""reason"": ""Il partecipante indica che l'IA facilita l'esecuzione di attività laboriose.""}]","[{""category"": ""standardizzazione"", ""evidence"": ""diventiamo piatti nel pensiero"", ""reason"": ""Il partecipante suggerisce che l'uso dell'IA porta a una riduzione della profondità del pensiero.""}]",0.9,La risposta elenca esplicitamente un vantaggio (risparmio tempo) e uno svantaggio (pensiero piatto).
insegnanti_attuali_rini09.md,Rini09,Insegnanti in servizio,insegnanti_in_servizio,9,"In base alla tua esperienza, quali sono i pro e i contro dell'uso dell'intelligenza artificiale nell'educazione?",Il non uso consapevole,nessuno,0,0,,,[],[],0.0,La risposta 'Il non uso consapevole' non esplicita né pro né contro specifici sull'uso dell'IA.
insegnanti_attuali_rini13.md,rini13,Insegnanti in servizio,insegnanti_in_servizio,9,"In base alla tua esperienza, quali sono i pro e i contro dell'uso dell'intelligenza artificiale nell'educazione?",Vedo i contro legami all'esaurimento delle funzioni cognitive associative.,solo_contro,0,1,,delega_cognitiva,[],"[{""category"": ""delega_cognitiva"", ""evidence"": ""esaurimento delle funzioni cognitive associative"", ""reason"": ""Il partecipante indica che l'uso dell'IA porta all'esaurimento delle capacità cognitive associative.""}]",0.9,La risposta elenca esclusivamente un rischio cognitivo.
insegnanti_attuali_rini15.md,rini15,Insegnanti in servizio,insegnanti_in_servizio,8,"In base alla tua esperienza, quali sono i pro e i contro dell'uso dell'intelligenza artificiale nell'educazione?",i pro sono che velocizzi le informazioni da estrapolare. i contro sono che spesso vengono usate per scorciatoie didattiche,nessuno,0,0,,,[],[],0.0,Nessuna classificazione valida restituita dal modello.
insegnanti_attuali_rini29.md,RINI29,Insegnanti in servizio,insegnanti_in_servizio,8,"In base alla tua esperienza, quali sono i pro e i contro dell'uso dell'intelligenza artificiale nell'educazione?","PRO: VELOCIZZARE IL LAVORO CONTRO: DIVENTARNE DIPENDENTI, AFFIDARSI TROPPO AGLI STRUMENTI DELL'AI E  RIDURRE LA CAPACITA' DI APPRENDERE E FORMARE UN PENSIERO CRITICO; FATICARE A TROVARE GIUSTE SOLUZIONI A PROBLEMI ED ESSRE AUTONOMI. IL RISCHIO MOLTO ELEVATO  E' QUELLO DI NON DIVENTARE COMPETENTI.",misto,1,5,efficienza_tempo,dipendenza|riduzione_relazione|delega_cognitiva|delega_cognitiva|delega_cognitiva,"[{""category"": ""efficienza_tempo"", ""evidence"": ""VELOCIZZARE IL LAVORO"", ""reason"": ""Il partecipante cita la velocizzazione del lavoro come vantaggio.""}]","[{""category"": ""dipendenza"", ""evidence"": ""DIVENTARNE DIPENDENTI"", ""reason"": ""Il partecipante evidenzia il rischio di dipendenza dagli strumenti.""}, {""category"": ""riduzione_relazione"", ""evidence"": ""AFFIDARSI TROPPO AGLI STRUMENTI DELL'AI"", ""reason"": ""L'eccessivo affidamento agli strumenti riduce l'interazione umana.""}, {""category"": ""delega_cognitiva"", ""evidence"": ""RIDURRE LA CAPACITA' DI APPRENDERE E FORMARE UN PENSIERO CRITICO"", ""reason"": ""Si segnala la perdita della capacità di pensiero critico e di apprendimento.""}, {""category"": ""delega_cognitiva"", ""evidence"": ""FATICARE A TROVARE GIUSTE SOLUZIONI A PROBLEMI ED ESSRE AUTONOMI"", ""reason"": ""Viene indicata la difficoltà a trovare soluzioni autonome.""}, {""category"": ""delega_cognitiva"", ""evidence"": ""NON DIVENTARE COMPETENTI"", ""reason"": ""Il rischio elevato è quello di non sviluppare competenza.""}]",0.95,"La risposta elenca esplicitamente un pro (velocizzazione) e diversi contro (dipendenza, riduzione pensiero critico, perdita di autonomia)."
insegnanti_attuali_rino23.md,RINO23,Insegnanti in servizio,insegnanti_in_servizio,9,"In base alla tua esperienza, quali sono i pro e i contro dell'uso dell'intelligenza artificiale nell'educazione?",PRO: fornisce molteplici possibilità per la personalizzazione dei percorsi degli studenti. CONTRO: rischio per la privacy,misto,1,1,personalizzazione,privacy_etica,"[{""category"": ""personalizzazione"", ""evidence"": ""fornisce molteplici possibilità per la personalizzazione dei percorsi degli studenti"", ""reason"": ""Il partecipante evidenzia la capacità dell'IA di adattare i percorsi di apprendimento.""}]","[{""category"": ""privacy_etica"", ""evidence"": ""rischio per la privacy"", ""reason"": ""Il partecipante segnala un potenziale danno legato alla protezione dei dati.""}]",1.0,La risposta elenca esplicitamente un pro e un contro.
insegnanti_attuali_rise08.md,rise08,Insegnanti in servizio,insegnanti_in_servizio,3,"In base alla tua esperienza, quali sono i pro e i contro dell'uso dell'intelligenza artificiale nell'educazione?","semplificare e velocizzare il lavoro del docente, ma potrebbe essere controproducente per il processo di apprendimento degli studenti",nessuno,0,0,,,[],[],0.0,Nessuna classificazione valida restituita dal modello.
insegnanti_attuali_roni01.md,roni01,Insegnanti in servizio,insegnanti_in_servizio,3,"In base alla tua esperienza, quali sono i pro e i contro dell'uso dell'intelligenza artificiale nell'educazione?",Ho iniziato da poco lo studio della sua applicazione nella didattica,nessuno,0,0,,,[],[],0.0,Nessuna classificazione valida restituita dal modello.
insegnanti_attuali_roni06.md,roni06,Insegnanti in servizio,insegnanti_in_servizio,9,"In base alla tua esperienza, quali sono i pro e i contro dell'uso dell'intelligenza artificiale nell'educazione?",I Vantaggi: vanno dalla razionalizzazione al risparmio di tempo. Svantaggi: E' a rischio la Creatività di ogni essere umano.,misto,1,1,efficienza_tempo,creativita_coinvolgimento,"[{""category"": ""efficienza_tempo"", ""evidence"": ""risparmio di tempo"", ""reason"": ""Il partecipante cita esplicitamente il risparmio di tempo come vantaggio.""}]","[{""category"": ""creativita_coinvolgimento"", ""evidence"": ""E' a rischio la Creatività di ogni essere umano"", ""reason"": ""Il partecipante indica che l'uso dell'IA mette a rischio la creatività umana.""}]",0.95,La risposta elenca chiaramente un pro (risparmio di tempo) e un contro (rischio alla creatività).
insegnanti_attuali_roni24.md,roni24,Insegnanti in servizio,insegnanti_in_servizio,3,"In base alla tua esperienza, quali sono i pro e i contro dell'uso dell'intelligenza artificiale nell'educazione?","CONTRO: L’AI rischia di sostituirsi agli studenti in alcune pratiche che servono a metabolizzare gli apprendimenti e ad acquisire competenze permanenti come lo svolgimento dei compiti PRO: l’esperienza dell’apprendimento è sicuramente più accattivante per il discente, ma secondo me sarà superficiale e caratterizzato da basi poco solide, pertanto anche questo aspetto diventa un CONTRO",misto,1,2,creativita_coinvolgimento,delega_cognitiva|affidabilita_errori,"[{""category"": ""creativita_coinvolgimento"", ""evidence"": ""l'esperienza dell'apprendimento è sicuramente più accattivante per il discente"", ""reason"": ""Il partecipante evidenzia che l'IA rende l'esperienza più accattivante.""}]","[{""category"": ""delega_cognitiva"", ""evidence"": ""L'AI rischia di sostituirsi agli studenti in alcune pratiche che servono a metabolizzare gli apprendimenti"", ""reason"": ""Il partecipante segnala il rischio di sostituzione dell'attività metabolizzante degli apprendimenti.""}, {""category"": ""affidabilita_errori"", ""evidence"": ""sarà superficiale e caratterizzato da basi poco solide"", ""reason"": ""Il partecipante teme che l'apprendimento basato sull'IA sia superficiale e privo di basi solide.""}]",0.9,La risposta elenca sia un pro (coinvolgimento) sia due contro (delega cognitiva e superficialità).
insegnanti_attuali_rpia18.md,rpia18,Insegnanti in servizio,insegnanti_in_servizio,3,"In base alla tua esperienza, quali sono i pro e i contro dell'uso dell'intelligenza artificiale nell'educazione?","pro: può aiutare a creare esperienze di apprendimento personalizzato per gli studenti in base alle proprie abilità, obiettivi, progressi ecc ; contribuisce a rendere l'istruzione più accessibile e inclusiva per gli studenti. contro: limitazione delle capacità dello studente di critica, sintesi ed elaborazione dei contenuti e la riduzione del rapporto studente insegnante.",misto,2,2,personalizzazione|accessibilita_inclusione,delega_cognitiva|riduzione_relazione,"[{""category"": ""personalizzazione"", ""evidence"": ""può aiutare a creare esperienze di apprendimento personalizzato per gli studenti in base alle proprie abilità, obiettivi, progressi ecc"", ""reason"": ""Il partecipante cita la capacità di adattare l'apprendimento alle specifiche esigenze dello studente.""}, {""category"": ""accessibilita_inclusione"", ""evidence"": ""contribuisce a rendere l'istruzione più accessibile e inclusiva per gli studenti"", ""reason"": ""Il partecipante evidenzia il ruolo dell'IA nel migliorare l'accessibilità e l'inclusività educativa.""}]","[{""category"": ""delega_cognitiva"", ""evidence"": ""limitazione delle capacità dello studente di critica, sintesi ed elaborazione dei contenuti"", ""reason"": ""Il partecipante segnala il rischio di indebolimento delle capacità cognitive critiche dello studente.""}, {""category"": ""riduzione_relazione"", ""evidence"": ""riduzione del rapporto studente insegnante"", ""reason"": ""Il partecipante indica il pericolo di un indebolimento del legame umano tra docente e discente.""}]",0.95,"La risposta elenca chiaramente sia benefici specifici (personalizzazione, inclusione) sia rischi specifici (delega cognitiva, riduzione relazionale)."
insegnanti_attuali_rracca10.md,Rracca10,Insegnanti in servizio,insegnanti_in_servizio,2,"In base alla tua esperienza, quali sono i pro e i contro dell'uso dell'intelligenza artificiale nell'educazione?","Credo che sia uno strumento facilitativo e risolutivo se utilizzato con i giusti input, di contro magari se utilizzato con un uso spropositato, può sostituire la capacità personale e l’autonomia",nessuno,0,0,,,[],[],0.0,Nessuna classificazione valida restituita dal modello.
insegnanti_attuali_rrin08.md,rrin08,Insegnanti in servizio,insegnanti_in_servizio,9,"In base alla tua esperienza, quali sono i pro e i contro dell'uso dell'intelligenza artificiale nell'educazione?",Utilizzo senza una conoscenza approfondita dei rischi,solo_contro,0,1,,delega_cognitiva,[],"[{""category"": ""delega_cognitiva"", ""evidence"": ""Utilizzo senza una conoscenza approfondita dei rischi"", ""reason"": ""Il partecipante evidenzia l'uso dell'IA senza consapevolezza dei rischi, implicando una mancanza di controllo critico.""}]",0.9,"La risposta menziona esplicitamente l'assenza di conoscenza dei rischi, indicando un aspetto negativo dell'uso dell'IA."
insegnanti_attuali_rrin08_2.md,Rrin08,Insegnanti in servizio,insegnanti_in_servizio,3,"In base alla tua esperienza, quali sono i pro e i contro dell'uso dell'intelligenza artificiale nell'educazione?","I pro sono risparmio di tempo, facilitazione di accesso alle informazioni, riduzione degli errori umani in determinate attività, facilitazione nell'analisi dei dati.... Contro: uso improprio, riduzione delle interazioni sociali dirette, dipendenza, limitazione del pensiero critico",misto,4,4,efficienza_tempo|ricerca_informazioni|affidabilita_errori|supporto_comprensione,riduzione_relazione|dipendenza|delega_cognitiva|plagio_autorialita,"[{""category"": ""efficienza_tempo"", ""evidence"": ""risparmio di tempo"", ""reason"": ""Il partecipante cita il risparmio di tempo come vantaggio.""}, {""category"": ""ricerca_informazioni"", ""evidence"": ""facilitazione di accesso alle informazioni"", ""reason"": ""Il partecipante indica che l'IA facilita l'accesso alle informazioni.""}, {""category"": ""affidabilita_errori"", ""evidence"": ""riduzione degli errori umani in determinate attività"", ""reason"": ""Il partecipante segnala una diminuzione degli errori umani.""}, {""category"": ""supporto_comprensione"", ""evidence"": ""facilitazione nell'analisi dei dati"", ""reason"": ""Il partecipante evidenzia un supporto nell'analisi dei dati.""}]","[{""category"": ""riduzione_relazione"", ""evidence"": ""riduzione delle interazioni sociali dirette"", ""reason"": ""Il partecipante nota una diminuzione delle interazioni sociali.""}, {""category"": ""dipendenza"", ""evidence"": ""dipendenza"", ""reason"": ""Il partecipante cita esplicitamente il rischio di dipendenza.""}, {""category"": ""delega_cognitiva"", ""evidence"": ""limitazione del pensiero critico"", ""reason"": ""Il partecipante segnala una limitazione del pensiero critico.""}, {""category"": ""plagio_autorialita"", ""evidence"": ""uso improprio"", ""reason"": ""Il partecipante menziona l'uso improprio come rischio.""}]",0.95,La risposta elenca chiaramente sia benefici operativi e cognitivi che rischi relazionali e di autonomia.
insegnanti_attuali_runi06.md,runi06,Insegnanti in servizio,insegnanti_in_servizio,3,"In base alla tua esperienza, quali sono i pro e i contro dell'uso dell'intelligenza artificiale nell'educazione?",uno dei pro è sicuramente la velocità e la varietà (mediatica) nell'elaborazione di contenuti uno dei contro è la realizzazione di strumenti impersonali e troppo generali,misto,2,1,efficienza_tempo|produzione_materiali,standardizzazione,"[{""category"": ""efficienza_tempo"", ""evidence"": ""velocità"", ""reason"": ""Il partecipante cita la velocità come vantaggio.""}, {""category"": ""produzione_materiali"", ""evidence"": ""varietà (mediatica) nell'elaborazione di contenuti"", ""reason"": ""Il partecipante evidenzia la capacità di produrre una varietà di contenuti.""}]","[{""category"": ""standardizzazione"", ""evidence"": ""strumenti impersonali e troppo generali"", ""reason"": ""Il partecipante segnala che gli strumenti risultano impersonali e generici.""}]",0.95,"La risposta elenca esplicitamente un pro (velocità, varietà) e un contro (impersonalità, generalità)."
insegnanti_attuali_runo01.md,runo01,Insegnanti in servizio,insegnanti_in_servizio,9,"In base alla tua esperienza, quali sono i pro e i contro dell'uso dell'intelligenza artificiale nell'educazione?",la sua gestione,nessuno,0,0,,,[],[],0.0,La risposta 'la sua gestione' è frammentaria e non contiene alcuna informazione utile per identificare pro o contro dell'IA.
insegnanti_attuali_rzio16.md,RZIO16,Insegnanti in servizio,insegnanti_in_servizio,8,"In base alla tua esperienza, quali sono i pro e i contro dell'uso dell'intelligenza artificiale nell'educazione?",pro: arricchimento contro: usarla per effettuare compiti senza ragionare,misto,1,1,creativita_coinvolgimento,delega_cognitiva,"[{""category"": ""creativita_coinvolgimento"", ""evidence"": ""arricchimento"", ""reason"": ""Il partecipante indica che l'uso dell'IA porta a un arricchimento del contesto educativo.""}]","[{""category"": ""delega_cognitiva"", ""evidence"": ""usarla per effettuare compiti senza ragionare"", ""reason"": ""Il partecipante evidenzia il rischio di delegare l'esecuzione dei compiti all'IA, evitando il processo di ragionamento.""}]",1.0,La risposta esplicita chiaramente un pro ('arricchimento') e un contro ('usarla per effettuare compiti senza ragionare').
insegnanti_attuali_sani19.md,Sani19,Insegnanti in servizio,insegnanti_in_servizio,8,"In base alla tua esperienza, quali sono i pro e i contro dell'uso dell'intelligenza artificiale nell'educazione?",Pro migliora la didattica  Contro se utilizzata dagli studenti come sostituto,nessuno,0,0,,,[],[],0.0,Nessuna classificazione valida restituita dal modello.
insegnanti_attuali_sano10.md,SANO10,Insegnanti in servizio,insegnanti_in_servizio,3,"In base alla tua esperienza, quali sono i pro e i contro dell'uso dell'intelligenza artificiale nell'educazione?",SI RISPARMIA TEMPO NELLA REALIZZAZIONE DI PROGETTAZIONI ELIMINANDO ERRORI. LA LIMITAZIONE DELLE PROPRIE CAPACITA',nessuno,0,0,,,[],[],0.0,Nessuna classificazione valida restituita dal modello.
insegnanti_attuali_santi13.md,santi13,Insegnanti in servizio,insegnanti_in_servizio,8,"In base alla tua esperienza, quali sono i pro e i contro dell'uso dell'intelligenza artificiale nell'educazione?",I vantaggi sono la fruibilità e la velocità dell'utilizzo,nessuno,0,0,,,[],[],0.0,Nessuna classificazione valida restituita dal modello.
insegnanti_attuali_sario2.md,SARIO2,Insegnanti in servizio,insegnanti_in_servizio,8,"In base alla tua esperienza, quali sono i pro e i contro dell'uso dell'intelligenza artificiale nell'educazione?",Pro: risparmio di tempo Contro: scarsa autonomia dello studente,nessuno,0,0,,,[],[],0.0,Nessuna classificazione valida restituita dal modello.
insegnanti_attuali_sati26.md,Sati26,Insegnanti in servizio,insegnanti_in_servizio,3,"In base alla tua esperienza, quali sono i pro e i contro dell'uso dell'intelligenza artificiale nell'educazione?","Se adeguatamente utilizzata i vantaggi potrebbero essere la velocità di ricerca e nei collegamenti. Gli svantaggi la perdita di capacità di lavorare con l'intelligenza ""tradizionale"" e la perdita della creatività.",misto,2,2,ricerca_informazioni|autonomia_organizzazione,creativita_coinvolgimento|delega_cognitiva,"[{""category"": ""ricerca_informazioni"", ""evidence"": ""velocità di ricerca"", ""reason"": ""Il partecipante cita la rapidità nel reperire informazioni come vantaggio.""}, {""category"": ""autonomia_organizzazione"", ""evidence"": ""velocità ... nei collegamenti"", ""reason"": ""Il partecipante indica la rapidità nell'organizzare collegamenti come beneficio.""}]","[{""category"": ""creativita_coinvolgimento"", ""evidence"": ""perdita della creatività"", ""reason"": ""Il partecipante segnala il rischio di diminuzione della creatività.""}, {""category"": ""delega_cognitiva"", ""evidence"": ""perdita di capacità di lavorare con l'intelligenza 'tradizionale'"", ""reason"": ""Il partecipante evidenzia il rischio di atrofizzazione delle capacità cognitive tradizionali.""}]",0.95,La risposta elenca esplicitamente sia vantaggi che svantaggi dell'uso dell'IA.
insegnanti_attuali_schi10.md,Schi10,Insegnanti in servizio,insegnanti_in_servizio,9,"In base alla tua esperienza, quali sono i pro e i contro dell'uso dell'intelligenza artificiale nell'educazione?",Non so dipende,nessuno,0,0,,,[],[],0.0,La risposta è generica e non esplicita né pro né contro specifici.
insegnanti_attuali_sepe29.md,sepe29,Insegnanti in servizio,insegnanti_in_servizio,8,"In base alla tua esperienza, quali sono i pro e i contro dell'uso dell'intelligenza artificiale nell'educazione?",Contro: gli studenti la usano male senza essere critici e sperando di risolvere in poco tempo e con meno fatica.  Pro: è una grande opportunità ma bisogna imparare come funziona e ad usarla nel modo migliore.,misto,1,1,autonomia_organizzazione,delega_cognitiva,"[{""category"": ""autonomia_organizzazione"", ""evidence"": ""è una grande opportunità"", ""reason"": ""Il partecipante definisce l'IA come un'opportunità, implicando un potenziale positivo per l'organizzazione o l'uso delle risorse.""}]","[{""category"": ""delega_cognitiva"", ""evidence"": ""gli studenti la usano male senza essere critici e sperando di risolvere in poco tempo e con meno fatica"", ""reason"": ""Il partecipante evidenzia il rischio di un uso superficiale e della ricerca di soluzioni facili, indicando una perdita di sforzo critico.""}]",0.9,"La risposta esplicita sia un vantaggio ('grande opportunità') sia un rischio specifico ('usano male', 'meno fatica')."
insegnanti_attuali_sini22.md,sini22,Insegnanti in servizio,insegnanti_in_servizio,8,"In base alla tua esperienza, quali sono i pro e i contro dell'uso dell'intelligenza artificiale nell'educazione?",Potrebbe privare col tempo gli insegnanti di alcune competenze.,solo_contro,0,1,,delega_cognitiva,[],"[{""category"": ""delega_cognitiva"", ""evidence"": ""Potrebbe privare col tempo gli insegnanti di alcune competenze"", ""reason"": ""Il partecipante evidenzia il rischio di perdita di competenze professionali.""}]",0.95,La risposta contiene esclusivamente un rischio identificato.
insegnanti_attuali_soli24.md,soli24,Insegnanti in servizio,insegnanti_in_servizio,9,"In base alla tua esperienza, quali sono i pro e i contro dell'uso dell'intelligenza artificiale nell'educazione?",possono velocizzare lo studio ma togliere creatività e capacità logico cognitive,misto,1,2,efficienza_tempo,creativita_coinvolgimento|delega_cognitiva,"[{""category"": ""efficienza_tempo"", ""evidence"": ""velocizzare lo studio"", ""reason"": ""Il partecipante indica che l'IA può accelerare il processo di apprendimento.""}]","[{""category"": ""creativita_coinvolgimento"", ""evidence"": ""togliere creatività"", ""reason"": ""Il partecipante segnala che l'uso dell'IA riduce la creatività.""}, {""category"": ""delega_cognitiva"", ""evidence"": ""togliere ... capacità logico cognitive"", ""reason"": ""Il partecipante evidenzia il rischio di perdita delle capacità logico-cognitive.""}]",0.9,La risposta elenca esplicitamente un vantaggio (velocità) e due svantaggi (perdita di creatività e capacità cognitive).
insegnanti_attuali_stini27.md,Stini27,Insegnanti in servizio,insegnanti_in_servizio,9,"In base alla tua esperienza, quali sono i pro e i contro dell'uso dell'intelligenza artificiale nell'educazione?","PRO: Personalizzazione dell’apprendimento, Feedback immediato. L’IA può creare, semplificare o tradurre contenuti, rendendoli più accessibili a tutti. Aiuta a supportare studenti con difficoltà di apprendimento o bisogni educativi speciali. Riduce il carico di lavoro per gli insegnanti. Automatizza attività ripetitive (es. correzioni di quiz), libera tempo per la didattica creativa. Promuove nuove metodologie didattiche più dinamiche, interattive e tecnologiche. CONTRO: Rischio di dipendenza dalla tecnologia. Non tutti hanno le stesse possibilità di utilizzare strumenti digitali avanzati. L’IA non può sostituire il rapporto educativo, l’empatia e la guida emotiva degli insegnanti.",misto,7,3,personalizzazione|feedback_valutazione|produzione_materiali|supporto_comprensione|efficienza_tempo|creativita_coinvolgimento|accessibilita_inclusione,dipendenza|disuguaglianze|riduzione_relazione,"[{""category"": ""personalizzazione"", ""evidence"": ""Personalizzazione dell'apprendimento"", ""reason"": ""L'IA permette di adattare i contenuti alle esigenze individuali.""}, {""category"": ""feedback_valutazione"", ""evidence"": ""Feedback immediato"", ""reason"": ""L'IA fornisce risposte rapide agli studenti.""}, {""category"": ""produzione_materiali"", ""evidence"": ""creare, semplificare o tradurre contenuti"", ""reason"": ""L'IA facilita la creazione e l'adattamento di risorse didattiche.""}, {""category"": ""supporto_comprensione"", ""evidence"": ""Aiuta a supportare studenti con difficoltà di apprendimento o bisogni educativi speciali"", ""reason"": ""L'IA offre supporto specifico per studenti con BES o difficoltà.""}, {""category"": ""efficienza_tempo"", ""evidence"": ""Riduce il carico di lavoro per gli insegnanti. Automatizza attività ripetitive"", ""reason"": ""L'automazione delle attività ripetitive libera tempo per l'insegnante.""}, {""category"": ""creativita_coinvolgimento"", ""evidence"": ""Promuove nuove metodologie didattiche più dinamiche, interattive e tecnologiche"", ""reason"": ""L'IA favorisce l'adozione di metodologie più coinvolgenti.""}, {""category"": ""accessibilita_inclusione"", ""evidence"": ""rendendoli più accessibili a tutti"", ""reason"": ""I contenuti generati dall'IA migliorano l'accessibilità generale.""}]","[{""category"": ""dipendenza"", ""evidence"": ""Rischio di dipendenza dalla tecnologia"", ""reason"": ""Esiste il pericolo che gli utenti si affidino eccessivamente alla tecnologia.""}, {""category"": ""disuguaglianze"", ""evidence"": ""Non tutti hanno le stesse possibilità di utilizzare strumenti digitali avanzati"", ""reason"": ""Il divario digitale crea disuguaglianze nell'accesso agli strumenti.""}, {""category"": ""riduzione_relazione"", ""evidence"": ""L'IA non può sostituire il rapporto educativo, l'empatia e la guida emotiva degli insegnanti"", ""reason"": ""L'IA non è in grado di replicare la relazione umana e l'empatia.""}]",0.95,La risposta elenca chiaramente sia vantaggi operativi e pedagogici sia rischi legati all'equità e alla relazione umana.
insegnanti_attuali_tano01.md,tano01,Insegnanti in servizio,insegnanti_in_servizio,9,"In base alla tua esperienza, quali sono i pro e i contro dell'uso dell'intelligenza artificiale nell'educazione?","come tutte le novità bisogna avere un approccio cauto, ma soprattutto saperla usare in modo adeguato, non deve sostituire il docente",misto,1,1,autonomia_organizzazione,riduzione_relazione,"[{""category"": ""autonomia_organizzazione"", ""evidence"": ""saperla usare in modo adeguato"", ""reason"": ""Il partecipante suggerisce che l'uso appropriato dell'IA è un vantaggio.""}]","[{""category"": ""riduzione_relazione"", ""evidence"": ""non deve sostituire il docente"", ""reason"": ""Il partecipante evidenzia il rischio di sostituire la figura del docente.""}]",0.9,La risposta contiene sia un beneficio (uso adeguato) sia un rischio (non sostituire il docente).
insegnanti_attuali_tano19.md,tano19,Insegnanti in servizio,insegnanti_in_servizio,3,"In base alla tua esperienza, quali sono i pro e i contro dell'uso dell'intelligenza artificiale nell'educazione?",può offrire nuove modalità d'insegnamento supportando nuove modalita' d'apprendimento ma i limiti di un corretto utilizzo sono tutti da definire e interiorizzare,nessuno,0,0,,,[],[],0.0,Nessuna classificazione valida restituita dal modello.
insegnanti_attuali_tano27.md,tano27,Insegnanti in servizio,insegnanti_in_servizio,3,"In base alla tua esperienza, quali sono i pro e i contro dell'uso dell'intelligenza artificiale nell'educazione?","Può essere molto utile per alcuni aspetti, soprattutto di praticità e risparmio di tempo, ma si perde l' approfondimento personale che ritengo indispensabile per la costruzione del nostro sapere e della nostra personalità.",misto,1,1,efficienza_tempo,delega_cognitiva,"[{""category"": ""efficienza_tempo"", ""evidence"": ""praticità e risparmio di tempo"", ""reason"": ""Il partecipante evidenzia il vantaggio operativo legato al risparmio di tempo.""}]","[{""category"": ""delega_cognitiva"", ""evidence"": ""si perde l' approfondimento personale"", ""reason"": ""Il partecipante segnala il rischio di perdita dell'approfondimento personale e della costruzione del sapere.""}]",0.9,La risposta elenca esplicitamente un pro (praticità/tempo) e un contro (perdita di approfondimento).
insegnanti_attuali_tano30.md,tano30,Insegnanti in servizio,insegnanti_in_servizio,3,"In base alla tua esperienza, quali sono i pro e i contro dell'uso dell'intelligenza artificiale nell'educazione?","Un vantaggio è che consentirebbe di creare percorsi di apprendimento ad hoc, mentre uno svantaggio è che  inciderebbe negativamente sulla creatività",misto,1,1,personalizzazione,creativita_coinvolgimento,"[{""category"": ""personalizzazione"", ""evidence"": ""creare percorsi di apprendimento ad hoc"", ""reason"": ""Il partecipante cita la capacità di adattare i percorsi di apprendimento alle esigenze specifiche.""}]","[{""category"": ""creativita_coinvolgimento"", ""evidence"": ""inciderebbe negativamente sulla creatività"", ""reason"": ""Il partecipante segnala un impatto negativo sulla creatività.""}]",1.0,La risposta elenca esplicitamente un vantaggio e uno svantaggio.
insegnanti_attuali_taro21.md,Taro21,Insegnanti in servizio,insegnanti_in_servizio,8,"In base alla tua esperienza, quali sono i pro e i contro dell'uso dell'intelligenza artificiale nell'educazione?",Aiuta ma rischia di appiattire l’apprendimento,nessuno,0,0,,,[],[],0.0,Nessuna classificazione valida restituita dal modello.
insegnanti_attuali_tese18.md,tese18,Insegnanti in servizio,insegnanti_in_servizio,1,"In base alla tua esperienza, quali sono i pro e i contro dell'uso dell'intelligenza artificiale nell'educazione?",Contro: essere dipendenti dall’AI anche nella quotidianità,solo_contro,0,1,,dipendenza,[],"[{""category"": ""dipendenza"", ""evidence"": ""essere dipendenti dall'AI anche nella quotidianità"", ""reason"": ""Il partecipante evidenzia il rischio di dipendenza dall'IA.""}]",1.0,La risposta contiene esclusivamente un contro.
insegnanti_attuali_tili17.md,Tili17,Insegnanti in servizio,insegnanti_in_servizio,2,"In base alla tua esperienza, quali sono i pro e i contro dell'uso dell'intelligenza artificiale nell'educazione?","L uso improprio dei mezzi tecnologici da parte dei ragazzi e la creazione di contenuti (verifiche, lezioni,....) impersonali e decontestualizzate",solo_contro,0,2,,personalizzazione|riduzione_relazione,[],"[{""category"": ""personalizzazione"", ""evidence"": ""creazione di contenuti (verifiche, lezioni,....) impersonali e decontestualizzate"", ""reason"": ""Il partecipante evidenzia il rischio di contenuti standardizzati che non rispettano il contesto specifico.""}, {""category"": ""riduzione_relazione"", ""evidence"": ""creazione di contenuti (verifiche, lezioni,....) impersonali"", ""reason"": ""L'uso dell'IA porta alla creazione di materiali privi di interazione umana e personalizzazione.""}]",0.9,La risposta elenca esclusivamente aspetti negativi legati all'impersonalità e alla decontestualizzazione dei contenuti.
insegnanti_attuali_tina06.md,tina06,Insegnanti in servizio,insegnanti_in_servizio,3,"In base alla tua esperienza, quali sono i pro e i contro dell'uso dell'intelligenza artificiale nell'educazione?",Aiuta ma non fà usare il cervello,nessuno,0,0,,,[],[],0.0,Nessuna classificazione valida restituita dal modello.
insegnanti_attuali_tini08.md,tini08,Insegnanti in servizio,insegnanti_in_servizio,3,"In base alla tua esperienza, quali sono i pro e i contro dell'uso dell'intelligenza artificiale nell'educazione?",Che si rischia di essere poco personale e molto artefatta,nessuno,0,0,,,[],[],0.0,Nessuna classificazione valida restituita dal modello.
insegnanti_attuali_tini08_2.md,Tini08,Insegnanti in servizio,insegnanti_in_servizio,3,"In base alla tua esperienza, quali sono i pro e i contro dell'uso dell'intelligenza artificiale nell'educazione?",Una scienza innovativa utile per la metodologia d'insegnamento,nessuno,0,0,,,[],[],0.0,Nessuna classificazione valida restituita dal modello.
insegnanti_attuali_tini20.md,Tini20,Insegnanti in servizio,insegnanti_in_servizio,8,"In base alla tua esperienza, quali sono i pro e i contro dell'uso dell'intelligenza artificiale nell'educazione?","I contro possono essere l’ abuso che ne fanno i ragazzi, come all’’ uso di AI per creare temi si italiano o relazioni, bloccando il processo creativo e sostituendo l’ elaborazione delle informazioni apprese",solo_contro,0,2,,delega_cognitiva|delega_cognitiva,[],"[{""category"": ""delega_cognitiva"", ""evidence"": ""creando temi si italiano o relazioni, bloccando il processo creativo"", ""reason"": ""Il partecipante evidenzia il blocco del processo creativo e la sostituzione dell'elaborazione delle informazioni.""}, {""category"": ""delega_cognitiva"", ""evidence"": ""sostituendo l’ elaborazione delle informazioni apprese"", ""reason"": ""Il partecipante segnala la sostituzione dell'elaborazione cognitiva da parte dell'utente.""}]",0.95,"La risposta elenca esclusivamente i contro dell'uso dell'IA, citando l'abuso e la delega cognitiva."
insegnanti_attuali_tini24.md,tini24,Insegnanti in servizio,insegnanti_in_servizio,8,"In base alla tua esperienza, quali sono i pro e i contro dell'uso dell'intelligenza artificiale nell'educazione?",Contro: Il primo di tutti è il non usarlo per copiare/barare Poi non deve spegnere il cervello di chi lo usa  Pro: fornisce nuovi idee e nuovi spunti di riflessione,nessuno,0,0,,,[],[],0.0,Nessuna classificazione valida restituita dal modello.
insegnanti_attuali_tino06.md,tino06,Insegnanti in servizio,insegnanti_in_servizio,9,"In base alla tua esperienza, quali sono i pro e i contro dell'uso dell'intelligenza artificiale nell'educazione?",Non la utilizzo,nessuno,0,0,,,[],[],1.0,"Il partecipante dichiara di non utilizzare l'IA, quindi non esprime né pro né contro."
insegnanti_attuali_tino19.md,Tino19,Insegnanti in servizio,insegnanti_in_servizio,3,"In base alla tua esperienza, quali sono i pro e i contro dell'uso dell'intelligenza artificiale nell'educazione?","Un pro è sicuramente la velocità di creare riassunti, immagini, risposte e informarsi. Un contro è che il cervello si impigrisce come quando usiamo la calcolatrice per le operazioni più elementari. Un altro è la poca ""umanità"" dei risultati e dei compiti svolti.",misto,1,2,produzione_materiali,delega_cognitiva|riduzione_relazione,"[{""category"": ""produzione_materiali"", ""evidence"": ""velocità di creare riassunti, immagini, risposte"", ""reason"": ""Il partecipante evidenzia la rapidità nella generazione di contenuti e informazioni.""}]","[{""category"": ""delega_cognitiva"", ""evidence"": ""il cervello si impigrisce come quando usiamo la calcolatrice"", ""reason"": ""Il partecipante segnala il rischio di atrofizzazione delle capacità cognitive autonome.""}, {""category"": ""riduzione_relazione"", ""evidence"": ""poca 'umanità' dei risultati e dei compiti svolti"", ""reason"": ""Il partecipante lamenta la mancanza di calore umano e autenticità nei prodotti generati.""}]",0.95,La risposta elenca esplicitamente un vantaggio operativo e due svantaggi legati alle capacità cognitive e relazionali.
insegnanti_attuali_tino25.md,tino25,Insegnanti in servizio,insegnanti_in_servizio,3,"In base alla tua esperienza, quali sono i pro e i contro dell'uso dell'intelligenza artificiale nell'educazione?",Non so.,nessuno,0,0,,,[],[],0.0,La risposta 'Non so' non espone né benefici né rischi specifici.
insegnanti_attuali_tino28.md,tino28,Insegnanti in servizio,insegnanti_in_servizio,9,"In base alla tua esperienza, quali sono i pro e i contro dell'uso dell'intelligenza artificiale nell'educazione?","I vantaggi vanno alla razionalizzazione, al risparmio di tempo , gli svantaggi possono essere la perdita dei posti di lavoro umani",misto,2,1,efficienza_tempo|efficienza_tempo,riduzione_relazione,"[{""category"": ""efficienza_tempo"", ""evidence"": ""razionalizzazione"", ""reason"": ""Il partecipante cita la razionalizzazione come vantaggio.""}, {""category"": ""efficienza_tempo"", ""evidence"": ""risparmio di tempo"", ""reason"": ""Il partecipante cita il risparmio di tempo come vantaggio.""}]","[{""category"": ""riduzione_relazione"", ""evidence"": ""perdita dei posti di lavoro umani"", ""reason"": ""Il partecipante indica la perdita di posti di lavoro come svantaggio.""}]",0.9,La risposta elenca sia pro che contro specifici.
insegnanti_attuali_tito07.md,tito07,Insegnanti in servizio,insegnanti_in_servizio,9,"In base alla tua esperienza, quali sono i pro e i contro dell'uso dell'intelligenza artificiale nell'educazione?",I pro sono tanti sia per il docente che per lo studente in quanto la didattica viene supportata molto dall'AI. I contro sono rappresentati dal fatto che alcuni studenti tendono a farsi aiutare troppo dall'AI nei compiti a  casa e pertanto non sempre si applicano a trovare una soluzione ai problemi da soli oppure a rielaborare un testo o a tradurlo senza l'aiuto dell'AI.,misto,1,1,supporto_comprensione,delega_cognitiva,"[{""category"": ""supporto_comprensione"", ""evidence"": ""la didattica viene supportata molto dall'AI"", ""reason"": ""Il partecipante indica che l'IA supporta la didattica per docenti e studenti.""}]","[{""category"": ""delega_cognitiva"", ""evidence"": ""alcuni studenti tendono a farsi aiutare troppo dall'AI nei compiti a casa e pertanto non sempre si applicano a trovare una soluzione ai problemi da soli"", ""reason"": ""Il partecipante segnala che l'eccessivo aiuto dell'IA impedisce lo sforzo autonomo nella risoluzione dei problemi.""}]",0.9,La risposta elenca esplicitamente sia un vantaggio ('pro') sia uno svantaggio ('contro').
insegnanti_attuali_tore26.md,tore26,Insegnanti in servizio,insegnanti_in_servizio,8,"In base alla tua esperienza, quali sono i pro e i contro dell'uso dell'intelligenza artificiale nell'educazione?",Pro: molte fonti disponibili - Contro: valutare attendibilità delle fonti,misto,1,1,ricerca_informazioni,affidabilita_errori,"[{""category"": ""ricerca_informazioni"", ""evidence"": ""molte fonti disponibili"", ""reason"": ""Il partecipante evidenzia la disponibilità di un'ampia quantità di informazioni.""}]","[{""category"": ""affidabilita_errori"", ""evidence"": ""valutare attendibilità delle fonti"", ""reason"": ""Il partecipante segnala la necessità di verificare l'affidabilità delle informazioni fornite.""}]",0.9,La risposta elenca esplicitamente un vantaggio (abbondanza di fonti) e uno svantaggio (necessità di verifica).
insegnanti_attuali_tori27.md,TORI27,Insegnanti in servizio,insegnanti_in_servizio,3,"In base alla tua esperienza, quali sono i pro e i contro dell'uso dell'intelligenza artificiale nell'educazione?",LA MIA ESPERIENZA E' SCARSA MA REPUTO CHE NON SIA NECESSARIA UN'INTELLIGENZA ARTIFICIALE NELL'EDUCAZIONE . RITENGO CHE L'EDUCAZIONE VA FORMATA CON IL PENSIERO CRITICO GESTITO DAL SOGGETTO E NON DA UN ARTIFICIO,nessuno,0,0,,,[],[],0.0,Nessuna classificazione valida restituita dal modello.
insegnanti_attuali_trin12.md,trin12,Insegnanti in servizio,insegnanti_in_servizio,3,"In base alla tua esperienza, quali sono i pro e i contro dell'uso dell'intelligenza artificiale nell'educazione?",Punti di forza: velocità nelle ricerche anche Punti di debolezza: non sempre le informazioni sono veritiere.,nessuno,0,0,,,[],[],0.0,Nessuna classificazione valida restituita dal modello.
insegnanti_attuali_turo.md,turo 16,Insegnanti in servizio,insegnanti_in_servizio,2,"In base alla tua esperienza, quali sono i pro e i contro dell'uso dell'intelligenza artificiale nell'educazione?","Può essere molto stimolante ma allo stesso tempo potrebbe essere utilizzata in modi non adeguati al contesto didattico, evitando agli studenti di sviluppare le loro capacità.",nessuno,0,0,,,[],[],0.0,Nessuna classificazione valida restituita dal modello.
insegnanti_attuali_ucci06.md,ucci06,Insegnanti in servizio,insegnanti_in_servizio,9,"In base alla tua esperienza, quali sono i pro e i contro dell'uso dell'intelligenza artificiale nell'educazione?",Bisogna ricontrollare tutto perché commette errori macroscopici,solo_contro,0,1,,affidabilita_errori,[],"[{""category"": ""affidabilita_errori"", ""evidence"": ""commette errori macroscopici"", ""reason"": ""Il partecipante evidenzia la presenza di errori significativi nell'output dell'IA.""}]",0.95,La risposta cita esclusivamente un rischio legato all'affidabilità dell'IA.
insegnanti_attuali_ucci13.md,ucci13,Insegnanti in servizio,insegnanti_in_servizio,3,"In base alla tua esperienza, quali sono i pro e i contro dell'uso dell'intelligenza artificiale nell'educazione?","I Pro sono il risparmio di tempo, la razionalizzazione, la progettazione di piani di lezione personalizzati che si adattano al ritmo e allo stile di apprendimento di ogni studente. I Contro sono la limitazione delle proprie capacità di sintesi ed elaborazione dei contenuti",misto,2,1,efficienza_tempo|personalizzazione,delega_cognitiva,"[{""category"": ""efficienza_tempo"", ""evidence"": ""risparmio di tempo"", ""reason"": ""Il partecipante cita il risparmio di tempo come vantaggio.""}, {""category"": ""personalizzazione"", ""evidence"": ""progettazione di piani di lezione personalizzati che si adattano al ritmo e allo stile di apprendimento di ogni studente"", ""reason"": ""Il partecipante evidenzia la capacità di adattare i piani di lezione allo studente.""}]","[{""category"": ""delega_cognitiva"", ""evidence"": ""limitazione delle proprie capacità di sintesi ed elaborazione dei contenuti"", ""reason"": ""Il partecipante segnala che l'uso dell'IA limita la capacità di sintesi e elaborazione personale.""}]",0.95,La risposta elenca chiaramente sia pro che contro specifici.
insegnanti_attuali_ucci19.md,ucci19,Insegnanti in servizio,insegnanti_in_servizio,3,"In base alla tua esperienza, quali sono i pro e i contro dell'uso dell'intelligenza artificiale nell'educazione?","L'I.A. può facilitare nello svolgimento di alcune attività, ma bisogna utilizzarla con parsimonia, in quanto non deve sostituire il cervello umano, il quale deve comunque tenersi in allenamento.",misto,1,2,efficienza_tempo,delega_cognitiva|dipendenza,"[{""category"": ""efficienza_tempo"", ""evidence"": ""facilitare nello svolgimento di alcune attività"", ""reason"": ""Il partecipante indica che l'IA facilita lo svolgimento di attività.""}]","[{""category"": ""delega_cognitiva"", ""evidence"": ""non deve sostituire il cervello umano"", ""reason"": ""Il partecipante avverte il rischio di sostituire il pensiero umano.""}, {""category"": ""dipendenza"", ""evidence"": ""il quale deve comunque tenersi in allenamento"", ""reason"": ""Il partecipante sottolinea la necessità di mantenere attivo il cervello umano.""}]",0.9,La risposta elenca un beneficio operativo e due rischi legati alla sostituzione del pensiero umano e alla necessità di allenamento.
insegnanti_attuali_ucci20.md,ucci20,Insegnanti in servizio,insegnanti_in_servizio,3,"In base alla tua esperienza, quali sono i pro e i contro dell'uso dell'intelligenza artificiale nell'educazione?","La delega, l'accesso ad informazioni immediate che non favoriscono il processo deduttivo che è alla base dell'apprendimento per tentativi ed errori.",misto,1,1,altro,delega_cognitiva,"[{""category"": ""altro"", ""evidence"": ""accesso ad informazioni immediate"", ""reason"": ""Il partecipante cita la rapidità di accesso alle informazioni come aspetto positivo.""}]","[{""category"": ""delega_cognitiva"", ""evidence"": ""La delega, l'accesso ad informazioni immediate che non favoriscono il processo deduttivo"", ""reason"": ""Il partecipante evidenzia come l'uso dell'IA favorisca la delega e ostacoli il processo deduttivo e l'apprendimento per tentativi ed errori.""}]",0.9,La risposta elenca sia un vantaggio (accesso immediato) sia uno svantaggio (delega e blocco del processo deduttivo).
insegnanti_attuali_udio01.md,UDIO01,Insegnanti in servizio,insegnanti_in_servizio,9,"In base alla tua esperienza, quali sono i pro e i contro dell'uso dell'intelligenza artificiale nell'educazione?",Potrebbe aiutare nella strutturazione di una lezione ma allo stesso tempo potrebbe essere utilizzato in modo errato.,misto,1,1,produzione_materiali,delega_cognitiva,"[{""category"": ""produzione_materiali"", ""evidence"": ""aiutare nella strutturazione di una lezione"", ""reason"": ""Il partecipante indica che l'IA può facilitare la creazione o organizzazione dei contenuti didattici.""}]","[{""category"": ""delega_cognitiva"", ""evidence"": ""potrebbe essere utilizzato in modo errato"", ""reason"": ""Il partecipante evidenzia il rischio di un utilizzo improprio che potrebbe portare a errori o a una gestione scorretta dello strumento.""}]",0.6,La risposta elenca un potenziale beneficio operativo e un rischio legato all'uso scorretto.
insegnanti_attuali_unicam96.md,Unicam96,Insegnanti in servizio,insegnanti_in_servizio,3,"In base alla tua esperienza, quali sono i pro e i contro dell'uso dell'intelligenza artificiale nell'educazione?",Pro: semplifica il lavoro da svolgere. Contro: riduce notevolmente la preparazione poichè semplifica lo studio da svolgere.,misto,1,1,efficienza_tempo,delega_cognitiva,"[{""category"": ""efficienza_tempo"", ""evidence"": ""semplifica il lavoro da svolgere"", ""reason"": ""Il partecipante indica che l'IA facilita e velocizza l'esecuzione dei compiti.""}]","[{""category"": ""delega_cognitiva"", ""evidence"": ""riduce notevolmente la preparazione poichè semplifica lo studio da svolgere"", ""reason"": ""Il partecipante evidenzia il rischio di una diminuzione dell'impegno nello studio e della preparazione.""}]",0.9,La risposta elenca esplicitamente un vantaggio ('semplifica il lavoro') e uno svantaggio ('riduce notevolmente la preparazione').
insegnanti_attuali_unni07.md,unni07,Insegnanti in servizio,insegnanti_in_servizio,3,"In base alla tua esperienza, quali sono i pro e i contro dell'uso dell'intelligenza artificiale nell'educazione?","I pro sono la velocità di ricerca e risposta immediata ad un quesito o domanda, i contro forse avere troppe risposte su tutto ed evitare il ragionamento personale per arrivare ad una risposta.",misto,2,2,ricerca_informazioni|efficienza_tempo,delega_cognitiva|delega_cognitiva,"[{""category"": ""ricerca_informazioni"", ""evidence"": ""velocità di ricerca"", ""reason"": ""Il partecipante evidenzia la rapidità nell'ottenere informazioni.""}, {""category"": ""efficienza_tempo"", ""evidence"": ""risposta immediata"", ""reason"": ""Il partecipante indica la celerità nella risposta a domande.""}]","[{""category"": ""delega_cognitiva"", ""evidence"": ""evitare il ragionamento personale"", ""reason"": ""Il partecipante segnala il rischio di non sviluppare il pensiero critico autonomo.""}, {""category"": ""delega_cognitiva"", ""evidence"": ""troppe risposte su tutto"", ""reason"": ""Il partecipante suggerisce che l'eccesso di risposte disponibili possa scoraggiare l'elaborazione personale.""}]",0.9,La risposta elenca esplicitamente sia vantaggi operativi (velocità) sia svantaggi cognitivi (mancanza di ragionamento personale).
insegnanti_attuali_uoli09.md,uoli09,Insegnanti in servizio,insegnanti_in_servizio,3,"In base alla tua esperienza, quali sono i pro e i contro dell'uso dell'intelligenza artificiale nell'educazione?","Può collaborare a creare contenuti sui quali poi si possa lavorare, immagini, reperire informazioni per iniziare una ricerca o uno studio.  Penso che però vada sempre supportata da studio e verifica delle informazioni. Temo si rischi di cadere nella passività e nella superficialità se non usata bene. Può creare contenuti superficiali e a basso livello alimentando pigrizia e ignoranza.",misto,1,2,produzione_materiali,delega_cognitiva|dipendenza,"[{""category"": ""produzione_materiali"", ""evidence"": ""Può collaborare a creare contenuti sui quali poi si possa lavorare, immagini, reperire informazioni per iniziare una ricerca o uno studio"", ""reason"": ""Il partecipante elenca la capacità dell'IA di generare contenuti, immagini e informazioni utili per avviare ricerche.""}]","[{""category"": ""delega_cognitiva"", ""evidence"": ""Temo si rischi di cadere nella passività e nella superficialità se non usata bene"", ""reason"": ""Il partecipante teme che l'uso non corretto porti a una passività e superficialità.""}, {""category"": ""dipendenza"", ""evidence"": ""Può creare contenuti superficiali e a basso livello alimentando pigrizia e ignoranza"", ""reason"": ""Il partecipante segnala il rischio di pigrizia e ignoranza derivanti da contenuti di basso livello.""}]",0.9,"La risposta esplicita sia vantaggi operativi (creazione contenuti) che rischi significativi (pigrizia, superficialità)."
insegnanti_attuali_uono16.md,UONO16,Insegnanti in servizio,insegnanti_in_servizio,3,"In base alla tua esperienza, quali sono i pro e i contro dell'uso dell'intelligenza artificiale nell'educazione?",Pro tanti. Contro tanti ma come tutte le tecnologie. Vanno gestite con consapevolezze e razionalità per essere comunque sempre noi ad indirizzarle.,misto,1,1,altro,altro,"[{""category"": ""altro"", ""evidence"": ""Pro tanti"", ""reason"": ""Il partecipante afferma genericamente che ci sono molti vantaggi.""}]","[{""category"": ""altro"", ""evidence"": ""Contro tanti"", ""reason"": ""Il partecipante afferma genericamente che ci sono molti svantaggi.""}]",0.6,"La risposta elenca genericamente pro e contro senza specificare dettagli, ma ne conferma l'esistenza."
insegnanti_attuali_urro18.md,Urro18,Insegnanti in servizio,insegnanti_in_servizio,9,"In base alla tua esperienza, quali sono i pro e i contro dell'uso dell'intelligenza artificiale nell'educazione?",Bisogna fare attenzione all’utilizzo e alla spiegazione di tali strumenti non sostituendo altre attività e competenze che vanno sviluppate,solo_contro,0,1,,delega_cognitiva,[],"[{""category"": ""delega_cognitiva"", ""evidence"": ""non sostituendo altre attività e competenze"", ""reason"": ""Il partecipante avverte il rischio di sostituire attività e competenze fondamentali con l'uso degli strumenti.""}]",0.9,La risposta evidenzia esclusivamente un avvertimento sui rischi di sostituzione delle competenze.
insegnanti_attuali_urzi15.md,urzi15,Insegnanti in servizio,insegnanti_in_servizio,3,"In base alla tua esperienza, quali sono i pro e i contro dell'uso dell'intelligenza artificiale nell'educazione?","Sicuramente, utilizzata per scopi specifici, l'IA può essere un valido supporto per via dell'immediatezza e del rapido riscontro. D'altra parte i nostri alunni non sono preparati ad un uso consapevole, usano l'IA per svolgere i compiti e per copiare senza premunirsi di comprendere i contenuti.",misto,1,1,efficienza_tempo,delega_cognitiva,"[{""category"": ""efficienza_tempo"", ""evidence"": ""immediatezza e del rapido riscontro"", ""reason"": ""Il partecipante evidenzia la rapidità e l'immediatezza come vantaggio.""}]","[{""category"": ""delega_cognitiva"", ""evidence"": ""usano l'IA per svolgere i compiti e per copiare senza premunirsi di comprendere i contenuti"", ""reason"": ""Il partecipante segnala il rischio di copia e mancanza di comprensione dei contenuti.""}]",0.95,La risposta elenca esplicitamente un pro (supporto immediato) e un contro (uso improprio/copia).
insegnanti_attuali_ussa14.md,ussa14,Insegnanti in servizio,insegnanti_in_servizio,3,"In base alla tua esperienza, quali sono i pro e i contro dell'uso dell'intelligenza artificiale nell'educazione?",Pro:  l'apprendimento personalizzato e coinvolgimento degli studenti; Contro: riduzione dell'interazione sia tra studenti che tra insegnanti e studenti; riduzione del pensiero creativo e del problem solving,misto,1,2,creativita_coinvolgimento,riduzione_relazione|creativita_coinvolgimento,"[{""category"": ""creativita_coinvolgimento"", ""evidence"": ""apprendimento personalizzato e coinvolgimento degli studenti"", ""reason"": ""Il partecipante cita l'apprendimento personalizzato e il coinvolgimento come benefici.""}]","[{""category"": ""riduzione_relazione"", ""evidence"": ""riduzione dell'interazione sia tra studenti che tra insegnanti e studenti"", ""reason"": ""Il partecipante segnala una diminuzione dell'interazione umana.""}, {""category"": ""creativita_coinvolgimento"", ""evidence"": ""riduzione del pensiero creativo e del problem solving"", ""reason"": ""Il partecipante indica un impatto negativo sulla creatività e sulla capacità di risolvere problemi.""}]",0.95,La risposta elenca esplicitamente sia pro che contro dell'uso dell'IA.
insegnanti_attuali_usso09.md,usso09,Insegnanti in servizio,insegnanti_in_servizio,8,"In base alla tua esperienza, quali sono i pro e i contro dell'uso dell'intelligenza artificiale nell'educazione?",A livello si strumento didattico non vedo contro. Non ho ancora esperienza a livello degli alievi.,solo_pro,1,0,affidabilita_errori,,"[{""category"": ""affidabilita_errori"", ""evidence"": ""non vedo contro"", ""reason"": ""Il partecipante esprime assenza di criticità, implicando un giudizio positivo o neutro sulla sicurezza dello strumento.""}]",[],0.9,"La risposta esplicita l'assenza di contro, indicando una percezione prevalentemente positiva o neutra."
insegnanti_attuali_uzzi07.md,Uzzi07,Insegnanti in servizio,insegnanti_in_servizio,3,"In base alla tua esperienza, quali sono i pro e i contro dell'uso dell'intelligenza artificiale nell'educazione?",Troppa dipendenza poca ricerca,nessuno,0,0,,,[],[],0.0,Nessuna classificazione valida restituita dal modello.
insegnanti_attuali_uzzi13.md,uzzi13,Insegnanti in servizio,insegnanti_in_servizio,9,"In base alla tua esperienza, quali sono i pro e i contro dell'uso dell'intelligenza artificiale nell'educazione?","I pro sono che si riescono ad ottenere facilmente molte informazioni in pochissimo tempo. I contro che le informazioni vanno sempre e comunque verificate e che queste spesso, non sono coerenti al 100%",misto,1,2,ricerca_informazioni,affidabilita_errori|affidabilita_errori,"[{""category"": ""ricerca_informazioni"", ""evidence"": ""si riescono ad ottenere facilmente molte informazioni in pochissimo tempo"", ""reason"": ""Il partecipante evidenzia la rapidità di accesso alle informazioni.""}]","[{""category"": ""affidabilita_errori"", ""evidence"": ""le informazioni vanno sempre e comunque verificate"", ""reason"": ""Il partecipante segnala la necessità di verifica a causa di possibili errori.""}, {""category"": ""affidabilita_errori"", ""evidence"": ""queste spesso, non sono coerenti al 100%"", ""reason"": ""Il partecipante indica una mancanza di coerenza o accuratezza nelle risposte.""}]",0.95,La risposta elenca esplicitamente un vantaggio (velocità) e due svantaggi (necessità di verifica e incoerenza).
insegnanti_attuali_vani22.md,vani22,Insegnanti in servizio,insegnanti_in_servizio,3,"In base alla tua esperienza, quali sono i pro e i contro dell'uso dell'intelligenza artificiale nell'educazione?",Garantisce servizi rapidi,nessuno,0,0,,,[],[],0.0,Nessuna classificazione valida restituita dal modello.
insegnanti_attuali_vari16.md,vari16,Insegnanti in servizio,insegnanti_in_servizio,8,"In base alla tua esperienza, quali sono i pro e i contro dell'uso dell'intelligenza artificiale nell'educazione?",I pro sono costituiti senza dubbio dall'enorme risorsa puntuale ed immediata a cui si può fare ricorso nelle situazioni più disparate. Il contro è il rischio di un'atrofizzazione del pensiero critico in favore di un troppo facile affidamento ad essa.,nessuno,0,0,,,[],[],0.0,Nessuna classificazione valida restituita dal modello.
insegnanti_attuali_vese28.md,vese28,Insegnanti in servizio,insegnanti_in_servizio,9,"In base alla tua esperienza, quali sono i pro e i contro dell'uso dell'intelligenza artificiale nell'educazione?",L'AI può essere un validissimo strumento che supporta la didattica se usato con criterio e con consapevolezza e sempre in modo critico. Il rischio è che si utilizzi per qualsiasi cosa cercando di vederla come un sostituto dello studio e della produzione personale.,misto,1,1,supporto_comprensione,delega_cognitiva,"[{""category"": ""supporto_comprensione"", ""evidence"": ""validissimo strumento che supporta la didattica"", ""reason"": ""Il partecipante definisce l'IA come uno strumento di supporto alla didattica.""}]","[{""category"": ""delega_cognitiva"", ""evidence"": ""cercando di vederla come un sostituto dello studio e della produzione personale"", ""reason"": ""Il partecipante evidenzia il rischio di sostituire lo studio e la produzione personale.""}]",0.9,La risposta elenca esplicitamente un vantaggio (supporto) e un rischio (sostituzione).
insegnanti_attuali_vigo15.md,vigo15,Insegnanti in servizio,insegnanti_in_servizio,3,"In base alla tua esperienza, quali sono i pro e i contro dell'uso dell'intelligenza artificiale nell'educazione?","Pro: curiosità di vedere all'opera sistemi artificiali Contro: possibilità di disabitudine degli studenti al lavoro autonomo, senza AI",nessuno,0,0,,,[],[],0.0,Nessuna classificazione valida restituita dal modello.
insegnanti_attuali_vina23.md,vina23,Insegnanti in servizio,insegnanti_in_servizio,3,"In base alla tua esperienza, quali sono i pro e i contro dell'uso dell'intelligenza artificiale nell'educazione?","Tra i pro creare contenuti accattivanti, semplificare la pianificazione di attività che richiederebbero tempi molto lunghi. Tra i contro la possibilità di affidarsi completamente all' AI a sfavore delle capacità individuali.",misto,2,1,produzione_materiali|autonomia_organizzazione,delega_cognitiva,"[{""category"": ""produzione_materiali"", ""evidence"": ""creare contenuti accattivanti"", ""reason"": ""Il partecipante cita la capacità di generare materiali interessanti.""}, {""category"": ""autonomia_organizzazione"", ""evidence"": ""semplificare la pianificazione di attività"", ""reason"": ""L'IA aiuta a gestire meglio l'organizzazione del lavoro.""}]","[{""category"": ""delega_cognitiva"", ""evidence"": ""affidarsi completamente all' AI a sfavore delle capacità individuali"", ""reason"": ""Il partecipante teme che l'eccessiva dipendenza dall'IA riduca le competenze personali.""}]",0.95,La risposta elenca chiaramente un vantaggio operativo e un rischio legato all'autonomia.
insegnanti_attuali_vini18.md,vini18,Insegnanti in servizio,insegnanti_in_servizio,6,"In base alla tua esperienza, quali sono i pro e i contro dell'uso dell'intelligenza artificiale nell'educazione?",Negli esercizi più complessi mi capita sempre di dover correggere l’applicazione di alcune formule (es: calcolo sul diametro e sul quantitativo di tubi da utilizzare in una distillazione con raffreddamento in controcorrente),solo_contro,0,1,,affidabilita_errori,[],"[{""category"": ""affidabilita_errori"", ""evidence"": ""mi capita sempre di dover correggere l'applicazione di alcune formule"", ""reason"": ""Il partecipante evidenzia la necessità di correggere errori nelle formule generate dall'IA.""}]",0.9,La risposta cita esclusivamente un rischio legato all'affidabilità e alla necessità di correzione.
insegnanti_attuali_vito02.md,vito02,Insegnanti in servizio,insegnanti_in_servizio,3,"In base alla tua esperienza, quali sono i pro e i contro dell'uso dell'intelligenza artificiale nell'educazione?",Accesso a tutte le informazioni.  Spersonalizzazione dei lavori,nessuno,0,0,,,[],[],0.0,Nessuna classificazione valida restituita dal modello.
insegnanti_attuali_vola24.md,Vola24,Insegnanti in servizio,insegnanti_in_servizio,3,"In base alla tua esperienza, quali sono i pro e i contro dell'uso dell'intelligenza artificiale nell'educazione?",Non lo so,nessuno,0,0,,,[],[],0.0,La risposta 'Non lo so' non espone né benefici né rischi specifici.
insegnanti_attuali_zani26.md,zani26,Insegnanti in servizio,insegnanti_in_servizio,9,"In base alla tua esperienza, quali sono i pro e i contro dell'uso dell'intelligenza artificiale nell'educazione?","Pro: diminuisce i tempi di creazione di supporti per gli studenti Contro: gli studenti possono trovarla una scorciatoia e non un ""in più""",misto,1,1,efficienza_tempo,delega_cognitiva,"[{""category"": ""efficienza_tempo"", ""evidence"": ""diminuisce i tempi di creazione di supporti per gli studenti"", ""reason"": ""Il partecipante evidenzia il vantaggio di una maggiore rapidità nella produzione di materiali didattici.""}]","[{""category"": ""delega_cognitiva"", ""evidence"": ""gli studenti possono trovarla una scorciatoia"", ""reason"": ""Il partecipante segnala il rischio che l'IA venga usata per evitare lo sforzo cognitivo invece di essere un supporto.""}]",0.95,La risposta elenca esplicitamente un pro e un contro.
insegnanti_attuali_zano05.md,zano05,Insegnanti in servizio,insegnanti_in_servizio,9,"In base alla tua esperienza, quali sono i pro e i contro dell'uso dell'intelligenza artificiale nell'educazione?",pro.IA aiuta a costruire prodotti utili per gli studenti. Contro: l'uso eccessivo e la correttezza non verificata può portare ad errori nell'apprendimento.,misto,1,1,produzione_materiali,affidabilita_errori,"[{""category"": ""produzione_materiali"", ""evidence"": ""aiuta a costruire prodotti utili per gli studenti"", ""reason"": ""Il partecipante evidenzia il vantaggio nella creazione di risorse didattiche.""}]","[{""category"": ""affidabilita_errori"", ""evidence"": ""l'uso eccessivo e la correttezza non verificata può portare ad errori nell'apprendimento"", ""reason"": ""Il partecipante segnala il rischio di diffusione di informazioni errate se non verificate.""}]",0.95,La risposta elenca esplicitamente un beneficio e un rischio specifico.
insegnanti_attuali_zano29.md,zano29,Insegnanti in servizio,insegnanti_in_servizio,9,"In base alla tua esperienza, quali sono i pro e i contro dell'uso dell'intelligenza artificiale nell'educazione?",Pro facilita la sintesi di contenuti contro non stimola il pensiero logico / deduttivo,misto,1,1,efficienza_tempo,delega_cognitiva,"[{""category"": ""efficienza_tempo"", ""evidence"": ""facilita la sintesi di contenuti"", ""reason"": ""L'IA velocizza il processo di sintesi dei materiali didattici.""}]","[{""category"": ""delega_cognitiva"", ""evidence"": ""non stimola il pensiero logico / deduttivo"", ""reason"": ""L'uso dell'IA rischia di bypassare l'esercizio del ragionamento logico e deduttivo.""}]",0.95,La risposta elenca esplicitamente un vantaggio (sintesi) e uno svantaggio (pensiero logico).
insegnanti_attuali_zoli01.md,zoli01,Insegnanti in servizio,insegnanti_in_servizio,3,"In base alla tua esperienza, quali sono i pro e i contro dell'uso dell'intelligenza artificiale nell'educazione?",In base alla mia esperienza potrebbe essere utile per reperire informazioni in modo più rapido ed efficace.,nessuno,0,0,,,[],[],0.0,Nessuna classificazione valida restituita dal modello.
insegnanti_attuali_zone05.md,Zone05,Insegnanti in servizio,insegnanti_in_servizio,9,"In base alla tua esperienza, quali sono i pro e i contro dell'uso dell'intelligenza artificiale nell'educazione?",Pro: alleggeriscono il lavoro di noi professori e possono supportare lo studio degli strumenti con dsa Contro: gli studenti ci si affidano troppo,misto,2,1,efficienza_tempo|accessibilita_inclusione,dipendenza,"[{""category"": ""efficienza_tempo"", ""evidence"": ""alleggeriscono il lavoro di noi professori"", ""reason"": ""Il partecipante indica che l'IA riduce il carico di lavoro per gli insegnanti.""}, {""category"": ""accessibilita_inclusione"", ""evidence"": ""supportare lo studio degli strumenti con dsa"", ""reason"": ""Il partecipante evidenzia il supporto offerto agli studenti con disturbi specifici dell'apprendimento.""}]","[{""category"": ""dipendenza"", ""evidence"": ""gli studenti ci si affidano troppo"", ""reason"": ""Il partecipante segnala il rischio di eccessiva dipendenza degli studenti dall'IA.""}]",0.95,La risposta elenca esplicitamente un vantaggio operativo/inclusivo e un rischio comportamentale.
insegnanti_attuali_zoni01.md,zoni01,Insegnanti in servizio,insegnanti_in_servizio,3,"In base alla tua esperienza, quali sono i pro e i contro dell'uso dell'intelligenza artificiale nell'educazione?","I pro potrebbero riguardare la velocità di esecuzione di un lavoro , contro il fatto che si faccia solo riferimento all IA senza utilizzare altri canali",misto,1,1,efficienza_tempo,dipendenza,"[{""category"": ""efficienza_tempo"", ""evidence"": ""velocità di esecuzione di un lavoro"", ""reason"": ""Il partecipante cita la rapidità come vantaggio operativo.""}]","[{""category"": ""dipendenza"", ""evidence"": ""si faccia solo riferimento all IA senza utilizzare altri canali"", ""reason"": ""Il partecipante evidenzia il rischio di un uso esclusivo dell'IA a discapito di altri strumenti.""}]",0.9,La risposta elenca esplicitamente un pro (velocità) e un contro (uso esclusivo).
insegnanti_attuali_zzei19.md,zzei19,Insegnanti in servizio,insegnanti_in_servizio,8,"In base alla tua esperienza, quali sono i pro e i contro dell'uso dell'intelligenza artificiale nell'educazione?",adulti poco preparati e studenti fuori controllo dei genitori ne abusano,nessuno,0,0,,,[],[],0.0,Nessuna classificazione valida restituita dal modello.
insegnanti_attuali_zzo26.md,zzo26,Insegnanti in servizio,insegnanti_in_servizio,3,"In base alla tua esperienza, quali sono i pro e i contro dell'uso dell'intelligenza artificiale nell'educazione?","Pro : velocità  delle informazioni , contro: alienazione mentale .",misto,1,1,efficienza_tempo,dipendenza,"[{""category"": ""efficienza_tempo"", ""evidence"": ""velocità delle informazioni"", ""reason"": ""Il partecipante cita la rapidità nell'accesso ai dati come vantaggio.""}]","[{""category"": ""dipendenza"", ""evidence"": ""alienazione mentale"", ""reason"": ""Il partecipante indica un rischio di distacco o dipendenza psicologica.""}]",0.9,La risposta elenca esplicitamente un pro e un contro.
insegnanti_futuri_acca02.md,ACCA02,Insegnanti pre-service,insegnanti_pre_service,9,"In base alla tua esperienza, quali sono i pro e i contro dell'uso dell'intelligenza artificiale nell'educazione?","i pro sono tantissimi, se usata nel modo corretto aiuta sia il docente che gli alunni, bisogna però saperla usare, quindi i contro purtroppo sono tanti, perchè semplifica anche troppo la vita degli studenti",misto,1,1,supporto_comprensione,delega_cognitiva,"[{""category"": ""supporto_comprensione"", ""evidence"": ""aiuta sia il docente che gli alunni"", ""reason"": ""Il partecipante indica che l'IA supporta sia i docenti che gli studenti.""}]","[{""category"": ""delega_cognitiva"", ""evidence"": ""semplifica anche troppo la vita degli studenti"", ""reason"": ""Il partecipante segnala che l'IA riduce lo sforzo cognitivo degli studenti semplificando eccessivamente il loro percorso.""}]",0.9,La risposta elenca esplicitamente sia i vantaggi ('pro') sia i svantaggi ('contro') dell'uso dell'IA.
insegnanti_futuri_affa02.md,affa02,Insegnanti pre-service,insegnanti_pre_service,2,"In base alla tua esperienza, quali sono i pro e i contro dell'uso dell'intelligenza artificiale nell'educazione?","Non sviluppa il pensiero critico, non acquisisci determinate capacità.  Pro: può essere utile per velocizzare i tempi",misto,1,1,efficienza_tempo,delega_cognitiva,"[{""category"": ""efficienza_tempo"", ""evidence"": ""velocizzare i tempi"", ""reason"": ""Il partecipante indica che l'IA può essere utile per velocizzare i tempi.""}]","[{""category"": ""delega_cognitiva"", ""evidence"": ""Non sviluppa il pensiero critico, non acquisisci determinate capacità"", ""reason"": ""Il partecipante segnala che l'uso dell'IA impedisce lo sviluppo del pensiero critico e l'acquisizione di capacità.""}]",0.9,La risposta elenca esplicitamente un vantaggio (velocità) e uno svantaggio (mancanza di pensiero critico).
insegnanti_futuri_agna12.md,AGNA12,Insegnanti pre-service,insegnanti_pre_service,3,"In base alla tua esperienza, quali sono i pro e i contro dell'uso dell'intelligenza artificiale nell'educazione?",Pro: Facilità di accesso e aiuto in alcuni campi. Contro: Facilità di accesso e utilizzo eccessivo che sostituisce il mettersi in gioco.,misto,2,2,accessibilita_inclusione|supporto_comprensione,dipendenza|riduzione_relazione,"[{""category"": ""accessibilita_inclusione"", ""evidence"": ""Facilità di accesso"", ""reason"": ""Il partecipante evidenzia la facilità con cui l'IA è raggiungibile.""}, {""category"": ""supporto_comprensione"", ""evidence"": ""aiuto in alcuni campi"", ""reason"": ""Il partecipante cita l'assistenza fornita dall'IA in specifiche aree.""}]","[{""category"": ""dipendenza"", ""evidence"": ""utilizzo eccessivo"", ""reason"": ""Il partecipante segnala il rischio di un uso sproporzionato dello strumento.""}, {""category"": ""riduzione_relazione"", ""evidence"": ""sostituisce il mettersi in gioco"", ""reason"": ""Il partecipante indica che l'uso dell'IA può sostituire l'impegno personale e l'interazione.""}]",0.9,La risposta elenca esplicitamente sia un vantaggio (facilità di accesso e aiuto) sia uno svantaggio (uso eccessivo e sostituzione dell'impegno).
insegnanti_futuri_aldi28.md,Aldi28,Insegnanti pre-service,insegnanti_pre_service,4,"In base alla tua esperienza, quali sono i pro e i contro dell'uso dell'intelligenza artificiale nell'educazione?",Pro: facilitazione del lavoro; contro: -,misto,1,0,efficienza_tempo,,"[{""category"": ""efficienza_tempo"", ""evidence"": ""facilitazione del lavoro"", ""reason"": ""Il partecipante indica che l'IA facilita il lavoro, suggerendo un vantaggio in termini di efficienza.""}]",[],0.9,La risposta elenca esplicitamente un pro e un contro (assente).
insegnanti_futuri_allo13.md,allo13,Insegnanti pre-service,insegnanti_pre_service,5,"In base alla tua esperienza, quali sono i pro e i contro dell'uso dell'intelligenza artificiale nell'educazione?",Vedo solo i pro,solo_pro,0,0,,,[],[],1.0,"Il partecipante dichiara di vedere solo i pro, indicando una percezione esclusivamente positiva dell'uso dell'IA."
insegnanti_futuri_also16.md,ALso16,Insegnanti pre-service,insegnanti_pre_service,3,"In base alla tua esperienza, quali sono i pro e i contro dell'uso dell'intelligenza artificiale nell'educazione?","Io credo che l'intelligenza artificiale sia utile per invogliare i ragazzi a studiare e a seguire la lezione,un contro è che possano utilizzarla troppo e quindi non fare più nulla da soli",misto,1,1,creativita_coinvolgimento,dipendenza,"[{""category"": ""creativita_coinvolgimento"", ""evidence"": ""utile per invogliare i ragazzi a studiare e a seguire la lezione"", ""reason"": ""Il partecipante cita l'IA come strumento per aumentare la motivazione e l'attenzione degli studenti.""}]","[{""category"": ""dipendenza"", ""evidence"": ""possano utilizzarla troppo e quindi non fare più nulla da soli"", ""reason"": ""Il partecipante evidenzia il rischio di un uso eccessivo che porta all'abbandono dell'autonomia.""}]",0.95,La risposta esplicita chiaramente un beneficio (coinvolgimento) e un rischio (dipendenza).
insegnanti_futuri_ani15.md,ANI15,Insegnanti pre-service,insegnanti_pre_service,3,"In base alla tua esperienza, quali sono i pro e i contro dell'uso dell'intelligenza artificiale nell'educazione?",Sono favorevole per ampliare concetti già sviluppati. Non ha controindicazioni.,solo_pro,1,0,creativita_coinvolgimento,,"[{""category"": ""creativita_coinvolgimento"", ""evidence"": ""ampliare concetti già sviluppati"", ""reason"": ""Il partecipante indica che l'IA permette di espandere e approfondire i concetti esistenti.""}]",[],0.9,La risposta esprime esplicitamente un favorevole e nega l'esistenza di controindicazioni.
insegnanti_futuri_anzi18.md,anzi18,Insegnanti pre-service,insegnanti_pre_service,9,"In base alla tua esperienza, quali sono i pro e i contro dell'uso dell'intelligenza artificiale nell'educazione?",Pro:  Velocità di ricerca e ottenimento delle informazione  Impoverimento intellettuale,misto,1,1,ricerca_informazioni,delega_cognitiva,"[{""category"": ""ricerca_informazioni"", ""evidence"": ""Velocità di ricerca e ottenimento delle informazione"", ""reason"": ""Il partecipante evidenzia la rapidità nell'acquisizione di dati come vantaggio.""}]","[{""category"": ""delega_cognitiva"", ""evidence"": ""Impoverimento intellettuale"", ""reason"": ""Il partecipante segnala il rischio di un peggioramento delle capacità intellettuali.""}]",0.95,La risposta elenca esplicitamente un pro e un contro.
insegnanti_futuri_ardi11.md,ardi11,Insegnanti pre-service,insegnanti_pre_service,3,"In base alla tua esperienza, quali sono i pro e i contro dell'uso dell'intelligenza artificiale nell'educazione?","I pro: facilitare la produzione di ricerche, di studio. Contro: eliminare alcune funzioni della mente umana come il ragionamento",misto,1,1,produzione_materiali,delega_cognitiva,"[{""category"": ""produzione_materiali"", ""evidence"": ""facilitare la produzione di ricerche, di studio"", ""reason"": ""Il partecipante cita la facilitazione nella creazione di materiale didattico e di ricerca come vantaggio.""}]","[{""category"": ""delega_cognitiva"", ""evidence"": ""eliminare alcune funzioni della mente umana come il ragionamento"", ""reason"": ""Il partecipante evidenzia il rischio di perdita delle capacità cognitive autonome.""}]",0.9,La risposta elenca esplicitamente un pro e un contro.
insegnanti_futuri_aria13.md,Aria13,Insegnanti pre-service,insegnanti_pre_service,8,"In base alla tua esperienza, quali sono i pro e i contro dell'uso dell'intelligenza artificiale nell'educazione?",Dipende se sei tu a trascinare l'IA oppure il contrario,nessuno,0,0,,,[],[],0.0,La risposta è una frase generica che non elenca né pro né contro specifici.
insegnanti_futuri_arta20.md,arta20,Insegnanti pre-service,insegnanti_pre_service,2,"In base alla tua esperienza, quali sono i pro e i contro dell'uso dell'intelligenza artificiale nell'educazione?",Utilizzo inappropriato da parte degli studenti,nessuno,0,0,,,[],[],0.0,Nessuna classificazione valida restituita dal modello.
insegnanti_futuri_bello20.md,Bello20,Insegnanti pre-service,insegnanti_pre_service,9,"In base alla tua esperienza, quali sono i pro e i contro dell'uso dell'intelligenza artificiale nell'educazione?","I pro sono trovare informazioni in tempi brevi, i contro che può non esserci una rielaborazione dei dati e quindi una non acquisizione.",misto,1,1,ricerca_informazioni,delega_cognitiva,"[{""category"": ""ricerca_informazioni"", ""evidence"": ""trovare informazioni in tempi brevi"", ""reason"": ""Il partecipante evidenzia la rapidità nell'accesso alle informazioni come vantaggio.""}]","[{""category"": ""delega_cognitiva"", ""evidence"": ""non esserci una rielaborazione dei dati e quindi una non acquisizione"", ""reason"": ""Il partecipante segnala il rischio di non elaborare i contenuti, impedendo l'apprendimento.""}]",0.9,La risposta elenca esplicitamente un pro e un contro.
insegnanti_futuri_boli14.md,BOLI14,Insegnanti pre-service,insegnanti_pre_service,3,"In base alla tua esperienza, quali sono i pro e i contro dell'uso dell'intelligenza artificiale nell'educazione?",Contro: Rischio di non utilizzare l’impegno nello  studio-  Pro: stimolare uso di nuovi strumenti,misto,1,1,creativita_coinvolgimento,dipendenza,"[{""category"": ""creativita_coinvolgimento"", ""evidence"": ""stimolare uso di nuovi strumenti"", ""reason"": ""Il partecipante indica che l'IA favorisce l'adozione di nuovi strumenti, implicando un potenziale aumento della creatività e dell'engagement.""}]","[{""category"": ""dipendenza"", ""evidence"": ""Rischio di non utilizzare l’impegno nello studio"", ""reason"": ""Il partecipante evidenzia il rischio che l'uso dell'IA porti a una riduzione dell'impegno personale nello studio.""}]",0.9,La risposta elenca esplicitamente sia un pro che un contro.
insegnanti_futuri_bone16.md,Bone16,Insegnanti pre-service,insegnanti_pre_service,2,"In base alla tua esperienza, quali sono i pro e i contro dell'uso dell'intelligenza artificiale nell'educazione?",Utilizzo superficiale da parte dei ragazzi e mancanza di motivazione e stimoli degli insegnanti nella preparazione delle lezioni,nessuno,0,0,,,[],[],0.0,Nessuna classificazione valida restituita dal modello.
insegnanti_futuri_buri03.md,Buri03,Insegnanti pre-service,insegnanti_pre_service,3,"In base alla tua esperienza, quali sono i pro e i contro dell'uso dell'intelligenza artificiale nell'educazione?",Non ho esperienza in merito,nessuno,0,0,,,[],[],1.0,"Il partecipante dichiara esplicitamente di non avere esperienza in merito, rendendo impossibile l'identificazione di pro o contro."
insegnanti_futuri_cara23.md,Cara23,Insegnanti pre-service,insegnanti_pre_service,3,"In base alla tua esperienza, quali sono i pro e i contro dell'uso dell'intelligenza artificiale nell'educazione?",A b x,nessuno,0,0,,,[],[],1.0,"La risposta non contiene alcuna informazione sostanziale, limitandosi a una sigla ('A b x') che non permette di identificare pro o contro."
insegnanti_futuri_cato20.md,Cato20,Insegnanti pre-service,insegnanti_pre_service,3,"In base alla tua esperienza, quali sono i pro e i contro dell'uso dell'intelligenza artificiale nell'educazione?","L'intelligenza artificiale nella maggior parte delle situazioni può essere utile per facilitare qualsiasi lavoro,ma non deve sostituirsi del tutto alla mente e al lavoro umano",misto,1,1,efficienza_tempo,delega_cognitiva,"[{""category"": ""efficienza_tempo"", ""evidence"": ""facilitare qualsiasi lavoro"", ""reason"": ""Il partecipante indica che l'IA facilita il lavoro, implicando un vantaggio di efficienza.""}]","[{""category"": ""delega_cognitiva"", ""evidence"": ""non deve sostituirsi del tutto alla mente e al lavoro umano"", ""reason"": ""Il partecipante avverte il rischio di sostituzione della mente umana, indicando una perdita di autonomia cognitiva.""}]",0.9,La risposta elenca esplicitamente un beneficio ('facilitare') e un rischio ('non deve sostituirsi').
insegnanti_futuri_cchi07.md,cchi07,Insegnanti pre-service,insegnanti_pre_service,3,"In base alla tua esperienza, quali sono i pro e i contro dell'uso dell'intelligenza artificiale nell'educazione?",L'intelligenza artificiale sarà sempre più presente sia nella didattica scolastica sia nella vita quotidiana. Sono contro all'utilizzo continuo e sono favorevole perché agevola molto il lavoro e lo studio.,nessuno,0,0,,,[],[],0.0,Nessuna classificazione valida restituita dal modello.
insegnanti_futuri_cino-09-07-1968.md,Cino 09/07/1968,Insegnanti pre-service,insegnanti_pre_service,3,"In base alla tua esperienza, quali sono i pro e i contro dell'uso dell'intelligenza artificiale nell'educazione?",Non ne ho avuta,nessuno,0,0,,,[],[],1.0,"Il partecipante dichiara di non avere esperienza sull'argomento, rendendo impossibile identificare pro o contro."
insegnanti_futuri_colo01.md,colo01,Insegnanti pre-service,insegnanti_pre_service,3,"In base alla tua esperienza, quali sono i pro e i contro dell'uso dell'intelligenza artificiale nell'educazione?",Pro velocità di apprendimento. Contro poca volontà di apprendimento,misto,1,1,efficienza_tempo,dipendenza,"[{""category"": ""efficienza_tempo"", ""evidence"": ""velocità di apprendimento"", ""reason"": ""Il partecipante cita la rapidità come vantaggio.""}]","[{""category"": ""dipendenza"", ""evidence"": ""poca volontà di apprendimento"", ""reason"": ""Il partecipante indica una riduzione della motivazione o volontà a imparare.""}]",0.9,La risposta elenca esplicitamente un pro e un contro.
insegnanti_futuri_daqu04.md,Daqu04,Insegnanti pre-service,insegnanti_pre_service,3,"In base alla tua esperienza, quali sono i pro e i contro dell'uso dell'intelligenza artificiale nell'educazione?",Pro aiuta soprattutto in caso di disabilità o fragilità nell'apprendimento. Può creare dipendenza,nessuno,0,0,,,[],[],0.0,Nessuna classificazione valida restituita dal modello.
insegnanti_futuri_dema16.md,dema16,Insegnanti pre-service,insegnanti_pre_service,3,"In base alla tua esperienza, quali sono i pro e i contro dell'uso dell'intelligenza artificiale nell'educazione?","Sicuramente L'IA darebbe accesso ad una mole di informazioni e di applicazione e comunicazione di esse notevolmente più ampie. Semplificherebbe il lavoro di ricerca, lasciando più tempo alla messa in pratica della messa in pratica dell'attività educativa. Di contro , credo possa livellare troppo il processo educativo.",misto,2,1,ricerca_informazioni|efficienza_tempo,standardizzazione,"[{""category"": ""ricerca_informazioni"", ""evidence"": ""accesso ad una mole di informazioni e di applicazione e comunicazione di esse notevolmente più ampie"", ""reason"": ""Il partecipante evidenzia l'espansione delle risorse informative disponibili.""}, {""category"": ""efficienza_tempo"", ""evidence"": ""Semplificherebbe il lavoro di ricerca, lasciando più tempo alla messa in pratica dell'attività educativa"", ""reason"": ""Il partecipante indica che l'IA riduce il tempo dedicato alla ricerca, liberando tempo per la pratica educativa.""}]","[{""category"": ""standardizzazione"", ""evidence"": ""livellare troppo il processo educativo"", ""reason"": ""Il partecipante teme che l'IA omogeneizzi eccessivamente il percorso educativo, riducendo la diversità.""}]",0.9,"La risposta elenca chiaramente sia vantaggi (accesso informazioni, risparmio tempo) sia svantaggi (livellamento processo)."
insegnanti_futuri_deni17.md,Deni17,Insegnanti pre-service,insegnanti_pre_service,2,"In base alla tua esperienza, quali sono i pro e i contro dell'uso dell'intelligenza artificiale nell'educazione?","Pro perché aiuta moltissimo, ma è fondamentale la verifica delle info e la mediazione dei docenti",nessuno,0,0,,,[],[],0.0,Nessuna classificazione valida restituita dal modello.
insegnanti_futuri_dini06.md,dini06,Insegnanti pre-service,insegnanti_pre_service,3,"In base alla tua esperienza, quali sono i pro e i contro dell'uso dell'intelligenza artificiale nell'educazione?","Ho poca esperienza in merito. Il mio pensiero è che un rapporto educativo si basi sulla relazione, di conseguenza l'IA può/deve essere solo uno strumento e non un motus oprendi",solo_contro,0,1,,riduzione_relazione,[],"[{""category"": ""riduzione_relazione"", ""evidence"": ""un rapporto educativo si basi sulla relazione"", ""reason"": ""Il partecipante sottolinea che l'IA non può sostituire la relazione umana fondamentale nell'educazione.""}]",0.9,"La risposta esprime un limite principale (la relazione) e definisce l'IA come strumento subordinato, senza citare benefici."
insegnanti_futuri_dosa17.md,Dosa17,Insegnanti pre-service,insegnanti_pre_service,2,"In base alla tua esperienza, quali sono i pro e i contro dell'uso dell'intelligenza artificiale nell'educazione?",Non lo so perché non insegno,nessuno,0,0,,,[],[],0.9,Il partecipante dichiara di non avere esperienza diretta sull'argomento.
insegnanti_futuri_ecca04.md,ecca04,Insegnanti pre-service,insegnanti_pre_service,3,"In base alla tua esperienza, quali sono i pro e i contro dell'uso dell'intelligenza artificiale nell'educazione?",Non ho ancora esperienza diretta nell’insegnamento per poter rispondere,nessuno,0,0,,,[],[],1.0,"Il partecipante dichiara di non avere esperienza diretta per rispondere, quindi non esprime né pro né contro."
insegnanti_futuri_elis07.md,Elis07,Insegnanti pre-service,insegnanti_pre_service,3,"In base alla tua esperienza, quali sono i pro e i contro dell'uso dell'intelligenza artificiale nell'educazione?","Il vaglio critico dell'essere umano è imprescindibile soprattutto in relazione alla componente emotiva, in relazione alla creatività umana che è ben diversa da quella generata dall'intelligenza artificiale, in relazione alla creazione di una relazione educativa autentica, in relazione al feedback che può fare un insegnante e anche in qualità di adulto di riferimento",nessuno,0,0,,,[],[],0.0,Nessuna classificazione valida restituita dal modello.
insegnanti_futuri_elli07.md,elli07,Insegnanti pre-service,insegnanti_pre_service,3,"In base alla tua esperienza, quali sono i pro e i contro dell'uso dell'intelligenza artificiale nell'educazione?",Credo che l’IA sia molto utile nella progettazione didattica e molto meno nella valutazione,nessuno,0,0,,,[],[],0.0,Nessuna classificazione valida restituita dal modello.
insegnanti_futuri_elli26.md,ELLI26,Insegnanti pre-service,insegnanti_pre_service,3,"In base alla tua esperienza, quali sono i pro e i contro dell'uso dell'intelligenza artificiale nell'educazione?","I pro sono: risparmio di tempo, facilitare l’accesso alle informazioni  può rendere meglio accessibile l’istruzione degli studenti disabili  I contro sono: Affidarsi eccessivamente all’intelligenza artificiale nel campo della formazione potrebbe portare a una riduzione delle interazioni tra studenti e insegnanti e a una minore opportunità di apprendimento pratico;",misto,3,2,efficienza_tempo|ricerca_informazioni|accessibilita_inclusione,riduzione_relazione|delega_cognitiva,"[{""category"": ""efficienza_tempo"", ""evidence"": ""risparmio di tempo"", ""reason"": ""Il partecipante cita il risparmio di tempo come vantaggio.""}, {""category"": ""ricerca_informazioni"", ""evidence"": ""facilitare l'accesso alle informazioni"", ""reason"": ""Il partecipante indica che l'IA facilita l'accesso alle informazioni.""}, {""category"": ""accessibilita_inclusione"", ""evidence"": ""può rendere meglio accessibile l'istruzione degli studenti disabili"", ""reason"": ""Il partecipante evidenzia il beneficio per l'inclusione degli studenti disabili.""}]","[{""category"": ""riduzione_relazione"", ""evidence"": ""riduzione delle interazioni tra studenti e insegnanti"", ""reason"": ""Il partecipante segnala che l'eccessivo affidamento riduce le interazioni umane.""}, {""category"": ""delega_cognitiva"", ""evidence"": ""minore opportunità di apprendimento pratico"", ""reason"": ""Il partecipante collega la riduzione delle interazioni a una minore opportunità di apprendimento pratico.""}]",0.95,La risposta elenca chiaramente tre benefici e due rischi specifici.
insegnanti_futuri_ente12.md,Ente12,Insegnanti pre-service,insegnanti_pre_service,9,"In base alla tua esperienza, quali sono i pro e i contro dell'uso dell'intelligenza artificiale nell'educazione?",Pro facilità il lavoro contro facilita gli studenti con effetti negativi,misto,1,1,efficienza_tempo,delega_cognitiva,"[{""category"": ""efficienza_tempo"", ""evidence"": ""Pro facilità il lavoro"", ""reason"": ""Il partecipante indica che l'IA facilita il lavoro, suggerendo un vantaggio in termini di efficienza o semplificazione operativa.""}]","[{""category"": ""delega_cognitiva"", ""evidence"": ""contro facilita gli studenti con effetti negativi"", ""reason"": ""Il partecipante segnala che l'IA facilita gli studenti ma con 'effetti negativi', interpretati come un rischio di delega cognitiva o dipendenza.""}]",0.9,La risposta elenca esplicitamente un pro ('facilità il lavoro') e un contro ('effetti negativi').
insegnanti_futuri_ento19.md,Ento19,Insegnanti pre-service,insegnanti_pre_service,2,"In base alla tua esperienza, quali sono i pro e i contro dell'uso dell'intelligenza artificiale nell'educazione?",Ridurre la capacità di pensiero degli alunni,nessuno,0,0,,,[],[],0.0,Nessuna classificazione valida restituita dal modello.
insegnanti_futuri_eone18.md,eone18,Insegnanti pre-service,insegnanti_pre_service,9,"In base alla tua esperienza, quali sono i pro e i contro dell'uso dell'intelligenza artificiale nell'educazione?",La velocità e l'errore,misto,1,1,efficienza_tempo,affidabilita_errori,"[{""category"": ""efficienza_tempo"", ""evidence"": ""velocità"", ""reason"": ""Il partecipante cita la velocità come vantaggio.""}]","[{""category"": ""affidabilita_errori"", ""evidence"": ""errore"", ""reason"": ""Il partecipante cita l'errore come svantaggio.""}]",0.9,La risposta elenca esplicitamente un pro (velocità) e un contro (errore).
insegnanti_futuri_eres08.md,eres08,Insegnanti pre-service,insegnanti_pre_service,3,"In base alla tua esperienza, quali sono i pro e i contro dell'uso dell'intelligenza artificiale nell'educazione?",Progettazione più rapida e interdisciplinare,nessuno,0,0,,,[],[],0.0,Nessuna classificazione valida restituita dal modello.
insegnanti_futuri_erlo23.md,Erlo23,Insegnanti pre-service,insegnanti_pre_service,9,"In base alla tua esperienza, quali sono i pro e i contro dell'uso dell'intelligenza artificiale nell'educazione?",Dipende dal docente,nessuno,0,0,,,[],[],0.0,La risposta è generica e non elenca benefici o rischi specifici.
insegnanti_futuri_erna24.md,erna24,Insegnanti pre-service,insegnanti_pre_service,2,"In base alla tua esperienza, quali sono i pro e i contro dell'uso dell'intelligenza artificiale nell'educazione?","Utile per raccogliere informazioni, fare ricerche ecc...bisogna controllare le risposte per non incorrere in errori, conoscere come comunicare i prompt è fondamentale per non ricevere risposte falsate",misto,1,2,ricerca_informazioni,affidabilita_errori|delega_cognitiva,"[{""category"": ""ricerca_informazioni"", ""evidence"": ""utile per raccogliere informazioni, fare ricerche ecc..."", ""reason"": ""Il partecipante evidenzia l'utilità dell'IA nel supporto alla raccolta dati e alla ricerca.""}]","[{""category"": ""affidabilita_errori"", ""evidence"": ""bisogna controllare le risposte per non incorrere in errori"", ""reason"": ""Il partecipante segnala la necessità di verifica per evitare risposte errate.""}, {""category"": ""delega_cognitiva"", ""evidence"": ""conoscere come comunicare i prompt è fondamentale per non ricevere risposte falsate"", ""reason"": ""Il partecipante sottolinea il rischio di risposte non accurate se non si gestisce correttamente l'interazione.""}]",0.9,La risposta elenca sia un beneficio operativo (ricerca) sia rischi legati all'affidabilità e alla gestione dell'interazione.
insegnanti_futuri_erti16.md,erti16,Insegnanti pre-service,insegnanti_pre_service,8,"In base alla tua esperienza, quali sono i pro e i contro dell'uso dell'intelligenza artificiale nell'educazione?",Non ho mai insegnato.,nessuno,0,0,,,[],[],0.0,Nessuna classificazione valida restituita dal modello.
insegnanti_futuri_etti10.md,Etti10,Insegnanti pre-service,insegnanti_pre_service,3,"In base alla tua esperienza, quali sono i pro e i contro dell'uso dell'intelligenza artificiale nell'educazione?",Non l ho usata,nessuno,0,0,,,[],[],1.0,"Il partecipante dichiara di non aver mai utilizzato l'IA, quindi non può esprimere pro o contro basati sull'esperienza diretta."
insegnanti_futuri_faro01.md,FARO01,Insegnanti pre-service,insegnanti_pre_service,3,"In base alla tua esperienza, quali sono i pro e i contro dell'uso dell'intelligenza artificiale nell'educazione?",Tra i pro si può pensare la scoperta e l'importanza che l'intelligenza artificiale riveste nella vista di ognuno di noi. Tra i contro l'uso improprio che ne potrebbe derivare.,misto,1,1,creativita_coinvolgimento,delega_cognitiva,"[{""category"": ""creativita_coinvolgimento"", ""evidence"": ""scoperta e l'importanza che l'intelligenza artificiale riveste"", ""reason"": ""Il partecipante evidenzia il valore positivo della scoperta e dell'importanza dell'IA per gli individui.""}]","[{""category"": ""delega_cognitiva"", ""evidence"": ""uso improprio che ne potrebbe derivare"", ""reason"": ""Il partecipante segnala il rischio legato a un utilizzo scorretto dell'IA.""}]",0.7,La risposta elenca sia un aspetto positivo (scoperta/importanza) sia un aspetto negativo (uso improprio).
insegnanti_futuri_fini10.md,Fini10,Insegnanti pre-service,insegnanti_pre_service,3,"In base alla tua esperienza, quali sono i pro e i contro dell'uso dell'intelligenza artificiale nell'educazione?",Agevolare determinati processi i contro diminuire la produzione e creatività,misto,1,1,efficienza_tempo,creativita_coinvolgimento,"[{""category"": ""efficienza_tempo"", ""evidence"": ""Agevolare determinati processi"", ""reason"": ""Il partecipante indica che l'IA facilita o velocizza specifici processi.""}]","[{""category"": ""creativita_coinvolgimento"", ""evidence"": ""diminuire la produzione e creatività"", ""reason"": ""Il partecipante segnala un rischio di riduzione della creatività e della produzione.""}]",0.9,La risposta elenca esplicitamente un vantaggio ('Agevolare') e uno svantaggio ('diminuire').
insegnanti_futuri_garo04.md,Garo04,Insegnanti pre-service,insegnanti_pre_service,9,"In base alla tua esperienza, quali sono i pro e i contro dell'uso dell'intelligenza artificiale nell'educazione?",Gli studenti copiano,solo_contro,0,1,,plagio_autorialita,[],"[{""category"": ""plagio_autorialita"", ""evidence"": ""Gli studenti copiano"", ""reason"": ""Il partecipante evidenzia il rischio di plagio e mancanza di originalità.""}]",1.0,La risposta menziona esclusivamente un aspetto negativo (copiare).
insegnanti_futuri_glia03.md,Glia03,Insegnanti pre-service,insegnanti_pre_service,3,"In base alla tua esperienza, quali sono i pro e i contro dell'uso dell'intelligenza artificiale nell'educazione?",Non ho esperienza a riguardo,nessuno,0,0,,,[],[],1.0,"Il partecipante dichiara esplicitamente di non avere esperienza a riguardo, rendendo impossibile l'identificazione di pro o contro."
insegnanti_futuri_hini07.md,Hini07,Insegnanti pre-service,insegnanti_pre_service,2,"In base alla tua esperienza, quali sono i pro e i contro dell'uso dell'intelligenza artificiale nell'educazione?","Apprendimento personalizzato e un concreto aiuto per studenti con difficoltà  Rischio di una ridotta motivazione, perdita di creatività e dipendenza tecnologica",nessuno,0,0,,,[],[],0.0,Nessuna classificazione valida restituita dal modello.
insegnanti_futuri_iali12.md,Iali12,Insegnanti pre-service,insegnanti_pre_service,3,"In base alla tua esperienza, quali sono i pro e i contro dell'uso dell'intelligenza artificiale nell'educazione?",I contro sicuramente l’utilizzo sbagliato che porta i ragazzi a pensare di far svolgere un lavoro dall’IA al posto loro e quindi fare un copia-incolla non verificando poi la veridicità delle informazioni. I pro un grande aiuto a livello di tempo.,misto,1,1,efficienza_tempo,delega_cognitiva,"[{""category"": ""efficienza_tempo"", ""evidence"": ""un grande aiuto a livello di tempo"", ""reason"": ""Il partecipante cita il risparmio di tempo come vantaggio.""}]","[{""category"": ""delega_cognitiva"", ""evidence"": ""far svolgere un lavoro dall'IA al posto loro"", ""reason"": ""Il partecipante evidenzia il rischio di delegare il lavoro intellettuale all'IA senza verifica.""}]",0.95,La risposta elenca esplicitamente un pro (tempo) e un contro (uso sbagliato/delega).
insegnanti_futuri_iano06.md,iano06,Insegnanti pre-service,insegnanti_pre_service,3,"In base alla tua esperienza, quali sono i pro e i contro dell'uso dell'intelligenza artificiale nell'educazione?","Pro: penso sia utile per dare dei suggerimenti, per espandere la propria rete di conoscenza riguardo un argomento Contro: diminuzione dell'originalità e del lavoro di ricerca personale dello studente",misto,1,2,ricerca_informazioni,creativita_coinvolgimento|autonomia_organizzazione,"[{""category"": ""ricerca_informazioni"", ""evidence"": ""utile per dare dei suggerimenti, per espandere la propria rete di conoscenza riguardo un argomento"", ""reason"": ""Il partecipante evidenzia l'utilità dell'IA nell'espandere la conoscenza e fornire suggerimenti.""}]","[{""category"": ""creativita_coinvolgimento"", ""evidence"": ""diminuzione dell'originalità"", ""reason"": ""Il partecipante segnala che l'uso dell'IA riduce l'originalità.""}, {""category"": ""autonomia_organizzazione"", ""evidence"": ""diminuzione del lavoro di ricerca personale dello studente"", ""reason"": ""Il partecipante indica una riduzione del lavoro di ricerca personale.""}]",0.95,La risposta elenca esplicitamente un pro (espansione conoscenza) e due contro (riduzione originalità e ricerca personale).
insegnanti_futuri_iano11.md,iano11,Insegnanti pre-service,insegnanti_pre_service,3,"In base alla tua esperienza, quali sono i pro e i contro dell'uso dell'intelligenza artificiale nell'educazione?","Sicuramente riduce i tempi per portare a termine un lavoro, ma purtroppo il suo utilizzo disabitua i ragazzi ad impegnarsi e ad utilizzare alcune capacità cognizione",misto,1,1,efficienza_tempo,delega_cognitiva,"[{""category"": ""efficienza_tempo"", ""evidence"": ""riduce i tempi per portare a termine un lavoro"", ""reason"": ""Il partecipante evidenzia la riduzione dei tempi di esecuzione come vantaggio.""}]","[{""category"": ""delega_cognitiva"", ""evidence"": ""disabitua i ragazzi ad impegnarsi e ad utilizzare alcune capacità cognizione"", ""reason"": ""Il partecipante segnala il rischio di perdita di impegno e capacità cognitive autonome.""}]",0.95,La risposta elenca esplicitamente un beneficio (tempo) e un rischio (capacità cognitive).
insegnanti_futuri_ifra19.md,ifra19,Insegnanti pre-service,insegnanti_pre_service,3,"In base alla tua esperienza, quali sono i pro e i contro dell'uso dell'intelligenza artificiale nell'educazione?",Pro che potrebbe aiutare chi ha svantaggio socio culturale Contro il troppo uso potrebbe creare dipendenza dall'IA,misto,1,1,accessibilita_inclusione,dipendenza,"[{""category"": ""accessibilita_inclusione"", ""evidence"": ""aiutare chi ha svantaggio socio culturale"", ""reason"": ""Il partecipante indica che l'IA può supportare studenti con svantaggi socio-culturali.""}]","[{""category"": ""dipendenza"", ""evidence"": ""troppo uso potrebbe creare dipendenza dall'IA"", ""reason"": ""Il partecipante segnala il rischio di dipendenza derivante da un uso eccessivo.""}]",0.9,La risposta elenca esplicitamente un beneficio (inclusione) e un rischio (dipendenza).
insegnanti_futuri_ilio18.md,Ilio18,Insegnanti pre-service,insegnanti_pre_service,9,"In base alla tua esperienza, quali sono i pro e i contro dell'uso dell'intelligenza artificiale nell'educazione?",È piu facile fare ricerche,solo_pro,1,0,ricerca_informazioni,,"[{""category"": ""ricerca_informazioni"", ""evidence"": ""È piu facile fare ricerche"", ""reason"": ""Il partecipante indica che l'IA facilita il processo di ricerca.""}]",[],0.9,La risposta menziona esclusivamente un vantaggio operativo.
insegnanti_futuri_ino18.md,Ino18,Insegnanti pre-service,insegnanti_pre_service,8,"In base alla tua esperienza, quali sono i pro e i contro dell'uso dell'intelligenza artificiale nell'educazione?",Pro velocità di elaborazione informazioni contro omologazione,nessuno,0,0,,,[],[],0.0,Nessuna classificazione valida restituita dal modello.
insegnanti_futuri_ioli21.md,ioli21,Insegnanti pre-service,insegnanti_pre_service,3,"In base alla tua esperienza, quali sono i pro e i contro dell'uso dell'intelligenza artificiale nell'educazione?",Non ho un'esperienza. Tra i pro si potrebbe considerare la possibilità di avere spunti di idee; tra i contro il rischio di un utilizzo inappropriato che azzera la possibilità di sviluppo,misto,1,1,creativita_coinvolgimento,delega_cognitiva,"[{""category"": ""creativita_coinvolgimento"", ""evidence"": ""possibilità di avere spunti di idee"", ""reason"": ""Il partecipante cita la generazione di nuove idee come vantaggio.""}]","[{""category"": ""delega_cognitiva"", ""evidence"": ""azzera la possibilità di sviluppo"", ""reason"": ""Il partecipante indica che l'uso inappropriato blocca lo sviluppo personale.""}]",0.9,La risposta elenca esplicitamente un pro e un contro.
insegnanti_futuri_ioli28.md,Ioli28,Insegnanti pre-service,insegnanti_pre_service,8,"In base alla tua esperienza, quali sono i pro e i contro dell'uso dell'intelligenza artificiale nell'educazione?",Perdita di attitudine alla ricerca,solo_contro,0,1,,delega_cognitiva,[],"[{""category"": ""delega_cognitiva"", ""evidence"": ""Perdita di attitudine alla ricerca"", ""reason"": ""Il partecipante evidenzia il rischio di perdere le capacità di ricerca autonoma.""}]",0.95,La risposta menziona esclusivamente un aspetto negativo.
insegnanti_futuri_ioni07.md,Ioni07,Insegnanti pre-service,insegnanti_pre_service,3,"In base alla tua esperienza, quali sono i pro e i contro dell'uso dell'intelligenza artificiale nell'educazione?",Velocità,nessuno,0,0,,,[],[],0.0,Nessuna classificazione valida restituita dal modello.
insegnanti_futuri_iosa01.md,Iosa01,Insegnanti pre-service,insegnanti_pre_service,3,"In base alla tua esperienza, quali sono i pro e i contro dell'uso dell'intelligenza artificiale nell'educazione?",Non lo sapevo,nessuno,0,0,,,[],[],0.0,"Il partecipante dichiara di non conoscere i pro e i contro, non fornendo alcuna evidenza testuale."
insegnanti_futuri_iosi12.md,iosi12,Insegnanti pre-service,insegnanti_pre_service,3,"In base alla tua esperienza, quali sono i pro e i contro dell'uso dell'intelligenza artificiale nell'educazione?",Non ho esperienza in materia,nessuno,0,0,,,[],[],1.0,"Il partecipante dichiara esplicitamente di non avere esperienza in materia, rendendo impossibile l'identificazione di pro o contro."
insegnanti_futuri_irra61.md,irra61,Insegnanti pre-service,insegnanti_pre_service,2,"In base alla tua esperienza, quali sono i pro e i contro dell'uso dell'intelligenza artificiale nell'educazione?","PRO: supporto agli insegnanti, accesso a risorse didattiche avanzate CONTRO: mancanza di relazione umana e dipendenza dalla tecnologia",misto,2,2,supporto_comprensione|produzione_materiali,riduzione_relazione|dipendenza,"[{""category"": ""supporto_comprensione"", ""evidence"": ""supporto agli insegnanti"", ""reason"": ""Il partecipante cita il supporto fornito agli insegnanti come vantaggio.""}, {""category"": ""produzione_materiali"", ""evidence"": ""accesso a risorse didattiche avanzate"", ""reason"": ""Il partecipante menziona l'accesso a risorse didattiche avanzate come beneficio.""}]","[{""category"": ""riduzione_relazione"", ""evidence"": ""mancanza di relazione umana"", ""reason"": ""Il partecipante evidenzia la mancanza di relazione umana come svantaggio.""}, {""category"": ""dipendenza"", ""evidence"": ""dipendenza dalla tecnologia"", ""reason"": ""Il partecipante segnala la dipendenza dalla tecnologia come rischio.""}]",1.0,La risposta elenca esplicitamente sia pro che contro dell'uso dell'IA.
insegnanti_futuri_izzi03.md,izzi03,Insegnanti pre-service,insegnanti_pre_service,3,"In base alla tua esperienza, quali sono i pro e i contro dell'uso dell'intelligenza artificiale nell'educazione?","Si può avere una risposta immediata riguardo un dubbio come pro, è tutto troppo facilitato come contro.",misto,1,1,supporto_comprensione,delega_cognitiva,"[{""category"": ""supporto_comprensione"", ""evidence"": ""Si può avere una risposta immediata riguardo un dubbio"", ""reason"": ""Il partecipante evidenzia la capacità dell'IA di fornire risposte rapide a domande specifiche.""}]","[{""category"": ""delega_cognitiva"", ""evidence"": ""è tutto troppo facilitato"", ""reason"": ""Il partecipante segnala che l'eccessiva facilitazione dell'IA può ostacolare lo sforzo cognitivo.""}]",0.9,La risposta elenca esplicitamente un vantaggio (risposta immediata) e uno svantaggio (troppo facilitato).
insegnanti_futuri_lari30.md,Lari30,Insegnanti pre-service,insegnanti_pre_service,3,"In base alla tua esperienza, quali sono i pro e i contro dell'uso dell'intelligenza artificiale nell'educazione?",Riduzione processi cognitivi,nessuno,0,0,,,[],[],0.0,Nessuna classificazione valida restituita dal modello.
insegnanti_futuri_lino15.md,Lino15,Insegnanti pre-service,insegnanti_pre_service,3,"In base alla tua esperienza, quali sono i pro e i contro dell'uso dell'intelligenza artificiale nell'educazione?",Pro percezione più realistico degli argomenti  Contro scarsa immaginazione studenti,nessuno,0,0,,,[],[],0.0,Nessuna classificazione valida restituita dal modello.
insegnanti_futuri_lisi21.md,lisi21,Insegnanti pre-service,insegnanti_pre_service,3,"In base alla tua esperienza, quali sono i pro e i contro dell'uso dell'intelligenza artificiale nell'educazione?",I pro sono che potrebbe facilitare l apprendimento e offrire nuove possibilità agli studenti contro cyberbullismo e violazione della privacy,misto,2,2,supporto_comprensione|creativita_coinvolgimento,privacy_etica|privacy_etica,"[{""category"": ""supporto_comprensione"", ""evidence"": ""facilitare l apprendimento"", ""reason"": ""Il partecipante indica che l'IA può rendere più facile l'apprendimento.""}, {""category"": ""creativita_coinvolgimento"", ""evidence"": ""offrire nuove possibilità agli studenti"", ""reason"": ""Il partecipante cita l'apertura di nuove opportunità per gli studenti.""}]","[{""category"": ""privacy_etica"", ""evidence"": ""violazione della privacy"", ""reason"": ""Il partecipante menziona il rischio di violazione della privacy.""}, {""category"": ""privacy_etica"", ""evidence"": ""cyberbullismo"", ""reason"": ""Il partecipante cita il cyberbullismo come un rischio associato all'uso dell'IA.""}]",0.9,"La risposta elenca esplicitamente sia vantaggi (facilitazione, nuove possibilità) sia svantaggi (cyberbullismo, privacy)."
insegnanti_futuri_lita25.md,lita25,Insegnanti pre-service,insegnanti_pre_service,3,"In base alla tua esperienza, quali sono i pro e i contro dell'uso dell'intelligenza artificiale nell'educazione?","I pro sono che è diventato più facile reperire le informazioni, i contro sono che essendo più facile i ragazzi si impegnano di meno",misto,1,1,ricerca_informazioni,delega_cognitiva,"[{""category"": ""ricerca_informazioni"", ""evidence"": ""è diventato più facile reperire le informazioni"", ""reason"": ""Il partecipante indica che l'IA facilita l'accesso e la raccolta di dati.""}]","[{""category"": ""delega_cognitiva"", ""evidence"": ""i ragazzi si impegnano di meno"", ""reason"": ""Il partecipante segnala una riduzione dell'impegno e dello sforzo cognitivo degli studenti.""}]",0.9,La risposta elenca esplicitamente un vantaggio (facilità di ricerca) e uno svantaggio (ridotto impegno).
insegnanti_futuri_luca30.md,Luca30,Insegnanti pre-service,insegnanti_pre_service,3,"In base alla tua esperienza, quali sono i pro e i contro dell'uso dell'intelligenza artificiale nell'educazione?",Pro,nessuno,0,0,,,[],[],0.0,Nessuna classificazione valida restituita dal modello.
insegnanti_futuri_lupi09.md,Lupi09,Insegnanti pre-service,insegnanti_pre_service,2,"In base alla tua esperienza, quali sono i pro e i contro dell'uso dell'intelligenza artificiale nell'educazione?",Facilitano e velocizzano molti compiti e ricerche ma sarebbe opportuno saperli fare anche senza l'ia,misto,1,1,efficienza_tempo,dipendenza,"[{""category"": ""efficienza_tempo"", ""evidence"": ""Facilitano e velocizzano molti compiti e ricerche"", ""reason"": ""Il partecipante evidenzia il vantaggio di velocizzare i processi operativi.""}]","[{""category"": ""dipendenza"", ""evidence"": ""sarebbe opportuno saperli fare anche senza l'ia"", ""reason"": ""Il partecipante esprime il rischio di non poter operare autonomamente senza l'IA.""}]",0.9,La risposta elenca esplicitamente un beneficio (velocizzazione) e un rischio (necessità di saper fare senza).
insegnanti_futuri_manci11.md,Manci11,Insegnanti pre-service,insegnanti_pre_service,9,"In base alla tua esperienza, quali sono i pro e i contro dell'uso dell'intelligenza artificiale nell'educazione?",Può sostituire il lavoro cognitivo che veniva fatto prima senza intelligenza artificiale,solo_contro,0,1,,delega_cognitiva,[],"[{""category"": ""delega_cognitiva"", ""evidence"": ""Può sostituire il lavoro cognitivo che veniva fatto prima senza intelligenza artificiale"", ""reason"": ""Il partecipante evidenzia il rischio di sostituzione del pensiero autonomo.""}]",0.9,La risposta menziona esclusivamente un aspetto negativo (sostituzione del lavoro cognitivo).
insegnanti_futuri_namo20-10-49.md,Namo20/10/49,Insegnanti pre-service,insegnanti_pre_service,9,"In base alla tua esperienza, quali sono i pro e i contro dell'uso dell'intelligenza artificiale nell'educazione?",Utile per le correzioni ma poco utile come strumento autonomo didattico,misto,1,1,feedback_valutazione,delega_cognitiva,"[{""category"": ""feedback_valutazione"", ""evidence"": ""utile per le correzioni"", ""reason"": ""Il partecipante indica che l'IA è utile per le attività di correzione.""}]","[{""category"": ""delega_cognitiva"", ""evidence"": ""poco utile come strumento autonomo didattico"", ""reason"": ""Il partecipante evidenzia la limitazione dell'IA come strumento di insegnamento autonomo.""}]",0.9,La risposta elenca un vantaggio specifico (correzioni) e un limite specifico (non autonomia didattica).
insegnanti_futuri_nati19.md,nati19,Insegnanti pre-service,insegnanti_pre_service,9,"In base alla tua esperienza, quali sono i pro e i contro dell'uso dell'intelligenza artificiale nell'educazione?",Pro: ci dà la possibilità di accedere molto velocemente alle informazioni  Contro: porterà il nostro cervello a lavorare di meno soprattutto per gli studenti che non lo utilizzano rispettando i limiti,misto,1,1,ricerca_informazioni,delega_cognitiva,"[{""category"": ""ricerca_informazioni"", ""evidence"": ""ci dà la possibilità di accedere molto velocemente alle informazioni"", ""reason"": ""Il partecipante evidenzia la rapidità di accesso alle informazioni come vantaggio.""}]","[{""category"": ""delega_cognitiva"", ""evidence"": ""porterà il nostro cervello a lavorare di meno"", ""reason"": ""Il partecipante segnala il rischio di un ridotto sforzo cognitivo.""}]",0.9,La risposta elenca esplicitamente un pro e un contro.
insegnanti_futuri_nuti5.md,Nuti5,Insegnanti pre-service,insegnanti_pre_service,3,"In base alla tua esperienza, quali sono i pro e i contro dell'uso dell'intelligenza artificiale nell'educazione?",Non so,nessuno,0,0,,,[],[],0.0,La risposta 'Non so' non espone né benefici né rischi specifici.
insegnanti_futuri_oisi08.md,oisi08,Insegnanti pre-service,insegnanti_pre_service,3,"In base alla tua esperienza, quali sono i pro e i contro dell'uso dell'intelligenza artificiale nell'educazione?","Non so rispondere, non insegno ancora",nessuno,0,0,,,[],[],0.0,Nessuna classificazione valida restituita dal modello.
insegnanti_futuri_ondo14.md,ondo14,Insegnanti pre-service,insegnanti_pre_service,2,"In base alla tua esperienza, quali sono i pro e i contro dell'uso dell'intelligenza artificiale nell'educazione?",Pro: può facilitare l’apprendimento in alcuni contesti; contro: si cade spesso in usi sbagliati (gli studenti possono chiedere di risolvere esercizi per casa e copiare i procedimenti ),misto,1,2,supporto_comprensione,plagio_autorialita|delega_cognitiva,"[{""category"": ""supporto_comprensione"", ""evidence"": ""può facilitare l'apprendimento"", ""reason"": ""Il partecipante indica che l'IA può agevolare il processo di apprendimento in determinati contesti.""}]","[{""category"": ""plagio_autorialita"", ""evidence"": ""copiare i procedimenti"", ""reason"": ""Il partecipante evidenzia il rischio che gli studenti utilizzino l'IA per copiare le soluzioni degli esercizi.""}, {""category"": ""delega_cognitiva"", ""evidence"": ""chiedere di risolvere esercizi per casa"", ""reason"": ""Il partecipante segnala il rischio di delegare il compito di risoluzione degli esercizi all'IA.""}]",0.9,"La risposta elenca esplicitamente un beneficio ('facilitare l'apprendimento') e due rischi distinti ('usi sbagliati', 'copiare', 'risolvere esercizi')."
insegnanti_futuri_oni11.md,Oni11,Insegnanti pre-service,insegnanti_pre_service,3,"In base alla tua esperienza, quali sono i pro e i contro dell'uso dell'intelligenza artificiale nell'educazione?",Non so rispondere perché ancora non insegno,nessuno,0,0,,,[],[],1.0,"Il partecipante dichiara di non poter rispondere perché non insegna ancora, quindi non esprime né pro né contro."
insegnanti_futuri_onti28.md,Onti28,Insegnanti pre-service,insegnanti_pre_service,3,"In base alla tua esperienza, quali sono i pro e i contro dell'uso dell'intelligenza artificiale nell'educazione?","Pro: aiuta a comprendere e spiegare argomenti complessi, può fornire spunti su cui riflettere Contro: un uso non consapevole potrebbe portare ad un “copia e incolla” di contenuti, non supportato da una riflessione",misto,2,1,supporto_comprensione|creativita_coinvolgimento,delega_cognitiva,"[{""category"": ""supporto_comprensione"", ""evidence"": ""aiuta a comprendere e spiegare argomenti complessi"", ""reason"": ""Il partecipante evidenzia il vantaggio di facilitare la comprensione di concetti difficili.""}, {""category"": ""creativita_coinvolgimento"", ""evidence"": ""può fornire spunti su cui riflettere"", ""reason"": ""Il partecipante indica il beneficio di generare idee e stimolare la riflessione.""}]","[{""category"": ""delega_cognitiva"", ""evidence"": ""un uso non consapevole potrebbe portare ad un 'copia e incolla' di contenuti, non supportato da una riflessione"", ""reason"": ""Il partecipante segnala il rischio di un utilizzo passivo che bypassa il pensiero critico.""}]",0.95,La risposta elenca esplicitamente sia benefici che rischi specifici dell'uso dell'IA.
insegnanti_futuri_orgi03.md,Orgi03,Insegnanti pre-service,insegnanti_pre_service,8,"In base alla tua esperienza, quali sono i pro e i contro dell'uso dell'intelligenza artificiale nell'educazione?",Pro: facilita la creazione di contenuti  Contro: quando non riesce a comprendere il contenuto di un documento si perde tanto tempo,misto,1,2,produzione_materiali,affidabilita_errori|efficienza_tempo,"[{""category"": ""produzione_materiali"", ""evidence"": ""facilita la creazione di contenuti"", ""reason"": ""Il partecipante evidenzia la facilitazione nella creazione di materiali didattici.""}]","[{""category"": ""affidabilita_errori"", ""evidence"": ""quando non riesce a comprendere il contenuto di un documento"", ""reason"": ""Il partecipante segnala il rischio di errore o incapacità dell'IA nel comprendere i testi.""}, {""category"": ""efficienza_tempo"", ""evidence"": ""si perde tanto tempo"", ""reason"": ""Il partecipante indica una perdita di tempo dovuta ai limiti dell'IA.""}]",0.9,La risposta elenca esplicitamente un vantaggio e due svantaggi specifici.
insegnanti_futuri_orgi15.md,Orgi15,Insegnanti pre-service,insegnanti_pre_service,2,"In base alla tua esperienza, quali sono i pro e i contro dell'uso dell'intelligenza artificiale nell'educazione?","Automatizza molto, pratiche che avrebbero avuto un dispendio di tempo, che sarebbe potuto essere investito in altre pratiche",solo_pro,1,0,efficienza_tempo,,"[{""category"": ""efficienza_tempo"", ""evidence"": ""Automatizza molto, pratiche che avrebbero avuto un dispendio di tempo"", ""reason"": ""Il partecipante evidenzia il risparmio di tempo ottenuto automatizzando attività dispendiose.""}]",[],0.9,La risposta menziona esclusivamente un beneficio operativo (risparmio di tempo).
insegnanti_futuri_orio18.md,Orio18,Insegnanti pre-service,insegnanti_pre_service,3,"In base alla tua esperienza, quali sono i pro e i contro dell'uso dell'intelligenza artificiale nell'educazione?","Suppongo, non avendola utilizzata, che sia uno strumento molto valido per creare contenuti interattivi e coinvolgenti ma da non considerare nella valutazione degli studenti, poiché manca del tutto la componente fondamentale dell'empatia e della conoscenza dell'alunno sul piano personale",misto,1,2,creativita_coinvolgimento,riduzione_relazione|riduzione_relazione,"[{""category"": ""creativita_coinvolgimento"", ""evidence"": ""creare contenuti interattivi e coinvolgenti"", ""reason"": ""Il partecipante ipotizza che l'IA sia valida per generare materiali interattivi e coinvolgenti.""}]","[{""category"": ""riduzione_relazione"", ""evidence"": ""manca del tutto la componente fondamentale dell'empatia"", ""reason"": ""Il partecipante evidenzia la mancanza di empatia come limite principale.""}, {""category"": ""riduzione_relazione"", ""evidence"": ""conoscenza dell'alunno sul piano personale"", ""reason"": ""Il partecipante segnala l'incapacità dell'IA di conoscere lo studente a livello personale.""}]",0.9,La risposta elenca un potenziale beneficio (creatività) e due rischi relazionali (mancanza di empatia e conoscenza personale).
insegnanti_futuri_orsa17.md,Orsa17,Insegnanti pre-service,insegnanti_pre_service,2,"In base alla tua esperienza, quali sono i pro e i contro dell'uso dell'intelligenza artificiale nell'educazione?","Pratica e comoda, ma  con rischio di anestetizzare il cervello.",nessuno,0,0,,,[],[],0.0,Nessuna classificazione valida restituita dal modello.
insegnanti_futuri_ossi27.md,Ossi27,Insegnanti pre-service,insegnanti_pre_service,9,"In base alla tua esperienza, quali sono i pro e i contro dell'uso dell'intelligenza artificiale nell'educazione?","Non si può sviluppare pensiero critico con AI, ma si semplifica il lavoro",misto,1,1,efficienza_tempo,delega_cognitiva,"[{""category"": ""efficienza_tempo"", ""evidence"": ""si semplifica il lavoro"", ""reason"": ""Il partecipante indica che l'IA semplifica il lavoro, riducendo il carico operativo.""}]","[{""category"": ""delega_cognitiva"", ""evidence"": ""Non si può sviluppare pensiero critico con AI"", ""reason"": ""Il partecipante afferma che l'uso dell'IA impedisce lo sviluppo del pensiero critico.""}]",0.9,La risposta elenca esplicitamente un vantaggio (semplificazione) e uno svantaggio (mancanza di pensiero critico).
insegnanti_futuri_ozzi17.md,ozzi17,Insegnanti pre-service,insegnanti_pre_service,3,"In base alla tua esperienza, quali sono i pro e i contro dell'uso dell'intelligenza artificiale nell'educazione?",Sono utili per produrre materiali e per l’inclusione delle persone con disabilità,nessuno,0,0,,,[],[],0.0,Nessuna classificazione valida restituita dal modello.
insegnanti_futuri_pani16.md,Pani16,Insegnanti pre-service,insegnanti_pre_service,3,"In base alla tua esperienza, quali sono i pro e i contro dell'uso dell'intelligenza artificiale nell'educazione?",Facilità le attività ma non si sviluppano a pieno le capacità,misto,1,1,efficienza_tempo,delega_cognitiva,"[{""category"": ""efficienza_tempo"", ""evidence"": ""Facilità le attività"", ""reason"": ""Il partecipante evidenzia che l'IA rende più agevole l'esecuzione delle attività.""}]","[{""category"": ""delega_cognitiva"", ""evidence"": ""non si sviluppano a pieno le capacità"", ""reason"": ""Il partecipante segnala che l'uso dell'IA impedisce lo sviluppo completo delle capacità cognitive.""}]",0.9,La risposta elenca esplicitamente un vantaggio (facilità) e uno svantaggio (mancanza di sviluppo capacità).
insegnanti_futuri_pina06.md,Pina06,Insegnanti pre-service,insegnanti_pre_service,3,"In base alla tua esperienza, quali sono i pro e i contro dell'uso dell'intelligenza artificiale nell'educazione?",In base alla mia esperienza mi verrebbe da dire che ci sono solo contro ma forse scoprirò che ci sono anche dei pro,solo_contro,0,1,,delega_cognitiva,[],"[{""category"": ""delega_cognitiva"", ""evidence"": ""ci sono solo contro"", ""reason"": ""Il partecipante esprime un'opinione negativa generale sull'uso dell'IA.""}]",0.9,La risposta indica esplicitamente la presenza di solo contro.
insegnanti_futuri_pina54.md,pina54,Insegnanti pre-service,insegnanti_pre_service,2,"In base alla tua esperienza, quali sono i pro e i contro dell'uso dell'intelligenza artificiale nell'educazione?","Velocità come pro,",solo_pro,1,0,efficienza_tempo,,"[{""category"": ""efficienza_tempo"", ""evidence"": ""Velocità"", ""reason"": ""Il partecipante cita esplicitamente la velocità come vantaggio.""}]",[],1.0,La risposta menziona solo un beneficio (velocità) senza citare contro.
insegnanti_futuri_poli03.md,Poli03,Insegnanti pre-service,insegnanti_pre_service,2,"In base alla tua esperienza, quali sono i pro e i contro dell'uso dell'intelligenza artificiale nell'educazione?","Contro: utilizzo improprio da parte degli studenti. Viene utilizzata per fare i compiti, verifiche ed  esami senza studiare e/o capire e/o ragionare.  Pro: velocizzare alcuni iter e focalizzarsi sull'obiettivo",misto,1,1,efficienza_tempo,delega_cognitiva,"[{""category"": ""efficienza_tempo"", ""evidence"": ""velocizzare alcuni iter"", ""reason"": ""Il partecipante cita la capacità di accelerare i processi.""}]","[{""category"": ""delega_cognitiva"", ""evidence"": ""utilizzata per fare i compiti, verifiche ed esami senza studiare e/o capire e/o ragionare"", ""reason"": ""Il partecipante evidenzia il rischio di sostituire lo studio e il ragionamento con l'uso strumentale dell'IA.""}]",0.9,La risposta elenca esplicitamente un pro e un contro.
insegnanti_futuri_prella42.md,Prella42,Insegnanti pre-service,insegnanti_pre_service,9,"In base alla tua esperienza, quali sono i pro e i contro dell'uso dell'intelligenza artificiale nell'educazione?",Non so,nessuno,0,0,,,[],[],0.0,"Il partecipante dichiara di non avere esperienza o conoscenza sulla domanda, rendendo impossibile identificare pro o contro."
insegnanti_futuri_rghi08.md,Rghi08,Insegnanti pre-service,insegnanti_pre_service,3,"In base alla tua esperienza, quali sono i pro e i contro dell'uso dell'intelligenza artificiale nell'educazione?","I pro li ritroviamo nell'organizzazione delle lezioni i contro è che i docenti si affidano completamente all'ali senza metterci del proprio. È sempre una macchina che abbiamo realizzano noi umani, esseri pensanti.",misto,1,1,autonomia_organizzazione,delega_cognitiva,"[{""category"": ""autonomia_organizzazione"", ""evidence"": ""organizzazione delle lezioni"", ""reason"": ""Il partecipante cita l'organizzazione delle lezioni come vantaggio.""}]","[{""category"": ""delega_cognitiva"", ""evidence"": ""i docenti si affidano completamente all'ali senza metterci del proprio"", ""reason"": ""Il partecipante segnala il rischio di una dipendenza totale e di una mancanza di apporto personale.""}]",0.9,La risposta elenca esplicitamente un pro e un contro.
insegnanti_futuri_rigo23.md,Rigo23,Insegnanti pre-service,insegnanti_pre_service,8,"In base alla tua esperienza, quali sono i pro e i contro dell'uso dell'intelligenza artificiale nell'educazione?",I pro sono molti. L'intelligenza fornisce molti spunti. Il problema è che può essere utilizzata male dagli studenti,misto,1,1,creativita_coinvolgimento,delega_cognitiva,"[{""category"": ""creativita_coinvolgimento"", ""evidence"": ""L'intelligenza fornisce molti spunti"", ""reason"": ""Il partecipante indica che l'IA offre idee e stimoli creativi.""}]","[{""category"": ""delega_cognitiva"", ""evidence"": ""può essere utilizzata male dagli studenti"", ""reason"": ""Il partecipante evidenzia il rischio di un uso improprio che porta a una cattiva gestione o dipendenza.""}]",0.7,La risposta elenca esplicitamente un vantaggio ('molti spunti') e un rischio ('utilizzata male').
insegnanti_futuri_rini29.md,rini29,Insegnanti pre-service,insegnanti_pre_service,3,"In base alla tua esperienza, quali sono i pro e i contro dell'uso dell'intelligenza artificiale nell'educazione?",Non la uso nell’educazione ma nel mio lavoro che al momento è un altro,nessuno,0,0,,,[],[],0.0,Nessuna classificazione valida restituita dal modello.
insegnanti_futuri_rino01.md,Rino01,Insegnanti pre-service,insegnanti_pre_service,9,"In base alla tua esperienza, quali sono i pro e i contro dell'uso dell'intelligenza artificiale nell'educazione?",Pro:potrebbero essere un valido supporto. Contro: gli alunni potrebbero non usarla in modo corretto,misto,1,1,supporto_comprensione,delega_cognitiva,"[{""category"": ""supporto_comprensione"", ""evidence"": ""potrebbero essere un valido supporto"", ""reason"": ""Il partecipante indica che l'IA può fungere da aiuto utile.""}]","[{""category"": ""delega_cognitiva"", ""evidence"": ""gli alunni potrebbero non usarla in modo corretto"", ""reason"": ""Il partecipante evidenzia il rischio di un utilizzo improprio che potrebbe implicare una cattiva gestione o dipendenza.""}]",0.9,La risposta elenca esplicitamente un vantaggio ('valido supporto') e uno svantaggio ('non usarla in modo corretto').
insegnanti_futuri_rone14.md,rone14,Insegnanti pre-service,insegnanti_pre_service,2,"In base alla tua esperienza, quali sono i pro e i contro dell'uso dell'intelligenza artificiale nell'educazione?",Non ho ancora fatto esperienza su questo,nessuno,0,0,,,[],[],1.0,"Il partecipante dichiara di non avere ancora esperienza sull'argomento, quindi non esprime né pro né contro."
insegnanti_futuri_sani26.md,sani26,Insegnanti pre-service,insegnanti_pre_service,9,"In base alla tua esperienza, quali sono i pro e i contro dell'uso dell'intelligenza artificiale nell'educazione?",Solo e unicamente pro,solo_pro,0,0,,,[],[],1.0,"Il partecipante dichiara esplicitamente che ci sono 'Solo e unicamente pro', indicando assenza di contro."
insegnanti_futuri_sati03.md,sati03,Insegnanti pre-service,insegnanti_pre_service,2,"In base alla tua esperienza, quali sono i pro e i contro dell'uso dell'intelligenza artificiale nell'educazione?",Pro: diminuzione/facilitazione del lavoro. Contro: errato utilizzo,misto,1,1,efficienza_tempo,affidabilita_errori,"[{""category"": ""efficienza_tempo"", ""evidence"": ""diminuzione/facilitazione del lavoro"", ""reason"": ""Il partecipante indica che l'IA riduce o facilita il carico di lavoro.""}]","[{""category"": ""affidabilita_errori"", ""evidence"": ""errato utilizzo"", ""reason"": ""Il partecipante segnala il rischio legato a un uso improprio o errato dell'IA.""}]",0.9,La risposta elenca esplicitamente un pro (facilitazione) e un contro (errato utilizzo).
insegnanti_futuri_ser14.md,Ser14,Insegnanti pre-service,insegnanti_pre_service,3,"In base alla tua esperienza, quali sono i pro e i contro dell'uso dell'intelligenza artificiale nell'educazione?",Nn ho esperienza,nessuno,0,0,,,[],[],1.0,Il partecipante dichiara esplicitamente di non avere esperienza sull'argomento.
insegnanti_futuri_sser26.md,sser26,Insegnanti pre-service,insegnanti_pre_service,8,"In base alla tua esperienza, quali sono i pro e i contro dell'uso dell'intelligenza artificiale nell'educazione?","Pro: automazione di attività a basso valore aggiunto, risparmio di tempo, velocità nell'elaborazione del materiale bibliografico. Contro: in mancanza di un uso critico, può compromettere la capacità di ragionamento ed essere utilizzata in modo anti-etico.",misto,3,2,efficienza_tempo|produzione_materiali|autonomia_organizzazione,delega_cognitiva|privacy_etica,"[{""category"": ""efficienza_tempo"", ""evidence"": ""risparmio di tempo"", ""reason"": ""Il partecipante cita il risparmio di tempo come vantaggio.""}, {""category"": ""produzione_materiali"", ""evidence"": ""velocità nell'elaborazione del materiale bibliografico"", ""reason"": ""Il partecipante evidenzia la rapidità nell'elaborazione dei materiali.""}, {""category"": ""autonomia_organizzazione"", ""evidence"": ""automazione di attività a basso valore aggiunto"", ""reason"": ""Il partecipante indica l'automazione di compiti come beneficio organizzativo.""}]","[{""category"": ""delega_cognitiva"", ""evidence"": ""può compromettere la capacità di ragionamento"", ""reason"": ""Il partecipante segnala il rischio di perdita di capacità di ragionamento.""}, {""category"": ""privacy_etica"", ""evidence"": ""essere utilizzata in modo anti-etico"", ""reason"": ""Il partecipante menziona il rischio di utilizzo anti-etico dell'IA.""}]",0.95,La risposta elenca chiaramente sia vantaggi operativi che rischi etici e cognitivi.
insegnanti_futuri_tese26.md,Tese26,Insegnanti pre-service,insegnanti_pre_service,3,"In base alla tua esperienza, quali sono i pro e i contro dell'uso dell'intelligenza artificiale nell'educazione?",Pro: velocità; contro: omologazione,misto,1,1,efficienza_tempo,standardizzazione,"[{""category"": ""efficienza_tempo"", ""evidence"": ""velocità"", ""reason"": ""Il partecipante cita la velocità come vantaggio operativo.""}]","[{""category"": ""standardizzazione"", ""evidence"": ""omologazione"", ""reason"": ""Il partecipante segnala il rischio di uniformità e perdita di diversità.""}]",1.0,La risposta elenca esplicitamente un pro e un contro.
insegnanti_futuri_tino16.md,tino16,Insegnanti pre-service,insegnanti_pre_service,2,"In base alla tua esperienza, quali sono i pro e i contro dell'uso dell'intelligenza artificiale nell'educazione?",Non ho esperienza,nessuno,0,0,,,[],[],1.0,"Il partecipante dichiara esplicitamente di non avere esperienza sull'argomento, rendendo impossibile l'identificazione di pro o contro."
insegnanti_futuri_tino71.md,Tino71,Insegnanti pre-service,insegnanti_pre_service,3,"In base alla tua esperienza, quali sono i pro e i contro dell'uso dell'intelligenza artificiale nell'educazione?",Non insegno,nessuno,0,0,,,[],[],1.0,"Il partecipante dichiara di non insegnare, quindi non fornisce alcuna esperienza o opinione sui pro e contro dell'IA."
insegnanti_futuri_toni22.md,Toni22,Insegnanti pre-service,insegnanti_pre_service,2,"In base alla tua esperienza, quali sono i pro e i contro dell'uso dell'intelligenza artificiale nell'educazione?",Pro: rendere più semplice e interattivo l'apprendimento. Contro: arrivare a trascurare le altri fonti di informazioni.,misto,1,1,creativita_coinvolgimento,ricerca_informazioni,"[{""category"": ""creativita_coinvolgimento"", ""evidence"": ""rendere più semplice e interattivo l'apprendimento"", ""reason"": ""Il partecipante evidenzia l'aumento dell'interattività e della semplicità come vantaggio.""}]","[{""category"": ""ricerca_informazioni"", ""evidence"": ""arrivare a trascurare le altri fonti di informazioni"", ""reason"": ""Il partecipante segnala il rischio di ignorare altre fonti a favore dell'IA.""}]",0.9,La risposta elenca esplicitamente un pro e un contro.
insegnanti_futuri_toni23.md,Toni23,Insegnanti pre-service,insegnanti_pre_service,3,"In base alla tua esperienza, quali sono i pro e i contro dell'uso dell'intelligenza artificiale nell'educazione?","I pro la velocità nel reperire informazioni, i contro il facile accesso senza impegno",misto,1,1,ricerca_informazioni,delega_cognitiva,"[{""category"": ""ricerca_informazioni"", ""evidence"": ""velocità nel reperire informazioni"", ""reason"": ""Il partecipante evidenzia la rapidità di accesso ai dati come vantaggio.""}]","[{""category"": ""delega_cognitiva"", ""evidence"": ""facile accesso senza impegno"", ""reason"": ""Il partecipante suggerisce che la facilità d'uso possa portare a una mancanza di sforzo cognitivo o impegno.""}]",0.9,La risposta elenca esplicitamente un pro e un contro.
insegnanti_futuri_urdi30.md,urdi30,Insegnanti pre-service,insegnanti_pre_service,4,"In base alla tua esperienza, quali sono i pro e i contro dell'uso dell'intelligenza artificiale nell'educazione?","Velocizzare il lavoro, Carenza di stimolo nella propria formazione",misto,1,1,efficienza_tempo,delega_cognitiva,"[{""category"": ""efficienza_tempo"", ""evidence"": ""Velocizzare il lavoro"", ""reason"": ""Il partecipante indica che l'IA accelera l'esecuzione dei compiti.""}]","[{""category"": ""delega_cognitiva"", ""evidence"": ""Carenza di stimolo nella propria formazione"", ""reason"": ""Il partecipante segnala che l'uso dell'IA riduce la stimolazione formativa e il pensiero autonomo.""}]",0.9,La risposta elenca esplicitamente un vantaggio (velocità) e uno svantaggio (mancanza di stimolo).
insegnanti_futuri_urso12.md,Urso12,Insegnanti pre-service,insegnanti_pre_service,3,"In base alla tua esperienza, quali sono i pro e i contro dell'uso dell'intelligenza artificiale nell'educazione?",Facilità il lavoro ma limita il pensiero razionale e creativo,misto,1,1,efficienza_tempo,creativita_coinvolgimento,"[{""category"": ""efficienza_tempo"", ""evidence"": ""Facilità il lavoro"", ""reason"": ""Il partecipante evidenzia che l'IA rende più agevole l'esecuzione del lavoro.""}]","[{""category"": ""creativita_coinvolgimento"", ""evidence"": ""limita il pensiero razionale e creativo"", ""reason"": ""Il partecipante segnala che l'uso dell'IA riduce le capacità di pensiero creativo e razionale.""}]",0.9,La risposta elenca esplicitamente un vantaggio ('Facilità il lavoro') e uno svantaggio ('limita il pensiero razionale e creativo').
insegnanti_futuri_usso06.md,usso06,Insegnanti pre-service,insegnanti_pre_service,8,"In base alla tua esperienza, quali sono i pro e i contro dell'uso dell'intelligenza artificiale nell'educazione?",pregi: sintesi difetti: poco uso del cervello,nessuno,0,0,,,[],[],0.0,Nessuna classificazione valida restituita dal modello.
insegnanti_futuri_vich14.md,Vich14,Insegnanti pre-service,insegnanti_pre_service,3,"In base alla tua esperienza, quali sono i pro e i contro dell'uso dell'intelligenza artificiale nell'educazione?","Non ho esperienza in merito, ma posso ipotizzare che gli studenti possano farne ricorso per evitare di impegnarsi in alcuni compiti",solo_contro,0,1,,delega_cognitiva,[],"[{""category"": ""delega_cognitiva"", ""evidence"": ""evitare di impegnarsi in alcuni compiti"", ""reason"": ""Il partecipante ipotizza che l'IA venga usata per non fare i compiti, indicando una perdita di impegno e sforzo cognitivo.""}]",0.9,La risposta esplicita un unico rischio potenziale (uso per evitare compiti) senza menzionare benefici.
studenti_2z1uz.md,2Z1UZ,Studenti,studenti,6,"In base alla tua esperiezia, quali sono i pro e i contro dell'uso dell'intelligenza artificiale nello studio?","i pro sono l'efficacia e la velocità di risposte, dati e miglioramenti rispetto a come espongo ceri concetti per esempio. i contro sono la poca conoscenza sull'utilizzo dei dati che fornisco, soprattutto quelli personali",misto,2,1,efficienza_tempo|supporto_comprensione,privacy_etica,"[{""category"": ""efficienza_tempo"", ""evidence"": ""efficacia e la velocità di risposte"", ""reason"": ""Il partecipante cita la velocità e l'efficacia come vantaggi.""}, {""category"": ""supporto_comprensione"", ""evidence"": ""miglioramenti rispetto a come espongo ceri concetti"", ""reason"": ""Il partecipante indica che l'IA aiuta a esporre e comprendere meglio i concetti.""}]","[{""category"": ""privacy_etica"", ""evidence"": ""poca conoscenza sull'utilizzo dei dati che fornisco, soprattutto quelli personali"", ""reason"": ""Il partecipante esprime preoccupazione riguardo alla gestione dei dati personali forniti.""}]",0.95,La risposta elenca esplicitamente sia dei pro che dei contro.
studenti_aber28.md,aber28,Studenti,studenti,7,"In base alla tua esperiezia, quali sono i pro e i contro dell'uso dell'intelligenza artificiale nello studio?",ti velocizza ma non ti fa ragionare con il tuo cervello,misto,1,1,efficienza_tempo,delega_cognitiva,"[{""category"": ""efficienza_tempo"", ""evidence"": ""ti velocizza"", ""reason"": ""Il partecipante evidenzia il vantaggio della velocità.""}]","[{""category"": ""delega_cognitiva"", ""evidence"": ""non ti fa ragionare con il tuo cervello"", ""reason"": ""Il partecipante segnala il rischio di non attivare il pensiero autonomo.""}]",0.9,La risposta elenca esplicitamente un vantaggio (velocità) e uno svantaggio (mancanza di ragionamento).
studenti_aciu28.md,ACIU28,Studenti,studenti,7,"In base alla tua esperiezia, quali sono i pro e i contro dell'uso dell'intelligenza artificiale nello studio?",studio più veloce,solo_pro,1,0,efficienza_tempo,,"[{""category"": ""efficienza_tempo"", ""evidence"": ""studio più veloce"", ""reason"": ""Il partecipante indica che l'IA accelera il processo di studio.""}]",[],0.9,La risposta menziona esclusivamente un beneficio (velocità).
studenti_aggi06.md,AGGI06,Studenti,studenti,7,"In base alla tua esperiezia, quali sono i pro e i contro dell'uso dell'intelligenza artificiale nello studio?",ottimizza i tempi ma se utilizzate troppo potrebbero limitare l’apprendimento,misto,1,1,efficienza_tempo,dipendenza,"[{""category"": ""efficienza_tempo"", ""evidence"": ""ottimizza i tempi"", ""reason"": ""Il partecipante indica che l'IA permette di risparmiare tempo nello studio.""}]","[{""category"": ""dipendenza"", ""evidence"": ""se utilizzate troppo"", ""reason"": ""Il partecipante avverte il rischio di un uso eccessivo che porta a limitare l'apprendimento.""}]",0.9,La risposta elenca esplicitamente un vantaggio (ottimizzazione tempi) e un rischio (uso eccessivo che limita l'apprendimento).
studenti_aggi23.md,aggi23,Studenti,studenti,8,"In base alla tua esperiezia, quali sono i pro e i contro dell'uso dell'intelligenza artificiale nello studio?","secondo il mio punto di vista l’intelligenza artificiale utilizzata in un modo corretto può solo che aiutare noi ragazzi ,per esempio, nello studio.ma non condivido se viene utilizzata in una maniera scorretta ma anche poco utile per noi stessi come per copiare durante le verifiche o per riassumere intere pagine e quindi andando a sostituirci e a lavorare al nostro posto.",misto,1,2,supporto_comprensione,plagio_autorialita|delega_cognitiva,"[{""category"": ""supporto_comprensione"", ""evidence"": ""può solo che aiutare noi ragazzi"", ""reason"": ""Il partecipante indica che l'IA può aiutare nello studio.""}]","[{""category"": ""plagio_autorialita"", ""evidence"": ""copiare durante le verifiche"", ""reason"": ""Il partecipante evidenzia il rischio di plagio e sostituzione del lavoro dello studente.""}, {""category"": ""delega_cognitiva"", ""evidence"": ""riassumere intere pagine e quindi andando a sostituirci e a lavorare al nostro posto"", ""reason"": ""Il partecipante segnala il rischio di delegare completamente il lavoro di sintesi e studio all'IA.""}]",0.9,La risposta elenca esplicitamente un beneficio (aiuto nello studio) e due rischi (copiare e sostituire il lavoro dello studente).
studenti_agie16.md,Agie16,Studenti,studenti,7,"In base alla tua esperiezia, quali sono i pro e i contro dell'uso dell'intelligenza artificiale nello studio?","I pro che ti possono facilitare nel tempo dello studio, il contro è che questa facilitazione può portare ad un apprendimento minore",misto,1,1,efficienza_tempo,delega_cognitiva,"[{""category"": ""efficienza_tempo"", ""evidence"": ""facilitare nel tempo dello studio"", ""reason"": ""Il partecipante indica che l'IA facilita lo studio nel tempo.""}]","[{""category"": ""delega_cognitiva"", ""evidence"": ""portare ad un apprendimento minore"", ""reason"": ""Il partecipante segnala che la facilitazione dell'IA può ridurre l'apprendimento.""}]",0.9,La risposta elenca esplicitamente un vantaggio (facilitazione temporale) e uno svantaggio (riduzione dell'apprendimento).
studenti_aldi03.md,aldi03,Studenti,studenti,7,"In base alla tua esperiezia, quali sono i pro e i contro dell'uso dell'intelligenza artificiale nello studio?",i pro:è più facile studiare contro:non ci sono,misto,1,0,efficienza_tempo,,"[{""category"": ""efficienza_tempo"", ""evidence"": ""è più facile studiare"", ""reason"": ""Il partecipante indica che l'IA rende lo studio più facile, implicando un vantaggio di facilità o efficienza.""}]",[],0.9,La risposta elenca esplicitamente un pro ('è più facile studiare') e nega la presenza di contro ('non ci sono').
studenti_alessandra-aprile-28.md,Alessandra aprile 28,Studenti,studenti,3,"In base alla tua esperiezia, quali sono i pro e i contro dell'uso dell'intelligenza artificiale nello studio?",io non uso mai inteligenza  artificiale,nessuno,0,0,,,[],[],0.0,Nessuna classificazione valida restituita dal modello.
studenti_alma15.md,Alma15,Studenti,studenti,3,"In base alla tua esperiezia, quali sono i pro e i contro dell'uso dell'intelligenza artificiale nello studio?",Secondo me ci sono solo contro proprio per la pocca chiarezza e la semplicità,nessuno,0,0,,,[],[],0.0,Nessuna classificazione valida restituita dal modello.
studenti_alma18.md,Alma18,Studenti,studenti,7,"In base alla tua esperiezia, quali sono i pro e i contro dell'uso dell'intelligenza artificiale nello studio?","Pro= semplificare lo studio, Contro= può essere utilizzata in maniera sbagliata",misto,1,1,efficienza_tempo,delega_cognitiva,"[{""category"": ""efficienza_tempo"", ""evidence"": ""semplificare lo studio"", ""reason"": ""Il partecipante indica che l'IA facilita e velocizza il processo di studio.""}]","[{""category"": ""delega_cognitiva"", ""evidence"": ""può essere utilizzata in maniera sbagliata"", ""reason"": ""Il partecipante evidenzia il rischio di un uso improprio che potrebbe portare a una cattiva applicazione o dipendenza.""}]",0.9,La risposta elenca esplicitamente un vantaggio ('semplificare') e uno svantaggio ('utilizzata in maniera sbagliata').
studenti_ande26.md,ande26,Studenti,studenti,7,"In base alla tua esperiezia, quali sono i pro e i contro dell'uso dell'intelligenza artificiale nello studio?","I pro sono che aiutano in molti modi, ma di contro vengono usati anche per le cose banali e potrebbe limitare lo sviluppo di alcune capacità",misto,1,2,supporto_comprensione,delega_cognitiva|dipendenza,"[{""category"": ""supporto_comprensione"", ""evidence"": ""aiutano in molti modi"", ""reason"": ""Il partecipante indica che l'IA offre supporto in vari ambiti dello studio.""}]","[{""category"": ""delega_cognitiva"", ""evidence"": ""potrebbe limitare lo sviluppo di alcune capacità"", ""reason"": ""Il partecipante segnala il rischio di un'impoverimento delle capacità cognitive.""}, {""category"": ""dipendenza"", ""evidence"": ""vengono usati anche per le cose banali"", ""reason"": ""Il partecipante evidenzia un uso eccessivo o improprio dell'IA per compiti semplici.""}]",0.9,"La risposta elenca esplicitamente sia vantaggi ('aiutano') sia svantaggi ('limitare lo sviluppo', 'cose banali')."
studenti_anio03.md,anio03,Studenti,studenti,7,"In base alla tua esperiezia, quali sono i pro e i contro dell'uso dell'intelligenza artificiale nello studio?",pro: aiutano nello studio contro: sosti sono troppo l uomo,misto,1,1,supporto_comprensione,dipendenza,"[{""category"": ""supporto_comprensione"", ""evidence"": ""aiutano nello studio"", ""reason"": ""Il partecipante indica che l'IA fornisce supporto durante lo studio.""}]","[{""category"": ""dipendenza"", ""evidence"": ""sosti sono troppo l uomo"", ""reason"": ""Il partecipante esprime il rischio che l'IA sostituisca eccessivamente l'uomo.""}]",0.9,La risposta elenca esplicitamente un pro e un contro.
studenti_anna11.md,anna11,Studenti,studenti,8,"In base alla tua esperiezia, quali sono i pro e i contro dell'uso dell'intelligenza artificiale nello studio?","Il pro principale è l’ottimizzazione del tempo, il lato negativo è la perdita di capacità",misto,1,1,efficienza_tempo,delega_cognitiva,"[{""category"": ""efficienza_tempo"", ""evidence"": ""ottimizzazione del tempo"", ""reason"": ""Il partecipante cita l'ottimizzazione del tempo come vantaggio principale.""}]","[{""category"": ""delega_cognitiva"", ""evidence"": ""perdita di capacità"", ""reason"": ""Il partecipante segnala che l'uso dell'IA porta alla perdita di capacità cognitive.""}]",0.9,La risposta elenca esplicitamente un pro (ottimizzazione del tempo) e un contro (perdita di capacità).
studenti_anni26.md,Anni26,Studenti,studenti,8,"In base alla tua esperiezia, quali sono i pro e i contro dell'uso dell'intelligenza artificiale nello studio?",I pro che mi aiuta nei compiti e i contro che non mi applico come dovrei,misto,1,1,supporto_comprensione,delega_cognitiva,"[{""category"": ""supporto_comprensione"", ""evidence"": ""mi aiuta nei compiti"", ""reason"": ""Il partecipante indica che l'IA assiste nella risoluzione dei compiti.""}]","[{""category"": ""delega_cognitiva"", ""evidence"": ""non mi applico come dovrei"", ""reason"": ""Il partecipante segnala una riduzione dell'impegno personale dovuta all'uso dell'IA.""}]",0.9,La risposta elenca esplicitamente un vantaggio ('aiuta nei compiti') e uno svantaggio ('non mi applico come dovrei').
studenti_anti03.md,anti03,Studenti,studenti,7,"In base alla tua esperiezia, quali sono i pro e i contro dell'uso dell'intelligenza artificiale nello studio?","pro, se usato in modo intelligente può risultare utile per l'apprendimento, contro invece sfruttarlo in modo da ridurre al minimo l'impegno o lo sforzo nell'esecuzione di compiti",misto,1,1,supporto_comprensione,delega_cognitiva,"[{""category"": ""supporto_comprensione"", ""evidence"": ""utile per l'apprendimento"", ""reason"": ""Il partecipante indica che l'IA può facilitare l'apprendimento se usata correttamente.""}]","[{""category"": ""delega_cognitiva"", ""evidence"": ""ridurre al minimo l'impegno o lo sforzo nell'esecuzione di compiti"", ""reason"": ""Il partecipante evidenzia il rischio di usare l'IA per evitare lo sforzo cognitivo necessario.""}]",0.9,La risposta elenca esplicitamente un vantaggio ('utile per l'apprendimento') e uno svantaggio ('ridurre al minimo l'impegno').
studenti_anti09.md,anti09,Studenti,studenti,2,"In base alla tua esperiezia, quali sono i pro e i contro dell'uso dell'intelligenza artificiale nello studio?",un pro è sicuramente la capacità di fornire risposte immediate alle domande che si pongono senza far perdere tempo; un contro può essere considerare l'intelligenza artificiale come unica fonte,misto,1,1,efficienza_tempo,dipendenza,"[{""category"": ""efficienza_tempo"", ""evidence"": ""capacità di fornire risposte immediate alle domande che si pongono senza far perdere tempo"", ""reason"": ""Il partecipante evidenzia il risparmio di tempo grazie alla velocità di risposta dell'IA.""}]","[{""category"": ""dipendenza"", ""evidence"": ""considerare l'intelligenza artificiale come unica fonte"", ""reason"": ""Il partecipante segnala il rischio di affidarsi esclusivamente all'IA, limitando altre fonti.""}]",0.9,La risposta elenca esplicitamente un vantaggio (risparmio tempo) e uno svantaggio (uso come unica fonte).
studenti_anzo27.md,Anzo27,Studenti,studenti,8,"In base alla tua esperiezia, quali sono i pro e i contro dell'uso dell'intelligenza artificiale nello studio?",Il pro è avere un sistema che possa rispondere anche ai dubbi più semplici. Il contro è ovviamente l’utilizzo improprio dello strumento per fare le cose al posto nostro come la produzione di un testo o un lavoro,nessuno,0,0,,,[],[],0.0,Nessuna classificazione valida restituita dal modello.
studenti_arcia13.md,Arcia13,Studenti,studenti,8,"In base alla tua esperiezia, quali sono i pro e i contro dell'uso dell'intelligenza artificiale nello studio?","I pro sono un aiuto per quanto riguarda la comprensione e la riduzione di tempo nel comprendere i concetti, i contro sono un iperutilizzo che elimina il proprio apprendimento",misto,2,1,supporto_comprensione|efficienza_tempo,delega_cognitiva,"[{""category"": ""supporto_comprensione"", ""evidence"": ""aiuto per quanto riguarda la comprensione"", ""reason"": ""Il partecipante cita l'aiuto alla comprensione come vantaggio.""}, {""category"": ""efficienza_tempo"", ""evidence"": ""riduzione di tempo nel comprendere i concetti"", ""reason"": ""Il partecipante indica la riduzione del tempo necessario per apprendere come beneficio.""}]","[{""category"": ""delega_cognitiva"", ""evidence"": ""iperutilizzo che elimina il proprio apprendimento"", ""reason"": ""Il partecipante segnala che un uso eccessivo impedisce l'apprendimento autonomo.""}]",0.9,La risposta elenca esplicitamente sia pro che contro.
studenti_ardi01.md,ARDI01,Studenti,studenti,6,"In base alla tua esperiezia, quali sono i pro e i contro dell'uso dell'intelligenza artificiale nello studio?","Pro: se usato in modo corretto può aiutare a comprendere meglio o a imparare nuove cose. Contro: un abuso può limitare le proprie conoscenze e competenze, affidandosi troppo ai sistemi di ia.",misto,2,2,supporto_comprensione|supporto_comprensione,delega_cognitiva|delega_cognitiva,"[{""category"": ""supporto_comprensione"", ""evidence"": ""aiutare a comprendere meglio"", ""reason"": ""Il partecipante indica che l'IA facilita la comprensione di concetti.""}, {""category"": ""supporto_comprensione"", ""evidence"": ""a imparare nuove cose"", ""reason"": ""Il partecipante evidenzia il supporto nell'apprendimento di nuovi contenuti.""}]","[{""category"": ""delega_cognitiva"", ""evidence"": ""affidandosi troppo ai sistemi di ia"", ""reason"": ""Il partecipante segnala il rischio di dipendenza eccessiva dall'IA.""}, {""category"": ""delega_cognitiva"", ""evidence"": ""limitare le proprie conoscenze e competenze"", ""reason"": ""Il partecipante indica che l'abuso dell'IA porta a una riduzione delle competenze personali.""}]",0.95,La risposta elenca esplicitamente un beneficio legato alla comprensione e un rischio legato alla delega cognitiva.
studenti_ardi03.md,ardi03,Studenti,studenti,7,"In base alla tua esperiezia, quali sono i pro e i contro dell'uso dell'intelligenza artificiale nello studio?","i pro sono l'avere a disposizione uno strumento che risolve/spiega ogni dubbio in modo chiaro e veloce, un contro potrebbe essere il non riuscire più a sapersi documentare su libri di testo o comunque fare affidamento alla letteratura messa a disposizione da biblioteca.",misto,1,1,supporto_comprensione,dipendenza,"[{""category"": ""supporto_comprensione"", ""evidence"": ""risolve/spiega ogni dubbio in modo chiaro e veloce"", ""reason"": ""Il partecipante evidenzia la capacità dell'IA di chiarire concetti e risolvere dubbi rapidamente.""}]","[{""category"": ""dipendenza"", ""evidence"": ""non riuscire più a sapersi documentare su libri di testo"", ""reason"": ""Il partecipante teme che l'uso dell'IA porti all'abbandono delle fonti tradizionali e alla perdita di autonomia nella ricerca.""}]",0.95,La risposta elenca esplicitamente un vantaggio (velocità/chiarimento) e uno svantaggio (perdita di capacità di documentazione autonoma).
studenti_ardi09.md,ARDI09,Studenti,studenti,7,"In base alla tua esperiezia, quali sono i pro e i contro dell'uso dell'intelligenza artificiale nello studio?","Pro in quanto facilita il mio lavoro, contro in quanto credo che facendo le mappe al mio posto imparo meno approfonditamente",misto,1,1,efficienza_tempo,delega_cognitiva,"[{""category"": ""efficienza_tempo"", ""evidence"": ""facilita il mio lavoro"", ""reason"": ""Il partecipante indica che l'IA rende più agevole o veloce l'esecuzione del compito.""}]","[{""category"": ""delega_cognitiva"", ""evidence"": ""facendo le mappe al mio posto imparo meno approfonditamente"", ""reason"": ""Il partecipante segnala che la generazione automatica dei materiali sostituisce l'elaborazione personale, riducendo l'apprendimento.""}]",0.95,La risposta esplicita chiaramente un vantaggio operativo e uno svantaggio legato alla profondità dell'apprendimento.
studenti_ardo03.md,ardo03,Studenti,studenti,2,"In base alla tua esperiezia, quali sono i pro e i contro dell'uso dell'intelligenza artificiale nello studio?","pro: ti aiuta a comprendere meglio un argomento, un testo o degli esercizi. contro: cambierà il nostro futuro.",misto,1,1,supporto_comprensione,altro,"[{""category"": ""supporto_comprensione"", ""evidence"": ""ti aiuta a comprendere meglio un argomento, un testo o degli esercizi"", ""reason"": ""Il partecipante cita il miglioramento della comprensione come vantaggio.""}]","[{""category"": ""altro"", ""evidence"": ""cambierà il nostro futuro"", ""reason"": ""Il partecipante esprime un timore generico sul futuro come svantaggio.""}]",0.6,La risposta elenca un beneficio specifico e un rischio generico.
studenti_ardo30.md,ARDO30,Studenti,studenti,7,"In base alla tua esperiezia, quali sono i pro e i contro dell'uso dell'intelligenza artificiale nello studio?",Quando non è più un sostegno allo studio ma diventa l’unica fonte,solo_contro,0,1,,dipendenza,[],"[{""category"": ""dipendenza"", ""evidence"": ""diventa l'unica fonte"", ""reason"": ""Il partecipante evidenzia il rischio di sostituire completamente l'attività di studio con l'IA.""}]",0.9,La risposta descrive esclusivamente uno scenario negativo in cui l'IA sostituisce il sostegno allo studio.
studenti_arli70.md,Arli70,Studenti,studenti,8,"In base alla tua esperiezia, quali sono i pro e i contro dell'uso dell'intelligenza artificiale nello studio?",Pro e che ti aiuta contro e che nn dovrebbe,nessuno,0,0,,,[],[],0.0,La risposta non contiene un contenuto significativo o dichiarabile.
studenti_arlo14.md,ARLO14,Studenti,studenti,3,"In base alla tua esperiezia, quali sono i pro e i contro dell'uso dell'intelligenza artificiale nello studio?",L’accessibilità come pro e disinformazione come contro,nessuno,0,0,,,[],[],0.0,Nessuna classificazione valida restituita dal modello.
studenti_asia17.md,Asia17,Studenti,studenti,2,"In base alla tua esperiezia, quali sono i pro e i contro dell'uso dell'intelligenza artificiale nello studio?","Pro: aiuta a comprendere argomenti difficili e semplificarli, contro: limita il pensiero e l’immaginazione",nessuno,0,0,,,[],[],0.0,Nessuna classificazione valida restituita dal modello.
studenti_assa25.md,assa25,Studenti,studenti,7,"In base alla tua esperiezia, quali sono i pro e i contro dell'uso dell'intelligenza artificiale nello studio?",pro: efficienza  contro: è facile copiare,misto,1,1,efficienza_tempo,plagio_autorialita,"[{""category"": ""efficienza_tempo"", ""evidence"": ""efficienza"", ""reason"": ""Il partecipante cita l'efficienza come vantaggio.""}]","[{""category"": ""plagio_autorialita"", ""evidence"": ""è facile copiare"", ""reason"": ""Il partecipante evidenzia il rischio di plagio o copia.""}]",1.0,La risposta elenca esplicitamente un pro (efficienza) e un contro (copiare).
studenti_atti14.md,Atti14,Studenti,studenti,8,"In base alla tua esperiezia, quali sono i pro e i contro dell'uso dell'intelligenza artificiale nello studio?",Velocizzare lo studio/ non ottenere informazioni vere,nessuno,0,0,,,[],[],0.0,Nessuna classificazione valida restituita dal modello.
studenti_atto01.md,Atto01,Studenti,studenti,7,"In base alla tua esperiezia, quali sono i pro e i contro dell'uso dell'intelligenza artificiale nello studio?",Pro: studio più facile  Contro:alcune volte può commettere errori nel rispondere quindi fare attenzione e controllare,misto,1,1,efficienza_tempo,affidabilita_errori,"[{""category"": ""efficienza_tempo"", ""evidence"": ""studio più facile"", ""reason"": ""Il partecipante indica che l'IA rende lo studio più semplice, implicando un guadagno di facilità o velocità.""}]","[{""category"": ""affidabilita_errori"", ""evidence"": ""alcune volte può commettere errori nel rispondere"", ""reason"": ""Il partecipante segnala il rischio di risposte errate da parte dell'IA.""}]",0.9,La risposta elenca esplicitamente un vantaggio ('studio più facile') e uno svantaggio ('commettere errori').
studenti_auje28.md,auje28,Studenti,studenti,2,"In base alla tua esperiezia, quali sono i pro e i contro dell'uso dell'intelligenza artificiale nello studio?",I pro sono che può essere molto utile il contro invece che un giorno si userà solo quella,misto,1,1,supporto_comprensione,dipendenza,"[{""category"": ""supporto_comprensione"", ""evidence"": ""può essere molto utile"", ""reason"": ""Il partecipante indica che l'IA è uno strumento di utilità per lo studio.""}]","[{""category"": ""dipendenza"", ""evidence"": ""un giorno si userà solo quella"", ""reason"": ""Il partecipante teme che l'uso dell'IA possa portare a un utilizzo esclusivo, sostituendo altre risorse o metodi.""}]",0.9,La risposta elenca esplicitamente un vantaggio ('molto utile') e un rischio futuro ('userà solo quella').
studenti_auro08.md,Auro08,Studenti,studenti,7,"In base alla tua esperiezia, quali sono i pro e i contro dell'uso dell'intelligenza artificiale nello studio?",Pro: migliore apprendimento e risposte più rapide ai problemi  Contro: affidarsi troppo e non riuscire a sviluppare pensiero critico,misto,2,1,efficienza_tempo|supporto_comprensione,delega_cognitiva,"[{""category"": ""efficienza_tempo"", ""evidence"": ""risposte più rapide"", ""reason"": ""Il partecipante cita la rapidità delle risposte come vantaggio.""}, {""category"": ""supporto_comprensione"", ""evidence"": ""migliore apprendimento"", ""reason"": ""Il partecipante indica un miglioramento dell'apprendimento come beneficio.""}]","[{""category"": ""delega_cognitiva"", ""evidence"": ""affidarsi troppo e non riuscire a sviluppare pensiero critico"", ""reason"": ""Il partecipante evidenzia il rischio di dipendenza e perdita di capacità critica.""}]",0.95,La risposta elenca esplicitamente sia un pro che un contro.
studenti_ayed027.md,Ayed027,Studenti,studenti,8,"In base alla tua esperiezia, quali sono i pro e i contro dell'uso dell'intelligenza artificiale nello studio?",Contro è l’indipendenza,solo_contro,0,1,,dipendenza,[],"[{""category"": ""dipendenza"", ""evidence"": ""Contro è l’indipendenza"", ""reason"": ""Il partecipante identifica la perdita di indipendenza come un rischio.""}]",0.9,La risposta menziona esplicitamente un solo contro (l'indipendenza).
studenti_azio3.md,azio3,Studenti,studenti,2,"In base alla tua esperiezia, quali sono i pro e i contro dell'uso dell'intelligenza artificiale nello studio?",pro sono che ti può aiutare e i contro e che non riesci a fare le cose senza,misto,1,1,supporto_comprensione,dipendenza,"[{""category"": ""supporto_comprensione"", ""evidence"": ""ti può aiutare"", ""reason"": ""Il partecipante indica che l'IA offre assistenza nello studio.""}]","[{""category"": ""dipendenza"", ""evidence"": ""non riesci a fare le cose senza"", ""reason"": ""Il partecipante segnala che l'uso dell'IA crea una dipendenza tale da impedire l'autonomia.""}]",0.9,La risposta elenca esplicitamente un vantaggio ('aiutare') e uno svantaggio ('non riesci a fare le cose senza').
studenti_azza13.md,azza13,Studenti,studenti,7,"In base alla tua esperiezia, quali sono i pro e i contro dell'uso dell'intelligenza artificiale nello studio?",tutti pro,solo_pro,0,0,,,[],[],1.0,La risposta afferma esplicitamente che ci sono solo pro.
studenti_azza22.md,AZZA22,Studenti,studenti,3,"In base alla tua esperiezia, quali sono i pro e i contro dell'uso dell'intelligenza artificiale nello studio?",I pro credo siano la possibilità di farsi interrogare come fossimo effettivamente a un vero esame. Come contro mi sembra di notare in alcuni colleghi la completa incapacità di formulare un pensiero senza ausilio di Chat GPT ad esempio. In generale non vedo dei contro se non un utilizzo smodato.,misto,1,2,supporto_comprensione,delega_cognitiva|dipendenza,"[{""category"": ""supporto_comprensione"", ""evidence"": ""possibilità di farsi interrogare come fossimo effettivamente a un vero esame"", ""reason"": ""L'uso dell'IA è visto come uno strumento per simulare e migliorare la preparazione agli esami.""}]","[{""category"": ""delega_cognitiva"", ""evidence"": ""completa incapacità di formulare un pensiero senza ausilio di Chat GPT"", ""reason"": ""Si osserva una perdita di autonomia nel pensiero e nella capacità di esprimersi senza l'aiuto dell'IA.""}, {""category"": ""dipendenza"", ""evidence"": ""utilizzo smodato"", ""reason"": ""Viene segnalato il rischio di un uso eccessivo e non controllato della tecnologia.""}]",0.9,La risposta elenca esplicitamente un vantaggio (simulazione esame) e due svantaggi (incapacità di pensare autonomamente e uso smodato).
studenti_azzo23.md,AZZO23,Studenti,studenti,3,"In base alla tua esperiezia, quali sono i pro e i contro dell'uso dell'intelligenza artificiale nello studio?",può agevolare lo studio qualora ci si ritrovi davanti ad un paragrafo particolarmente difficile (come può esserlo un testo di filosofia teoretica); può essere nocivo se lo si usa come sostituto al proprio cervello e alla propria capacità di ragionare.,misto,1,1,supporto_comprensione,delega_cognitiva,"[{""category"": ""supporto_comprensione"", ""evidence"": ""può agevolare lo studio qualora ci si ritrovi davanti ad un paragrafo particolarmente difficile"", ""reason"": ""L'IA aiuta a comprendere testi complessi o difficili.""}]","[{""category"": ""delega_cognitiva"", ""evidence"": ""può essere nocivo se lo si usa come sostituto al proprio cervello e alla propria capacità di ragionare"", ""reason"": ""L'uso dell'IA come sostituto del pensiero indebolisce le capacità cognitive autonome.""}]",0.95,La risposta elenca esplicitamente un vantaggio (agevolazione studio) e uno svantaggio (nocivo sostituto cervello).
studenti_bara20.md,BARA20,Studenti,studenti,7,"In base alla tua esperiezia, quali sono i pro e i contro dell'uso dell'intelligenza artificiale nello studio?","Sicuramente l’intelligenza artificiale ti permette di agevolare lo studio, aiutandoti nella preparazione dei materiali o come supporto per la ripetizione in vista dell’esame. Tuttavia, un contro da tenere in considerazione è quello di diventare “dipendenti” da questi ausili, non riuscendo a studiare senza l’intelligenza artificiale.",misto,2,2,produzione_materiali|supporto_comprensione,dipendenza|delega_cognitiva,"[{""category"": ""produzione_materiali"", ""evidence"": ""agevolare lo studio, aiutandoti nella preparazione dei materiali"", ""reason"": ""Il partecipante cita l'aiuto nella preparazione dei materiali come vantaggio.""}, {""category"": ""supporto_comprensione"", ""evidence"": ""supporto per la ripetizione in vista dell'esame"", ""reason"": ""Il partecipante indica il supporto per la ripetizione come beneficio.""}]","[{""category"": ""dipendenza"", ""evidence"": ""diventare 'dipendenti' da questi ausili"", ""reason"": ""Il partecipante segnala il rischio di dipendenza dagli strumenti.""}, {""category"": ""delega_cognitiva"", ""evidence"": ""non riuscendo a studiare senza l'intelligenza artificiale"", ""reason"": ""Il partecipante evidenzia la perdita di autonomia nello studio.""}]",0.95,La risposta elenca esplicitamente sia i pro che i contro dell'uso dell'IA.
studenti_bara29.md,Bara29,Studenti,studenti,3,"In base alla tua esperiezia, quali sono i pro e i contro dell'uso dell'intelligenza artificiale nello studio?",Veloce e di effetto non apposita per certi argomenti,misto,1,1,efficienza_tempo,affidabilita_errori,"[{""category"": ""efficienza_tempo"", ""evidence"": ""Veloce"", ""reason"": ""Il partecipante evidenzia la rapidità dell'IA come vantaggio.""}]","[{""category"": ""affidabilita_errori"", ""evidence"": ""di effetto non apposita per certi argomenti"", ""reason"": ""Il partecipante segnala che l'IA fornisce risposte non pertinenti o errate in specifici contesti.""}]",0.9,La risposta elenca esplicitamente un pro (velocità) e un contro (mancanza di pertinenza).
studenti_beni22.md,beni22,Studenti,studenti,8,"In base alla tua esperiezia, quali sono i pro e i contro dell'uso dell'intelligenza artificiale nello studio?",secondo me i pro: ti aiuta nello studio se utilizzata in modo adeguato e in maniera intelligente e i contro e i contro è il fatto che alcune persone utilizzato AI non in modo corretto,misto,1,1,autonomia_organizzazione,altro,"[{""category"": ""autonomia_organizzazione"", ""evidence"": ""ti aiuta nello studio se utilizzata in modo adeguato e in maniera intelligente"", ""reason"": ""Il partecipante indica che l'IA è utile quando usata con criterio e intelligenza.""}]","[{""category"": ""altro"", ""evidence"": ""alcune persone utilizzato AI non in modo corretto"", ""reason"": ""Il partecipante segnala che l'uso scorretto dell'IA da parte di alcune persone è un problema.""}]",0.9,La risposta elenca sia un vantaggio legato all'uso intelligente sia un rischio legato all'uso non corretto.
studenti_bini02.md,Bini02,Studenti,studenti,7,"In base alla tua esperiezia, quali sono i pro e i contro dell'uso dell'intelligenza artificiale nello studio?",Gli ragazzi e i genitori,nessuno,0,0,,,[],[],1.0,"La risposta non contiene alcuna informazione sostanziale, limitandosi a un riferimento generico ai soggetti coinvolti senza esprimere pro o contro."
studenti_bini16.md,BINI16,Studenti,studenti,7,"In base alla tua esperiezia, quali sono i pro e i contro dell'uso dell'intelligenza artificiale nello studio?","pro = maggiore velocità e completezza, comprensione più chiara del materiale. contro = eccessive informazioni oppure utilizzo dell’ia anche quando non è necessaria",misto,3,2,efficienza_tempo|supporto_comprensione|produzione_materiali,affidabilita_errori|delega_cognitiva,"[{""category"": ""efficienza_tempo"", ""evidence"": ""maggiore velocità"", ""reason"": ""Il partecipante cita la velocità come vantaggio.""}, {""category"": ""supporto_comprensione"", ""evidence"": ""comprensione più chiara del materiale"", ""reason"": ""Il partecipante indica una migliore comprensione del contenuto.""}, {""category"": ""produzione_materiali"", ""evidence"": ""completezza"", ""reason"": ""Il partecipante menziona la completezza come aspetto positivo.""}]","[{""category"": ""affidabilita_errori"", ""evidence"": ""eccessive informazioni"", ""reason"": ""Il partecipante segnala il rischio di sovraccarico informativo o disinformazione.""}, {""category"": ""delega_cognitiva"", ""evidence"": ""utilizzo dell'ia anche quando non è necessaria"", ""reason"": ""Il partecipante evidenzia l'uso improprio o eccessivo dell'IA.""}]",0.95,La risposta elenca esplicitamente sia pro che contro.
studenti_caro22.md,caro22,Studenti,studenti,8,"In base alla tua esperiezia, quali sono i pro e i contro dell'uso dell'intelligenza artificiale nello studio?",Un pro è il sostegno che dà nella compresione o in qualsiasi altra attività e  Un contro potrebbe essere un suo uso smisurato e una limitazione nella creatività,misto,1,2,supporto_comprensione,creativita_coinvolgimento|dipendenza,"[{""category"": ""supporto_comprensione"", ""evidence"": ""sostegno che dà nella compresione"", ""reason"": ""Il partecipante indica che l'IA aiuta a comprendere meglio i contenuti.""}]","[{""category"": ""creativita_coinvolgimento"", ""evidence"": ""limitazione nella creatività"", ""reason"": ""Il partecipante segnala che un uso eccessivo riduce la creatività.""}, {""category"": ""dipendenza"", ""evidence"": ""uso smisurato"", ""reason"": ""Il partecipante evidenzia il rischio di un utilizzo eccessivo e non controllato.""}]",0.9,La risposta elenca esplicitamente un vantaggio (sostegno alla comprensione) e due svantaggi (limitazione della creatività e uso smisurato).
studenti_chia10.md,chia10,Studenti,studenti,7,"In base alla tua esperiezia, quali sono i pro e i contro dell'uso dell'intelligenza artificiale nello studio?",pro sicuramente l’allegare file o foto contro per ora nessuno,misto,1,0,produzione_materiali,,"[{""category"": ""produzione_materiali"", ""evidence"": ""allegare file o foto"", ""reason"": ""Il partecipante cita la capacità di gestire e allegare documenti come vantaggio.""}]",[],0.9,La risposta elenca esplicitamente un pro ('allegare file o foto') e dichiara l'assenza di contro ('contro per ora nessuno').
studenti_chia10_2.md,chia10,Studenti,studenti,7,"In base alla tua esperiezia, quali sono i pro e i contro dell'uso dell'intelligenza artificiale nello studio?",pro sicuramente l’allegare file o foto contro per ora nessuno,misto,1,1,produzione_materiali,altro,"[{""category"": ""produzione_materiali"", ""evidence"": ""allegare file o foto"", ""reason"": ""Il partecipante cita la possibilità di allegare file o foto come vantaggio.""}]","[{""category"": ""altro"", ""evidence"": ""per ora nessuno"", ""reason"": ""Il partecipante dichiara l'assenza attuale di contro.""}]",0.6,La risposta elenca un pro specifico e nega la presenza di contro.
studenti_chio05.md,Chio05,Studenti,studenti,7,"In base alla tua esperiezia, quali sono i pro e i contro dell'uso dell'intelligenza artificiale nello studio?","Pro ti aiuta a fare veloce e ti dà idee , contro non ti fa sviluppare bene l'immagine",misto,2,1,efficienza_tempo|creativita_coinvolgimento,creativita_coinvolgimento,"[{""category"": ""efficienza_tempo"", ""evidence"": ""ti aiuta a fare veloce"", ""reason"": ""Il partecipante cita la velocità come vantaggio.""}, {""category"": ""creativita_coinvolgimento"", ""evidence"": ""ti dà idee"", ""reason"": ""Il partecipante cita la generazione di idee come vantaggio.""}]","[{""category"": ""creativita_coinvolgimento"", ""evidence"": ""non ti fa sviluppare bene l'immagine"", ""reason"": ""Il partecipante segnala un limite nello sviluppo creativo o visivo.""}]",0.9,La risposta elenca esplicitamente sia un pro che un contro.
studenti_cini21.md,cini21,Studenti,studenti,8,"In base alla tua esperiezia, quali sono i pro e i contro dell'uso dell'intelligenza artificiale nello studio?","Pro: permette uno studio più rapido, aiuta a preparare meglio un?interrogazione/esame contro: talvolta non è preciso al 100% e può fare numerosi errori",misto,2,1,efficienza_tempo|supporto_comprensione,affidabilita_errori,"[{""category"": ""efficienza_tempo"", ""evidence"": ""permette uno studio più rapido"", ""reason"": ""Il partecipante evidenzia il vantaggio della velocità nello studio.""}, {""category"": ""supporto_comprensione"", ""evidence"": ""aiuta a preparare meglio un'interrogazione/esame"", ""reason"": ""Il partecipante indica un beneficio nella preparazione e comprensione dei contenuti.""}]","[{""category"": ""affidabilita_errori"", ""evidence"": ""talvolta non è preciso al 100% e può fare numerosi errori"", ""reason"": ""Il partecipante segnala la mancanza di precisione e la presenza di errori.""}]",0.95,"La risposta elenca chiaramente sia un vantaggio (velocità, preparazione) sia uno svantaggio (errori, imprecisione)."
studenti_ciuc31.md,ciuc31,Studenti,studenti,7,"In base alla tua esperiezia, quali sono i pro e i contro dell'uso dell'intelligenza artificiale nello studio?",il pro è evitare quei compiti noiosi contro può diventare una dipendenza in cui gli studenti non avranno piu creatività e capacità critica,misto,1,3,efficienza_tempo,creativita_coinvolgimento|delega_cognitiva|dipendenza,"[{""category"": ""efficienza_tempo"", ""evidence"": ""evitare quei compiti noiosi"", ""reason"": ""Il partecipante indica che l'IA permette di saltare attività ripetitive, risparmiando tempo.""}]","[{""category"": ""creativita_coinvolgimento"", ""evidence"": ""non avranno piu creatività"", ""reason"": ""Il partecipante segnala il rischio di perdita della capacità creativa.""}, {""category"": ""delega_cognitiva"", ""evidence"": ""non avranno piu ... capacità critica"", ""reason"": ""Il partecipante evidenzia il pericolo di erosione delle capacità critiche.""}, {""category"": ""dipendenza"", ""evidence"": ""può diventare una dipendenza"", ""reason"": ""Il partecipante avverte il rischio di sviluppare un'abitudine eccessiva all'uso dell'IA.""}]",0.95,La risposta elenca esplicitamente un vantaggio e tre svantaggi specifici.
studenti_coll01.md,coll01,Studenti,studenti,7,"In base alla tua esperiezia, quali sono i pro e i contro dell'uso dell'intelligenza artificiale nello studio?",pro velocizza i tempi e contro potrebbe sottrarre buona parte delle capacità critiche,misto,1,1,efficienza_tempo,delega_cognitiva,"[{""category"": ""efficienza_tempo"", ""evidence"": ""velocizza i tempi"", ""reason"": ""Il partecipante evidenzia il vantaggio della rapidità nell'esecuzione dei compiti.""}]","[{""category"": ""delega_cognitiva"", ""evidence"": ""potrebbe sottrarre buona parte delle capacità critiche"", ""reason"": ""Il partecipante segnala il rischio di erosione delle capacità di pensiero autonomo.""}]",0.95,La risposta esplicita chiaramente un beneficio (velocità) e un rischio (perdita di capacità critiche).
studenti_coni.md,Coni,Studenti,studenti,2,"In base alla tua esperiezia, quali sono i pro e i contro dell'uso dell'intelligenza artificiale nello studio?",I pro sono nelle traduzioni e i contro è che non capiscono le consegne,misto,1,1,supporto_comprensione,affidabilita_errori,"[{""category"": ""supporto_comprensione"", ""evidence"": ""traduzioni"", ""reason"": ""Il partecipante cita le traduzioni come vantaggio.""}]","[{""category"": ""affidabilita_errori"", ""evidence"": ""non capiscono le consegne"", ""reason"": ""Il partecipante segnala che l'IA non comprende le istruzioni fornite.""}]",0.9,La risposta elenca esplicitamente un pro e un contro.
studenti_curi04.md,curi04,Studenti,studenti,7,"In base alla tua esperiezia, quali sono i pro e i contro dell'uso dell'intelligenza artificiale nello studio?","I pro sono la rapidità dell’apprendimento e la precisione dell’apprendimento, i contro sono che a volte sembra che sostituiscano i processi individuali di metabolizzazione ed elaborazione dei contenuti",misto,2,1,efficienza_tempo|supporto_comprensione,delega_cognitiva,"[{""category"": ""efficienza_tempo"", ""evidence"": ""rapidità dell'apprendimento"", ""reason"": ""Il partecipante cita la velocità come vantaggio.""}, {""category"": ""supporto_comprensione"", ""evidence"": ""precisione dell'apprendimento"", ""reason"": ""Il partecipante cita la precisione come vantaggio.""}]","[{""category"": ""delega_cognitiva"", ""evidence"": ""sostituiscano i processi individuali di metabolizzazione ed elaborazione dei contenuti"", ""reason"": ""Il partecipante teme che l'IA prenda il posto del pensiero individuale.""}]",0.95,La risposta elenca esplicitamente sia pro che contro.
studenti_daro04.md,Daro04,Studenti,studenti,8,"In base alla tua esperiezia, quali sono i pro e i contro dell'uso dell'intelligenza artificiale nello studio?",I pro é che ti agevola i contro sono quelli che non usiamo più la testa per studiare,misto,1,1,efficienza_tempo,delega_cognitiva,"[{""category"": ""efficienza_tempo"", ""evidence"": ""ti agevola"", ""reason"": ""Il partecipante indica che l'IA agevola lo studio.""}]","[{""category"": ""delega_cognitiva"", ""evidence"": ""non usiamo più la testa per studiare"", ""reason"": ""Il partecipante segnala che l'uso dell'IA porta a non usare più la testa.""}]",0.9,La risposta elenca esplicitamente un pro e un contro.
studenti_ddei02.md,Ddei02,Studenti,studenti,7,"In base alla tua esperiezia, quali sono i pro e i contro dell'uso dell'intelligenza artificiale nello studio?",I pro riguardano la velocità e la completezza nel reperire informazioni ed il contro potrebbe essere diminuire lo sforzo cognitivo fatto dagli studenti,misto,1,1,ricerca_informazioni,delega_cognitiva,"[{""category"": ""ricerca_informazioni"", ""evidence"": ""velocità e completezza nel reperire informazioni"", ""reason"": ""Il partecipante evidenzia il vantaggio di ottenere informazioni rapidamente e in modo esaustivo.""}]","[{""category"": ""delega_cognitiva"", ""evidence"": ""diminuire lo sforzo cognitivo fatto dagli studenti"", ""reason"": ""Il partecipante segnala il rischio di ridurre l'impegno mentale necessario per lo studio.""}]",0.9,La risposta elenca esplicitamente un pro e un contro.
studenti_ddei10.md,DDEI10,Studenti,studenti,8,"In base alla tua esperiezia, quali sono i pro e i contro dell'uso dell'intelligenza artificiale nello studio?",Pro velocità ed efficienza contro può togliere l’autonomia e lo sviluppo di capacità di gestione dello studio,misto,1,2,efficienza_tempo,autonomia_organizzazione|autonomia_organizzazione,"[{""category"": ""efficienza_tempo"", ""evidence"": ""velocità ed efficienza"", ""reason"": ""Il partecipante evidenzia il guadagno in termini di rapidità e produttività.""}]","[{""category"": ""autonomia_organizzazione"", ""evidence"": ""togliere l'autonomia"", ""reason"": ""Il partecipante segnala il rischio di perdita di indipendenza nello studio.""}, {""category"": ""autonomia_organizzazione"", ""evidence"": ""sviluppo di capacità di gestione dello studio"", ""reason"": ""Il partecipante indica che l'uso dell'IA potrebbe impedire l'acquisizione di competenze di gestione autonoma.""}]",0.9,La risposta elenca esplicitamente un vantaggio (velocità/efficienza) e due svantaggi legati all'autonomia e allo sviluppo delle capacità di gestione.
studenti_di34e.md,Di34e,Studenti,studenti,8,"In base alla tua esperiezia, quali sono i pro e i contro dell'uso dell'intelligenza artificiale nello studio?",Non lo so,nessuno,0,0,,,[],[],0.0,Nessuna classificazione valida restituita dal modello.
studenti_diego.md,Diego,Studenti,studenti,3,"In base alla tua esperiezia, quali sono i pro e i contro dell'uso dell'intelligenza artificiale nello studio?",Non lo uso,nessuno,0,0,,,[],[],0.0,Nessuna classificazione valida restituita dal modello.
studenti_dini04.md,Dini04,Studenti,studenti,7,"In base alla tua esperiezia, quali sono i pro e i contro dell'uso dell'intelligenza artificiale nello studio?",I pro che ti aiutano a svolgere i compiti il contro e che si possono usare in modo un po’ sbagliato,misto,1,1,efficienza_tempo,delega_cognitiva,"[{""category"": ""efficienza_tempo"", ""evidence"": ""aiutano a svolgere i compiti"", ""reason"": ""Il partecipante indica che l'IA facilita lo svolgimento dei compiti, implicando un vantaggio di efficienza.""}]","[{""category"": ""delega_cognitiva"", ""evidence"": ""si possono usare in modo un po’ sbagliato"", ""reason"": ""Il partecipante evidenzia il rischio di un utilizzo improprio che può portare a errori o cattiva applicazione.""}]",0.6,La risposta elenca esplicitamente un pro (aiuto ai compiti) e un contro (uso sbagliato).
studenti_dini08.md,Dini08,Studenti,studenti,8,"In base alla tua esperiezia, quali sono i pro e i contro dell'uso dell'intelligenza artificiale nello studio?",Tanti pro ci sono e i contro è che puoi essere sgamato dai prof,misto,1,1,altro,plagio_autorialita,"[{""category"": ""altro"", ""evidence"": ""Tanti pro ci sono"", ""reason"": ""Il partecipante afferma genericamente l'esistenza di molti vantaggi senza specificare quali.""}]","[{""category"": ""plagio_autorialita"", ""evidence"": ""puoi essere sgamato dai prof"", ""reason"": ""Il partecipante indica il rischio di essere scoperti dagli insegnanti nell'uso dell'IA.""}]",0.9,La risposta elenca genericamente dei pro e un rischio specifico legato alla rilevazione dell'uso dell'IA.
studenti_ecco19-09-81.md,ecco19/09/81,Studenti,studenti,3,"In base alla tua esperiezia, quali sono i pro e i contro dell'uso dell'intelligenza artificiale nello studio?",Pro: risponde a qualsiasi dubbio tu possa avere  Contro: la gente tende ad affidarsi troppo,nessuno,0,0,,,[],[],0.0,Nessuna classificazione valida restituita dal modello.
studenti_edko12.md,edko12,Studenti,studenti,3,"In base alla tua esperiezia, quali sono i pro e i contro dell'uso dell'intelligenza artificiale nello studio?","non c'è sforzo, non c'è ricerca, non c'è ""perdita di tempo"" e di conseguenza non c'è memorizzazione",solo_contro,0,1,,delega_cognitiva,[],"[{""category"": ""delega_cognitiva"", ""evidence"": ""non c'è sforzo, non c'è ricerca, non c'è 'perdita di tempo' e di conseguenza non c'è memorizzazione"", ""reason"": ""Il partecipante evidenzia l'assenza di sforzo e ricerca, portando a una mancanza di memorizzazione.""}]",0.9,La risposta elenca esclusivamente aspetti negativi legati all'assenza di sforzo cognitivo e di memorizzazione.
studenti_egri25.md,egri25,Studenti,studenti,7,"In base alla tua esperiezia, quali sono i pro e i contro dell'uso dell'intelligenza artificiale nello studio?","i contro sono che viene usata male e in modo nocivo per la nostra intelligenza, i pro è uno strumento molto utile che fa risparmiare tempo e i miei risultati e l’apprendimento non cambiano",misto,1,1,efficienza_tempo,delega_cognitiva,"[{""category"": ""efficienza_tempo"", ""evidence"": ""fa risparmiare tempo"", ""reason"": ""Il partecipante indica che l'IA è uno strumento utile per risparmiare tempo.""}]","[{""category"": ""delega_cognitiva"", ""evidence"": ""viene usata male e in modo nocivo per la nostra intelligenza"", ""reason"": ""Il partecipante segnala che l'uso scorretto dell'IA danneggia l'intelligenza.""}]",0.9,La risposta elenca sia un pro (risparmio di tempo) sia un contro (uso nocivo per l'intelligenza).
studenti_ele07.md,ele07,Studenti,studenti,7,"In base alla tua esperiezia, quali sono i pro e i contro dell'uso dell'intelligenza artificiale nello studio?",i pro sono ad esempio il risparmio di tempo utilizzato nella ricerca i contro fanno riferimento a un uso maladattivo,misto,1,1,efficienza_tempo,delega_cognitiva,"[{""category"": ""efficienza_tempo"", ""evidence"": ""risparmio di tempo"", ""reason"": ""Il partecipante cita esplicitamente il risparmio di tempo come vantaggio.""}]","[{""category"": ""delega_cognitiva"", ""evidence"": ""uso maladattivo"", ""reason"": ""Il partecipante definisce il contro come un 'uso maladattivo', implicando una cattiva gestione o delega del processo cognitivo.""}]",0.9,La risposta elenca chiaramente un pro (risparmio di tempo) e un contro (uso maladattivo).
studenti_ella.md,ella,Studenti,studenti,7,"In base alla tua esperiezia, quali sono i pro e i contro dell'uso dell'intelligenza artificiale nello studio?",contro: non siamo autonomi contro: ci aiuta tanto,misto,1,1,supporto_comprensione,delega_cognitiva,"[{""category"": ""supporto_comprensione"", ""evidence"": ""ci aiuta tanto"", ""reason"": ""Il partecipante indica che l'IA offre un forte supporto nello studio.""}]","[{""category"": ""delega_cognitiva"", ""evidence"": ""non siamo autonomi"", ""reason"": ""Il partecipante segnala una perdita di autonomia e dipendenza dall'IA.""}]",0.9,La risposta elenca esplicitamente sia un vantaggio ('ci aiuta tanto') sia uno svantaggio ('non siamo autonomi').
studenti_ella14.md,ella14,Studenti,studenti,2,"In base alla tua esperiezia, quali sono i pro e i contro dell'uso dell'intelligenza artificiale nello studio?","i pro sono che l’ai fornisce nozioni “universali”, ovvero ha una preparazione su tutte le materie e da risposte semplici da capire ma allo stesso tempo efficaci e corrette, un pro è che secondo me limita le capacità autonome degli alunni",misto,1,1,supporto_comprensione,delega_cognitiva,"[{""category"": ""supporto_comprensione"", ""evidence"": ""da risposte semplici da capire ma allo stesso tempo efficaci e corrette"", ""reason"": ""Il partecipante evidenzia la chiarezza e l'efficacia delle risposte fornite dall'IA.""}]","[{""category"": ""delega_cognitiva"", ""evidence"": ""limita le capacità autonome degli alunni"", ""reason"": ""Il partecipante segnala che l'uso dell'IA riduce l'autonomia e le capacità di ragionamento indipendente degli studenti.""}]",0.9,La risposta elenca esplicitamente un vantaggio (risposte chiare ed efficaci) e uno svantaggio (limitazione dell'autonomia).
studenti_ella17.md,ELLA17,Studenti,studenti,7,"In base alla tua esperiezia, quali sono i pro e i contro dell'uso dell'intelligenza artificiale nello studio?","Aiuta a facilitare e ad alleggerire lo studio ma, talvolta, la prontezza e la facilità di reperire informazioni può deficitare alcune competenze.",misto,1,1,efficienza_tempo,delega_cognitiva,"[{""category"": ""efficienza_tempo"", ""evidence"": ""Aiuta a facilitare e ad alleggerire lo studio"", ""reason"": ""Il partecipante evidenzia come l'IA semplifichi il processo di studio.""}]","[{""category"": ""delega_cognitiva"", ""evidence"": ""la prontezza e la facilità di reperire informazioni può deficitare alcune competenze"", ""reason"": ""Il partecipante segnala che la facilità di accesso alle informazioni può indebolire lo sviluppo di competenze specifiche.""}]",0.9,La risposta elenca esplicitamente un vantaggio ('facilitare e alleggerire') e uno svantaggio ('deficitare alcune competenze').
studenti_ella19.md,ella19,Studenti,studenti,7,"In base alla tua esperiezia, quali sono i pro e i contro dell'uso dell'intelligenza artificiale nello studio?","L'affidarsi all'AI può rappresentare entrambi: da una parte ti aiuta in vari compiti, dall'altra c'è il rischio che non si venga aiutati in modo totalmente corretto",misto,1,1,supporto_comprensione,affidabilita_errori,"[{""category"": ""supporto_comprensione"", ""evidence"": ""ti aiuta in vari compiti"", ""reason"": ""Il partecipante indica che l'AI assiste nell'esecuzione di compiti di studio.""}]","[{""category"": ""affidabilita_errori"", ""evidence"": ""rischio che non si venga aiutati in modo totalmente corretto"", ""reason"": ""Il partecipante evidenzia il pericolo di ricevere risposte errate o incomplete.""}]",0.9,La risposta elenca esplicitamente un vantaggio ('aiuta in vari compiti') e un rischio ('rischio che non si venga aiutati in modo totalmente corretto').
studenti_elli04.md,Elli04,Studenti,studenti,7,"In base alla tua esperiezia, quali sono i pro e i contro dell'uso dell'intelligenza artificiale nello studio?",Velocizza il processo ma rischia di far impigrire la mente se usata indiscriminatamente,misto,1,1,efficienza_tempo,delega_cognitiva,"[{""category"": ""efficienza_tempo"", ""evidence"": ""Velocizza il processo"", ""reason"": ""Il partecipante evidenzia l'accelerazione del processo di studio.""}]","[{""category"": ""delega_cognitiva"", ""evidence"": ""rischia di far impigrire la mente"", ""reason"": ""Il partecipante segnala il rischio di atrofizzazione delle capacità cognitive.""}]",0.9,La risposta elenca esplicitamente un vantaggio (velocizzazione) e uno svantaggio (impigrimento della mente).
studenti_elli08.md,Elli08,Studenti,studenti,7,"In base alla tua esperiezia, quali sono i pro e i contro dell'uso dell'intelligenza artificiale nello studio?","Pro: velocizzare alcuni processi che ricorrerebbero Maggio tempo Contro: l'uso spropositato puó portare ad esserne dipendenti e a perdere alcune capacità di ragionamento, affidandosi totalmente all'IA",misto,1,2,efficienza_tempo,dipendenza|delega_cognitiva,"[{""category"": ""efficienza_tempo"", ""evidence"": ""velocizzare alcuni processi"", ""reason"": ""Il partecipante evidenzia il vantaggio di accelerare le attività.""}]","[{""category"": ""dipendenza"", ""evidence"": ""puó portare ad esserne dipendenti"", ""reason"": ""Il partecipante segnala il rischio di creare una dipendenza dall'IA.""}, {""category"": ""delega_cognitiva"", ""evidence"": ""perdere alcune capacità di ragionamento, affidandosi totalmente all'IA"", ""reason"": ""Il partecipante indica il rischio di atrofizzare le capacità di pensiero autonomo.""}]",0.95,La risposta elenca esplicitamente un pro (velocizzazione) e due contro (dipendenza e perdita di capacità di ragionamento).
studenti_elli23.md,elli23,Studenti,studenti,8,"In base alla tua esperiezia, quali sono i pro e i contro dell'uso dell'intelligenza artificiale nello studio?",pro: efficacia e rapidità di elaborazione di contenuti contro: non sempre le fonti sono sincere,misto,1,1,efficienza_tempo,affidabilita_errori,"[{""category"": ""efficienza_tempo"", ""evidence"": ""efficacia e rapidità di elaborazione"", ""reason"": ""Il partecipante evidenzia la velocità e l'efficacia nell'elaborazione dei contenuti.""}]","[{""category"": ""affidabilita_errori"", ""evidence"": ""non sempre le fonti sono sincere"", ""reason"": ""Il partecipante segnala il rischio di informazioni non veritiere o fonti inaffidabili.""}]",0.9,La risposta elenca esplicitamente un vantaggio (pro) e uno svantaggio (contro).
studenti_elli24.md,ELLI24,Studenti,studenti,7,"In base alla tua esperiezia, quali sono i pro e i contro dell'uso dell'intelligenza artificiale nello studio?",I pro sono che fornisce velocemente la risposta di cui ho bisogno. I contro è che per ottenere informazioni più specifiche devo riformulare in modo diverso la domanda,misto,1,1,efficienza_tempo,delega_cognitiva,"[{""category"": ""efficienza_tempo"", ""evidence"": ""fornisce velocemente la risposta di cui ho bisogno"", ""reason"": ""Il partecipante evidenzia la rapidità di risposta come vantaggio.""}]","[{""category"": ""delega_cognitiva"", ""evidence"": ""per ottenere informazioni più specifiche devo riformulare in modo diverso la domanda"", ""reason"": ""Il partecipante indica la necessità di riformulare le domande come svantaggio, suggerendo una limitazione nell'interazione diretta o nella precisione immediata.""}]",0.9,La risposta elenca esplicitamente un pro e un contro.
studenti_elli27.md,elli27,Studenti,studenti,7,"In base alla tua esperiezia, quali sono i pro e i contro dell'uso dell'intelligenza artificiale nello studio?",pro - risparmio tempo; contro - troppo sintetico,misto,1,1,efficienza_tempo,standardizzazione,"[{""category"": ""efficienza_tempo"", ""evidence"": ""risparmio tempo"", ""reason"": ""Il partecipante cita il risparmio di tempo come vantaggio.""}]","[{""category"": ""standardizzazione"", ""evidence"": ""troppo sintetico"", ""reason"": ""Il partecipante segnala che l'output è eccessivamente sintetico.""}]",0.9,La risposta elenca esplicitamente un pro e un contro.
studenti_elli28.md,Elli28,Studenti,studenti,7,"In base alla tua esperiezia, quali sono i pro e i contro dell'uso dell'intelligenza artificiale nello studio?","Vi è meno elaborazione mentale (contro), velocizza e diminuisce la mole di studio (pro)",misto,1,1,efficienza_tempo,delega_cognitiva,"[{""category"": ""efficienza_tempo"", ""evidence"": ""velocizza e diminuisce la mole di studio"", ""reason"": ""Il partecipante indica che l'IA accelera il processo di studio e riduce il volume di materiale da affrontare.""}]","[{""category"": ""delega_cognitiva"", ""evidence"": ""Vi è meno elaborazione mentale"", ""reason"": ""Il partecipante segnala che l'uso dell'IA riduce l'attività di elaborazione mentale.""}]",0.9,La risposta elenca esplicitamente un vantaggio (velocizzazione) e uno svantaggio (ridotta elaborazione mentale).
studenti_elli9.md,elli9,Studenti,studenti,4,"In base alla tua esperiezia, quali sono i pro e i contro dell'uso dell'intelligenza artificiale nello studio?",pro: aiuta nell'elaborazione e quindi ad apprendere meglio. Contro: si rischia di utilizzare gli strumenti tecnologici come unica opzione di apprendimento e sostegno,misto,1,1,supporto_comprensione,dipendenza,"[{""category"": ""supporto_comprensione"", ""evidence"": ""aiuta nell'elaborazione e quindi ad apprendere meglio"", ""reason"": ""Il partecipante indica che l'IA facilita l'elaborazione dei contenuti, migliorando l'apprendimento.""}]","[{""category"": ""dipendenza"", ""evidence"": ""si rischia di utilizzare gli strumenti tecnologici come unica opzione di apprendimento e sostegno"", ""reason"": ""Il partecipante evidenzia il rischio di affidarsi esclusivamente alla tecnologia, riducendo altre forme di supporto.""}]",0.95,La risposta elenca esplicitamente un beneficio (miglior apprendimento tramite elaborazione) e un rischio (uso esclusivo degli strumenti).
studenti_ello14.md,ello14,Studenti,studenti,7,"In base alla tua esperiezia, quali sono i pro e i contro dell'uso dell'intelligenza artificiale nello studio?",Pro è molto veloce da usare; contro fa gravi errori,misto,1,1,efficienza_tempo,affidabilita_errori,"[{""category"": ""efficienza_tempo"", ""evidence"": ""molto veloce da usare"", ""reason"": ""Il partecipante evidenzia la rapidità d'uso come vantaggio.""}]","[{""category"": ""affidabilita_errori"", ""evidence"": ""fa gravi errori"", ""reason"": ""Il partecipante segnala la produzione di errori gravi come svantaggio.""}]",1.0,La risposta elenca esplicitamente un pro e un contro.
studenti_ello16.md,ello16,Studenti,studenti,6,"In base alla tua esperiezia, quali sono i pro e i contro dell'uso dell'intelligenza artificiale nello studio?",aiuta con riassunti ma non esprime tutti i concetti chiave,nessuno,0,0,,,[],[],0.0,Nessuna classificazione valida restituita dal modello.
studenti_ello18.md,Ello18,Studenti,studenti,3,"In base alla tua esperiezia, quali sono i pro e i contro dell'uso dell'intelligenza artificiale nello studio?",Può aiutare nella schematizzazione di grasse quantità di dati (es. indici di più libri),solo_pro,1,0,produzione_materiali,,"[{""category"": ""produzione_materiali"", ""evidence"": ""aiutare nella schematizzazione di grasse quantità di dati"", ""reason"": ""Il partecipante evidenzia la capacità dell'IA di organizzare grandi volumi di informazioni.""}]",[],0.9,La risposta menziona esclusivamente un beneficio operativo.
studenti_ello27.md,Ello27,Studenti,studenti,3,"In base alla tua esperiezia, quali sono i pro e i contro dell'uso dell'intelligenza artificiale nello studio?","Aiuto nello studio, sostituzione dell' uomo",nessuno,0,0,,,[],[],0.0,Nessuna classificazione valida restituita dal modello.
studenti_emartello30.md,emartello30,Studenti,studenti,8,"In base alla tua esperiezia, quali sono i pro e i contro dell'uso dell'intelligenza artificiale nello studio?",Avvolte fa cose giuste altre no,nessuno,0,0,,,[],[],0.0,Nessuna classificazione valida restituita dal modello.
studenti_enna19.md,enna19,Studenti,studenti,7,"In base alla tua esperiezia, quali sono i pro e i contro dell'uso dell'intelligenza artificiale nello studio?",pro:faccio prima,solo_pro,1,0,efficienza_tempo,,"[{""category"": ""efficienza_tempo"", ""evidence"": ""faccio prima"", ""reason"": ""Il partecipante afferma esplicitamente che l'uso dell'IA permette di completare i compiti in meno tempo.""}]",[],1.0,La risposta menziona esclusivamente un vantaggio (velocità) senza citare alcun svantaggio.
studenti_enti09.md,Enti09,Studenti,studenti,3,"In base alla tua esperiezia, quali sono i pro e i contro dell'uso dell'intelligenza artificiale nello studio?",Sicuramente è un buono strumento per la preparazione di progetti e programmi però può portare a distrazioni frequenti,misto,1,1,produzione_materiali,dipendenza,"[{""category"": ""produzione_materiali"", ""evidence"": ""buono strumento per la preparazione di progetti e programmi"", ""reason"": ""Il partecipante evidenzia l'utilità dell'IA nella creazione di materiali di studio.""}]","[{""category"": ""dipendenza"", ""evidence"": ""può portare a distrazioni frequenti"", ""reason"": ""Il partecipante segnala il rischio di distrazione come svantaggio dell'uso dell'IA.""}]",0.9,La risposta elenca esplicitamente un vantaggio e uno svantaggio.
studenti_enzi01.md,Enzi01,Studenti,studenti,7,"In base alla tua esperiezia, quali sono i pro e i contro dell'uso dell'intelligenza artificiale nello studio?","I pro sono sicuramente le informazioni in più che mi fornisce l’intelligenza artificiale, la traduzione simultanea e la ricerca di per esempio, articoli scientifici  I contro sono che è necessario controllare la provenienza per esempio di alcune informazione per verificare che siano giuste",misto,3,1,ricerca_informazioni|ricerca_informazioni|ricerca_informazioni,affidabilita_errori,"[{""category"": ""ricerca_informazioni"", ""evidence"": ""informazioni in più che mi fornisce l'intelligenza artificiale"", ""reason"": ""Il partecipante cita l'accesso a informazioni aggiuntive come vantaggio.""}, {""category"": ""ricerca_informazioni"", ""evidence"": ""traduzione simultanea"", ""reason"": ""Il partecipante menziona la traduzione come funzione utile.""}, {""category"": ""ricerca_informazioni"", ""evidence"": ""ricerca di per esempio, articoli scientifici"", ""reason"": ""Il partecipante indica la capacità di ricerca di fonti specifiche.""}]","[{""category"": ""affidabilita_errori"", ""evidence"": ""è necessario controllare la provenienza per esempio di alcune informazione per verificare che siano giuste"", ""reason"": ""Il partecipante evidenzia la necessità di verificare l'accuratezza delle informazioni fornite dall'IA.""}]",0.95,La risposta elenca esplicitamente sia vantaggi (pro) che svantaggi (contro) dell'uso dell'IA.
studenti_eppe03.md,eppe03,Studenti,studenti,7,"In base alla tua esperiezia, quali sono i pro e i contro dell'uso dell'intelligenza artificiale nello studio?",Sicuramente l'intelligenza artificiale è molto utile soprattutto per fare operazione che magari se fatte manualmente richiederebbero più tempo. Forse il maggiore contro è che spesso l'ia sostituisce in maniera troppo brutale l'operato degli esseri umani.,misto,1,1,efficienza_tempo,riduzione_relazione,"[{""category"": ""efficienza_tempo"", ""evidence"": ""molto utile soprattutto per fare operazione che magari se fatte manualmente richiederebbero più tempo"", ""reason"": ""Il partecipante evidenzia il risparmio di tempo rispetto alle operazioni manuali.""}]","[{""category"": ""riduzione_relazione"", ""evidence"": ""spesso l'ia sostituisce in maniera troppo brutale l'operato degli esseri umani"", ""reason"": ""Il partecipante segnala una sostituzione eccessiva dell'apporto umano.""}]",0.9,La risposta elenca esplicitamente un vantaggio (tempo) e uno svantaggio (sostituzione umana).
studenti_erta03.md,erta03,Studenti,studenti,8,"In base alla tua esperiezia, quali sono i pro e i contro dell'uso dell'intelligenza artificiale nello studio?",Nessuno,nessuno,0,0,,,[],[],0.0,Nessuna classificazione valida restituita dal modello.
studenti_erto07.md,erto07,Studenti,studenti,7,"In base alla tua esperiezia, quali sono i pro e i contro dell'uso dell'intelligenza artificiale nello studio?","pro veloce e facilitatorio, contro ti impigrisce",misto,2,1,efficienza_tempo|autonomia_organizzazione,dipendenza,"[{""category"": ""efficienza_tempo"", ""evidence"": ""pro veloce"", ""reason"": ""Il partecipante descrive l'IA come uno strumento rapido.""}, {""category"": ""autonomia_organizzazione"", ""evidence"": ""facilitatorio"", ""reason"": ""Il partecipante indica che l'IA facilita il processo di studio.""}]","[{""category"": ""dipendenza"", ""evidence"": ""ti impigrisce"", ""reason"": ""Il partecipante segnala che l'uso dell'IA porta a una mancanza di impegno o pigrizia.""}]",0.9,"La risposta elenca esplicitamente un vantaggio ('veloce', 'facilitatorio') e uno svantaggio ('impigrisce')."
studenti_esca26.md,esca26,Studenti,studenti,8,"In base alla tua esperiezia, quali sono i pro e i contro dell'uso dell'intelligenza artificiale nello studio?","I pro sono che può davvero essere molto d’aiuto e risparmiare tempo, i contro però è il rischio che le persone non la usino come un aiuto bensì come un sostituto",misto,1,1,efficienza_tempo,delega_cognitiva,"[{""category"": ""efficienza_tempo"", ""evidence"": ""risparmiare tempo"", ""reason"": ""Il partecipante evidenzia il vantaggio del risparmio temporale.""}]","[{""category"": ""delega_cognitiva"", ""evidence"": ""rischio che le persone non la usino come un aiuto bensì come un sostituto"", ""reason"": ""Il partecipante segnala il rischio di sostituzione dell'attività cognitiva umana.""}]",0.95,La risposta elenca esplicitamente un pro e un contro.
studenti_esco22.md,ESCO22,Studenti,studenti,7,"In base alla tua esperiezia, quali sono i pro e i contro dell'uso dell'intelligenza artificiale nello studio?",pro sono gli aiuti di sintesi. contro sono le informazioni non precise.,misto,1,1,supporto_comprensione,affidabilita_errori,"[{""category"": ""supporto_comprensione"", ""evidence"": ""aiuti di sintesi"", ""reason"": ""Il partecipante cita la sintesi come vantaggio.""}]","[{""category"": ""affidabilita_errori"", ""evidence"": ""informazioni non precise"", ""reason"": ""Il partecipante segnala l'imprecisione delle informazioni fornite dall'IA.""}]",1.0,La risposta elenca esplicitamente un pro e un contro.
studenti_esta02.md,ESTA02,Studenti,studenti,7,"In base alla tua esperiezia, quali sono i pro e i contro dell'uso dell'intelligenza artificiale nello studio?",Chiedergli di ragionare al mio posto non mi aiuta nel ragionamento,solo_contro,0,1,,delega_cognitiva,[],"[{""category"": ""delega_cognitiva"", ""evidence"": ""Chiedergli di ragionare al mio posto non mi aiuta nel ragionamento"", ""reason"": ""Il partecipante evidenzia che l'IA sostituisce il proprio processo di pensiero, impedendo lo sviluppo del ragionamento autonomo.""}]",0.95,La risposta esprime esclusivamente un rischio legato alla perdita di autonomia cognitiva.
studenti_etta07.md,etta07,Studenti,studenti,7,"In base alla tua esperiezia, quali sono i pro e i contro dell'uso dell'intelligenza artificiale nello studio?",pro: velocizzano il lavoro  contro: facciamo lavorare meno il nostro cervello,misto,1,1,efficienza_tempo,delega_cognitiva,"[{""category"": ""efficienza_tempo"", ""evidence"": ""velocizzano il lavoro"", ""reason"": ""Il partecipante indica che l'IA accelera i processi di studio.""}]","[{""category"": ""delega_cognitiva"", ""evidence"": ""facciamo lavorare meno il nostro cervello"", ""reason"": ""Il partecipante segnala il rischio di un uso eccessivo che riduce l'attività mentale.""}]",0.95,La risposta elenca esplicitamente un vantaggio (velocità) e uno svantaggio (riduzione sforzo cognitivo).
studenti_etta30.md,etta30,Studenti,studenti,7,"In base alla tua esperiezia, quali sono i pro e i contro dell'uso dell'intelligenza artificiale nello studio?","pro: tempo ridotto, schemi semplificati, riassunti dettagliati , comprensione di temi complessi contro: diventarne dipendenti e non essere in grado di svolgere normali attività senza l’uso di IA, soprattutto se in età troppo precoce",misto,4,2,efficienza_tempo|produzione_materiali|supporto_comprensione|supporto_comprensione,dipendenza|delega_cognitiva,"[{""category"": ""efficienza_tempo"", ""evidence"": ""tempo ridotto"", ""reason"": ""Il partecipante cita il risparmio di tempo come vantaggio.""}, {""category"": ""produzione_materiali"", ""evidence"": ""schemi semplificati"", ""reason"": ""L'IA facilita la creazione di schemi di studio.""}, {""category"": ""supporto_comprensione"", ""evidence"": ""riassunti dettagliati"", ""reason"": ""L'IA aiuta a fornire riassunti che migliorano la comprensione.""}, {""category"": ""supporto_comprensione"", ""evidence"": ""comprensione di temi complessi"", ""reason"": ""L'IA supporta la comprensione di argomenti difficili.""}]","[{""category"": ""dipendenza"", ""evidence"": ""diventarne dipendenti"", ""reason"": ""Il partecipante evidenzia il rischio di dipendenza dall'IA.""}, {""category"": ""delega_cognitiva"", ""evidence"": ""non essere in grado di svolgere normali attività senza l'uso di IA"", ""reason"": ""L'uso eccessivo porta all'incapacità di svolgere attività cognitive autonome.""}]",0.95,La risposta elenca chiaramente sia i benefici operativi e cognitivi sia i rischi legati alla dipendenza e alla perdita di autonomia.
studenti_etti02.md,Etti02,Studenti,studenti,3,"In base alla tua esperiezia, quali sono i pro e i contro dell'uso dell'intelligenza artificiale nello studio?","Contro: anche quando non sa le risposte, le dà sbagliate",solo_contro,0,1,,affidabilita_errori,[],"[{""category"": ""affidabilita_errori"", ""evidence"": ""anche quando non sa le risposte, le dà sbagliate"", ""reason"": ""Il partecipante evidenzia il rischio di ricevere informazioni errate anche in assenza di conoscenza.""}]",0.95,La risposta contiene esclusivamente un contro.
studenti_etti07.md,etti07,Studenti,studenti,7,"In base alla tua esperiezia, quali sono i pro e i contro dell'uso dell'intelligenza artificiale nello studio?",pro velocità e spiegazioni chiari contro nessuno,solo_pro,2,0,efficienza_tempo|supporto_comprensione,,"[{""category"": ""efficienza_tempo"", ""evidence"": ""velocità"", ""reason"": ""Il partecipante cita esplicitamente la velocità come vantaggio.""}, {""category"": ""supporto_comprensione"", ""evidence"": ""spiegazioni chiari"", ""reason"": ""Il partecipante indica che l'IA fornisce spiegazioni chiare.""}]",[],1.0,"La risposta elenca solo pro (velocità, spiegazioni chiari) e nega esplicitamente l'esistenza di contro (nessuno)."
studenti_etti08.md,etti08,Studenti,studenti,6,"In base alla tua esperiezia, quali sono i pro e i contro dell'uso dell'intelligenza artificiale nello studio?",minimo sforzo massima resa,nessuno,0,0,,,[],[],0.0,Nessuna classificazione valida restituita dal modello.
studenti_etti19.md,etti19,Studenti,studenti,8,"In base alla tua esperiezia, quali sono i pro e i contro dell'uso dell'intelligenza artificiale nello studio?",I pro sono: aiuta tutti a trovare un modo più semplice per apprendere gli argomenti che si studiano ma anche nella vita quotidiana l'intelligenza artificiale può avere una grande importanza e può fornire informazioni di ogni genere  Contro: se viene utilizzata in modo eccessivo porterà un effetto negativo sull'uomo in quanto esso non si impegnerà e non avrà la motivazione per apprendere e studiare.,misto,2,2,supporto_comprensione|ricerca_informazioni,dipendenza|delega_cognitiva,"[{""category"": ""supporto_comprensione"", ""evidence"": ""aiuta tutti a trovare un modo più semplice per apprendere gli argomenti che si studiano"", ""reason"": ""Il partecipante evidenzia come l'IA faciliti l'apprendimento degli argomenti.""}, {""category"": ""ricerca_informazioni"", ""evidence"": ""può fornire informazioni di ogni genere"", ""reason"": ""Il partecipante cita la capacità dell'IA di fornire informazioni varie.""}]","[{""category"": ""dipendenza"", ""evidence"": ""se viene utilizzata in modo eccessivo porterà un effetto negativo sull'uomo"", ""reason"": ""Il partecipante avverte del rischio negativo derivante da un uso eccessivo.""}, {""category"": ""delega_cognitiva"", ""evidence"": ""non si impegnerà e non avrà la motivazione per apprendere e studiare"", ""reason"": ""Il partecipante segnala la perdita di impegno e motivazione allo studio.""}]",0.9,"La risposta elenca chiaramente sia vantaggi (facilità di apprendimento, informazioni) sia svantaggi (uso eccessivo, mancanza di motivazione)."
studenti_etti22.md,etti22,Studenti,studenti,7,"In base alla tua esperiezia, quali sono i pro e i contro dell'uso dell'intelligenza artificiale nello studio?","Spiegazioni chiare, aiuta a risolvere dubbi ma non tutto cioè che riporta é sempre corretto",misto,2,1,supporto_comprensione|supporto_comprensione,affidabilita_errori,"[{""category"": ""supporto_comprensione"", ""evidence"": ""Spiegazioni chiare"", ""reason"": ""Il partecipante evidenzia la chiarezza delle spiegazioni fornite dall'IA.""}, {""category"": ""supporto_comprensione"", ""evidence"": ""aiuta a risolvere dubbi"", ""reason"": ""Il partecipante indica che l'IA è utile per chiarire incertezze.""}]","[{""category"": ""affidabilita_errori"", ""evidence"": ""non tutto cioè che riporta é sempre corretto"", ""reason"": ""Il partecipante segnala che le informazioni fornite dall'IA non sono sempre accurate.""}]",0.9,"La risposta elenca sia un vantaggio (chiarezza, aiuto ai dubbi) sia un rischio (mancanza di accuratezza)."
studenti_etto06.md,Etto06,Studenti,studenti,3,"In base alla tua esperiezia, quali sono i pro e i contro dell'uso dell'intelligenza artificiale nello studio?",pro: velocità di reperimento informazioni; contro: informazioni non precise o non pienamente corrette,misto,1,1,ricerca_informazioni,affidabilita_errori,"[{""category"": ""ricerca_informazioni"", ""evidence"": ""velocità di reperimento informazioni"", ""reason"": ""Il partecipante evidenzia la rapidità nell'ottenere dati come vantaggio.""}]","[{""category"": ""affidabilita_errori"", ""evidence"": ""informazioni non precise o non pienamente corrette"", ""reason"": ""Il partecipante segnala l'insufficienza di accuratezza e correttezza dei dati forniti dall'IA.""}]",1.0,La risposta elenca esplicitamente un pro e un contro.
studenti_fico26.md,fico26,Studenti,studenti,7,"In base alla tua esperiezia, quali sono i pro e i contro dell'uso dell'intelligenza artificiale nello studio?",io trovo solo pro: ottimizzare e studiare meglio,solo_pro,2,0,efficienza_tempo|supporto_comprensione,,"[{""category"": ""efficienza_tempo"", ""evidence"": ""ottimizzare"", ""reason"": ""Il partecipante cita l'ottimizzazione come vantaggio.""}, {""category"": ""supporto_comprensione"", ""evidence"": ""studiare meglio"", ""reason"": ""Il partecipante indica un miglioramento nell'apprendimento.""}]",[],1.0,"La risposta esplicita solo pro, escludendo qualsiasi contro."
studenti_fini21.md,fini21,Studenti,studenti,7,"In base alla tua esperiezia, quali sono i pro e i contro dell'uso dell'intelligenza artificiale nello studio?",semplificare le cose,solo_pro,1,0,efficienza_tempo,,"[{""category"": ""efficienza_tempo"", ""evidence"": ""semplificare le cose"", ""reason"": ""Il partecipante indica che l'IA semplifica i processi di studio.""}]",[],0.9,La risposta menziona esclusivamente un beneficio (semplificazione).
studenti_fora21.md,Fora21,Studenti,studenti,2,"In base alla tua esperiezia, quali sono i pro e i contro dell'uso dell'intelligenza artificiale nello studio?",Aiuta a fare domande,solo_pro,1,0,supporto_comprensione,,"[{""category"": ""supporto_comprensione"", ""evidence"": ""Aiuta a fare domande"", ""reason"": ""Il partecipante indica che l'IA facilita la formulazione di domande, supportando la comprensione.""}]",[],0.9,La risposta menziona esclusivamente un beneficio dell'uso dell'IA.
studenti_fori04.md,fori04,Studenti,studenti,3,"In base alla tua esperiezia, quali sono i pro e i contro dell'uso dell'intelligenza artificiale nello studio?",Sicuramente il pro dell’intelligenza artificiale è la velocità con il quale si possono avere delle risposte dettagliate e anche schematizzate; ma un contro solo intelligenza artificiale è che non capisce mai in una volta sola il suo vero scopo (il compito non lo concepisce al primo tentativo).,misto,1,1,efficienza_tempo,affidabilita_errori,"[{""category"": ""efficienza_tempo"", ""evidence"": ""velocità con il quale si possono avere delle risposte dettagliate e anche schematizzate"", ""reason"": ""Il partecipante evidenzia il vantaggio della rapidità e della capacità di schematizzare le risposte.""}]","[{""category"": ""affidabilita_errori"", ""evidence"": ""non capisce mai in una volta sola il suo vero scopo"", ""reason"": ""Il partecipante segnala l'incapacità dell'IA di comprendere correttamente il compito al primo tentativo.""}]",0.9,La risposta elenca esplicitamente un pro (velocità) e un contro (mancanza di comprensione immediata).
studenti_gelo05.md,Gelo05,Studenti,studenti,7,"In base alla tua esperiezia, quali sono i pro e i contro dell'uso dell'intelligenza artificiale nello studio?",Pro concetti più facilmente reperibili Contro si perde l’autonomia della ricerca,misto,1,1,ricerca_informazioni,autonomia_organizzazione,"[{""category"": ""ricerca_informazioni"", ""evidence"": ""Pro concetti più facilmente reperibili"", ""reason"": ""Il partecipante indica che l'IA facilita la reperibilità dei concetti.""}]","[{""category"": ""autonomia_organizzazione"", ""evidence"": ""Contro si perde l'autonomia della ricerca"", ""reason"": ""Il partecipante segnala la perdita dell'autonomia nel processo di ricerca.""}]",0.9,La risposta elenca esplicitamente un pro e un contro.
studenti_gelo14.md,gelo14,Studenti,studenti,7,"In base alla tua esperiezia, quali sono i pro e i contro dell'uso dell'intelligenza artificiale nello studio?","I pro sono il tempo che si risparmia e la semplificazione, i contro una riduzione di attenzione , di impegno ed una minor voglia di fare e imparare in quanto c'è qualcuno che lo fa al posto tuo",misto,2,3,efficienza_tempo|autonomia_organizzazione,delega_cognitiva|riduzione_relazione|dipendenza,"[{""category"": ""efficienza_tempo"", ""evidence"": ""tempo che si risparmia"", ""reason"": ""Il partecipante cita il risparmio di tempo come vantaggio.""}, {""category"": ""autonomia_organizzazione"", ""evidence"": ""semplificazione"", ""reason"": ""Il partecipante indica la semplificazione come beneficio.""}]","[{""category"": ""delega_cognitiva"", ""evidence"": ""c'è qualcuno che lo fa al posto tuo"", ""reason"": ""Il partecipante evidenzia la tendenza a delegare il lavoro ad altri.""}, {""category"": ""riduzione_relazione"", ""evidence"": ""riduzione di attenzione"", ""reason"": ""Il partecipante segnala una diminuzione dell'attenzione.""}, {""category"": ""dipendenza"", ""evidence"": ""minor voglia di fare e imparare"", ""reason"": ""Il partecipante nota una diminuzione della motivazione a impegnarsi.""}]",0.95,La risposta elenca esplicitamente sia pro che contro.
studenti_gelo25.md,gelo25,Studenti,studenti,7,"In base alla tua esperiezia, quali sono i pro e i contro dell'uso dell'intelligenza artificiale nello studio?",i pro che mi aiuta molto  i contro che crea dipendenza,misto,1,1,efficienza_tempo,dipendenza,"[{""category"": ""efficienza_tempo"", ""evidence"": ""mi aiuta molto"", ""reason"": ""Il partecipante indica un aiuto generale che implica un vantaggio operativo.""}]","[{""category"": ""dipendenza"", ""evidence"": ""crea dipendenza"", ""reason"": ""Il partecipante segnala esplicitamente il rischio di dipendenza.""}]",0.9,La risposta elenca sia un pro che un contro.
studenti_gemi14.md,gemi14,Studenti,studenti,3,"In base alla tua esperiezia, quali sono i pro e i contro dell'uso dell'intelligenza artificiale nello studio?","come pro sicuramente si risparmia del tempo, mentre come contro mi verrebbe da dire che non ci si impegna più come si sarebbe fatto senza",misto,1,1,efficienza_tempo,delega_cognitiva,"[{""category"": ""efficienza_tempo"", ""evidence"": ""si risparmia del tempo"", ""reason"": ""Il partecipante indica che l'uso dell'IA permette di risparmiare tempo.""}]","[{""category"": ""delega_cognitiva"", ""evidence"": ""non ci si impegna più come si sarebbe fatto senza"", ""reason"": ""Il partecipante segnala una riduzione dell'impegno e dell'effort cognitivo rispetto allo studio tradizionale.""}]",0.9,La risposta elenca esplicitamente un vantaggio (risparmio tempo) e uno svantaggio (mancanza di impegno).
studenti_gera26.md,gera26,Studenti,studenti,7,"In base alla tua esperiezia, quali sono i pro e i contro dell'uso dell'intelligenza artificiale nello studio?",i pro sono che aiuta tutti a trovare un modo più semplice per capire gli argomenti che si stanno studiando. i contro è che se l’intelligenza artificiale viene usata in modo scorretto può avere un effetto negativo sulla società,misto,1,1,supporto_comprensione,privacy_etica,"[{""category"": ""supporto_comprensione"", ""evidence"": ""aiuta tutti a trovare un modo più semplice per capire gli argomenti che si stanno studiando"", ""reason"": ""Il partecipante indica che l'IA facilita la comprensione degli argomenti di studio.""}]","[{""category"": ""privacy_etica"", ""evidence"": ""se l'intelligenza artificiale viene usata in modo scorretto può avere un effetto negativo sulla società"", ""reason"": ""Il partecipante segnala un rischio sociale legato all'uso scorretto dell'IA.""}]",0.9,La risposta elenca esplicitamente un vantaggio e uno svantaggio.
studenti_geri29.md,geri29,Studenti,studenti,7,"In base alla tua esperiezia, quali sono i pro e i contro dell'uso dell'intelligenza artificiale nello studio?",pro velocità contro perché dopo un tot di domande sono a pagamento,misto,1,1,efficienza_tempo,disuguaglianze,"[{""category"": ""efficienza_tempo"", ""evidence"": ""pro velocità"", ""reason"": ""Il partecipante evidenzia la rapidità come vantaggio.""}]","[{""category"": ""disuguaglianze"", ""evidence"": ""contro perché dopo un tot di domande sono a pagamento"", ""reason"": ""Il partecipante segnala un limite economico che crea barriere all'accesso.""}]",0.95,La risposta elenca esplicitamente un pro (velocità) e un contro (costo).
studenti_gese.md,gese,Studenti,studenti,7,"In base alla tua esperiezia, quali sono i pro e i contro dell'uso dell'intelligenza artificiale nello studio?",pro: informazioni che non ci sono sul libro  contro: non riesco ad apprendere bene dal telefono,misto,1,1,ricerca_informazioni,dipendenza,"[{""category"": ""ricerca_informazioni"", ""evidence"": ""informazioni che non ci sono sul libro"", ""reason"": ""Il partecipante cita l'accesso a informazioni non presenti nei libri di testo come vantaggio.""}]","[{""category"": ""dipendenza"", ""evidence"": ""non riesco ad apprendere bene dal telefono"", ""reason"": ""Il partecipante indica che l'uso del dispositivo (telefono) tramite IA impedisce un buon apprendimento.""}]",0.9,La risposta elenca esplicitamente un pro e un contro.
studenti_gini04.md,gini04,Studenti,studenti,3,"In base alla tua esperiezia, quali sono i pro e i contro dell'uso dell'intelligenza artificiale nello studio?",Pro: può essere magari utile quando sei in difficoltà o svolgere in meno tempo i compiti quando proprio non hai il tempo a disposizione. Contro: se lo usi regolarmente non ti sarà utile perché non avrai appreso nulla. Esempio: a casa puoi anche usarlo ma nelle verifiche no e quindi è a tuo svantaggio perché in classe avrai maggiore difficoltà non essendoci esercitata a sufficienza,misto,2,2,efficienza_tempo|supporto_comprensione,delega_cognitiva|dipendenza,"[{""category"": ""efficienza_tempo"", ""evidence"": ""svolgere in meno tempo i compiti"", ""reason"": ""Il partecipante cita il risparmio di tempo come vantaggio.""}, {""category"": ""supporto_comprensione"", ""evidence"": ""utile quando sei in difficoltà"", ""reason"": ""Il partecipante indica l'IA come supporto in momenti di difficoltà.""}]","[{""category"": ""delega_cognitiva"", ""evidence"": ""non avrai appreso nulla"", ""reason"": ""Il partecipante segnala che l'uso regolare impedisce l'apprendimento.""}, {""category"": ""dipendenza"", ""evidence"": ""non essendoci esercitata a sufficienza"", ""reason"": ""Il partecipante evidenzia il rischio di non aver sviluppato le competenze necessarie senza l'IA.""}]",0.95,La risposta elenca chiaramente sia benefici operativi e di comprensione sia rischi legati all'apprendimento e all'esercizio.
studenti_glia01.md,Glia01,Studenti,studenti,2,"In base alla tua esperiezia, quali sono i pro e i contro dell'uso dell'intelligenza artificiale nello studio?",Penso che l’intelligenza artificiale nello studio non sia utile perché penso che sostituisca l’apprendimento attivo e critico,solo_contro,0,1,,delega_cognitiva,[],"[{""category"": ""delega_cognitiva"", ""evidence"": ""sostituisca l'apprendimento attivo e critico"", ""reason"": ""Il partecipante afferma che l'IA sostituisce l'apprendimento attivo e critico.""}]",0.95,La risposta esprime esclusivamente un contro all'uso dell'IA nello studio.
studenti_glia18.md,glia18,Studenti,studenti,8,"In base alla tua esperiezia, quali sono i pro e i contro dell'uso dell'intelligenza artificiale nello studio?","i pro dell'uso dell'intelligenza artificiale nello studio sono la fruibilità, la facilità e sono un importante supporto allo  studio. i contro sono sicuramente il rischio che questa progressivamente possa essere usata eccessivamente e ridurre le capacità di ragionamento e attentive individuali rischiando di affidarsi totalmente su questi sistemi",misto,2,2,supporto_comprensione|efficienza_tempo,delega_cognitiva|dipendenza,"[{""category"": ""supporto_comprensione"", ""evidence"": ""importante supporto allo studio"", ""reason"": ""Il partecipante evidenzia il ruolo di supporto dell'IA per lo studio.""}, {""category"": ""efficienza_tempo"", ""evidence"": ""fruibilità, la facilità"", ""reason"": ""Il partecipante cita la facilità d'uso e la fruibilità come vantaggi.""}]","[{""category"": ""delega_cognitiva"", ""evidence"": ""ridurre le capacità di ragionamento"", ""reason"": ""Il partecipante teme che l'uso eccessivo riduca le capacità di ragionamento.""}, {""category"": ""dipendenza"", ""evidence"": ""affidarsi totalmente su questi sistemi"", ""reason"": ""Il partecipante segnala il rischio di affidamento totale ai sistemi.""}]",0.95,"La risposta elenca esplicitamente sia pro (fruibilità, facilità, supporto) sia contro (riduzione capacità, affidamento totale)."
studenti_glia24.md,glia24,Studenti,studenti,7,"In base alla tua esperiezia, quali sono i pro e i contro dell'uso dell'intelligenza artificiale nello studio?",pro: aiuta per apprendere contro: alcune volte non funziona o da informazioni false,misto,1,2,supporto_comprensione,affidabilita_errori|affidabilita_errori,"[{""category"": ""supporto_comprensione"", ""evidence"": ""aiuta per apprendere"", ""reason"": ""Il partecipante indica che l'IA facilita il processo di apprendimento.""}]","[{""category"": ""affidabilita_errori"", ""evidence"": ""da informazioni false"", ""reason"": ""Il partecipante segnala il rischio di ricevere dati inaccurati.""}, {""category"": ""affidabilita_errori"", ""evidence"": ""non funziona"", ""reason"": ""Il partecipante segnala l'instabilità o il malfunzionamento dell'IA.""}]",0.9,"La risposta elenca esplicitamente un beneficio ('aiuta per apprendere') e due rischi ('non funziona', 'informazioni false')."
studenti_glia26.md,glia26,Studenti,studenti,8,"In base alla tua esperiezia, quali sono i pro e i contro dell'uso dell'intelligenza artificiale nello studio?","I pro sono la specificità e la velocità del sistema, i contro è che avendo dati molto vasti spesso non rispondono precisamente a ciò che chiedo",misto,1,1,efficienza_tempo,affidabilita_errori,"[{""category"": ""efficienza_tempo"", ""evidence"": ""specificità e la velocità del sistema"", ""reason"": ""Il partecipante evidenzia la rapidità e la capacità di fornire risposte specifiche come vantaggio.""}]","[{""category"": ""affidabilita_errori"", ""evidence"": ""spesso non rispondono precisamente a ciò che chiedo"", ""reason"": ""Il partecipante segnala l'incapacità dell'IA di essere precisa quando si lavora con grandi quantità di dati.""}]",0.9,La risposta elenca esplicitamente un pro e un contro.
studenti_glio26.md,Glio26,Studenti,studenti,3,"In base alla tua esperiezia, quali sono i pro e i contro dell'uso dell'intelligenza artificiale nello studio?","Ritengo che sia utile affidarsi all’intelligenza artificiale sé questa viene adottata con criterio a fini informativi, come se fosse una grande enciclopedia. L’aspetto negativo risiede nell’uso eccessivo che di essa si può fare, quando ad esempio si delega all’IA il proprio lavoro, escludendo a priori un esercizio e abilità personali.",misto,1,1,ricerca_informazioni,delega_cognitiva,"[{""category"": ""ricerca_informazioni"", ""evidence"": ""utile affidarsi all'intelligenza artificiale ... a fini informativi, come se fosse una grande enciclopedia"", ""reason"": ""Il partecipante definisce l'IA come uno strumento utile per l'informazione, paragonandola a un'enciclopedia.""}]","[{""category"": ""delega_cognitiva"", ""evidence"": ""uso eccessivo che di essa si può fare, quando ad esempio si delega all'IA il proprio lavoro"", ""reason"": ""Il partecipante evidenzia il rischio di delegare completamente il lavoro all'IA, escludendo l'esercizio delle abilità personali.""}]",0.95,La risposta elenca esplicitamente un vantaggio (uso informativo) e uno svantaggio (delega del lavoro).
studenti_hini29.md,hini29,Studenti,studenti,7,"In base alla tua esperiezia, quali sono i pro e i contro dell'uso dell'intelligenza artificiale nello studio?",Tendenza a delegare le funzioni all' ia,misto,0,1,,delega_cognitiva,[],"[{""category"": ""delega_cognitiva"", ""evidence"": ""Tendenza a delegare le funzioni all' ia"", ""reason"": ""Il partecipante evidenzia una tendenza alla delega delle funzioni cognitive.""}]",0.9,"La risposta menziona esplicitamente una tendenza alla delega, che è un rischio, ma non cita alcun beneficio, rendendo la posizione prevalentemente negativa ma classificata come mista per presenza di entrambi gli elementi (delega come ris..."
studenti_hino05.md,hino05,Studenti,studenti,7,"In base alla tua esperiezia, quali sono i pro e i contro dell'uso dell'intelligenza artificiale nello studio?","aiuta a comprendere meglio e approfondire temi, ma potrebbe sostituirsi troppo alla capacità di memoria e di ragionamento",misto,2,1,supporto_comprensione|supporto_comprensione,delega_cognitiva,"[{""category"": ""supporto_comprensione"", ""evidence"": ""aiuta a comprendere meglio"", ""reason"": ""Il partecipante indica che l'IA facilita la comprensione dei temi.""}, {""category"": ""supporto_comprensione"", ""evidence"": ""approfondire temi"", ""reason"": ""Il partecipante indica che l'IA permette di approfondire i temi.""}]","[{""category"": ""delega_cognitiva"", ""evidence"": ""potrebbe sostituirsi troppo alla capacità di memoria e di ragionamento"", ""reason"": ""Il partecipante segnala il rischio di una sostituzione eccessiva delle capacità cognitive naturali.""}]",0.95,La risposta elenca esplicitamente un beneficio (comprensione/approfondimento) e un rischio (sostituzione memoria/ragionamento).
studenti_iala12.md,iala12,Studenti,studenti,7,"In base alla tua esperiezia, quali sono i pro e i contro dell'uso dell'intelligenza artificiale nello studio?",Pro consente di alleggerire il carico ed organizzare meglio il materiale; Contro può essere utilizzato come sostituito ad altri tipi di risorse,misto,1,1,autonomia_organizzazione,delega_cognitiva,"[{""category"": ""autonomia_organizzazione"", ""evidence"": ""alleggerire il carico ed organizzare meglio il materiale"", ""reason"": ""Il partecipante cita la capacità di gestire meglio il carico di lavoro e l'organizzazione.""}]","[{""category"": ""delega_cognitiva"", ""evidence"": ""può essere utilizzato come sostituito ad altri tipi di risorse"", ""reason"": ""Il partecipante evidenzia il rischio di sostituire l'uso di altre risorse con l'IA.""}]",0.9,La risposta elenca esplicitamente un pro e un contro.
studenti_iani17.md,iani17,Studenti,studenti,7,"In base alla tua esperiezia, quali sono i pro e i contro dell'uso dell'intelligenza artificiale nello studio?",Contro = sostituisce il cervello umano  Pro=ottimizza il tempo,misto,1,1,efficienza_tempo,delega_cognitiva,"[{""category"": ""efficienza_tempo"", ""evidence"": ""ottimizza il tempo"", ""reason"": ""Il partecipante indica che l'IA permette di ottimizzare il tempo.""}]","[{""category"": ""delega_cognitiva"", ""evidence"": ""sostituisce il cervello umano"", ""reason"": ""Il partecipante afferma che l'IA sostituisce il cervello umano.""}]",0.9,La risposta elenca esplicitamente un pro e un contro.
studenti_iano21.md,Iano21,Studenti,studenti,2,"In base alla tua esperiezia, quali sono i pro e i contro dell'uso dell'intelligenza artificiale nello studio?","L’estrema semplificazione dei concetti e superficialità degli studenti alle prese con un compito, incita alla pigrizia e non la curiosità",nessuno,0,0,,,[],[],0.0,Nessuna classificazione valida restituita dal modello.
studenti_iase11.md,iase11,Studenti,studenti,7,"In base alla tua esperiezia, quali sono i pro e i contro dell'uso dell'intelligenza artificiale nello studio?","I pro sono sicuramente la velocità e le varie attività a disposizione che aiutano lo studio. L'unico contro che posso riscontrare è proprio la facilità di ricerca e aiuto, che possono sfociare in un abuso dell'IA con diminuzione di autonomia e iniziativa nello studio.",misto,2,1,efficienza_tempo|supporto_comprensione,delega_cognitiva,"[{""category"": ""efficienza_tempo"", ""evidence"": ""velocità"", ""reason"": ""Il partecipante cita la velocità come vantaggio.""}, {""category"": ""supporto_comprensione"", ""evidence"": ""varie attività a disposizione che aiutano lo studio"", ""reason"": ""Il partecipante menziona attività che facilitano lo studio.""}]","[{""category"": ""delega_cognitiva"", ""evidence"": ""facilità di ricerca e aiuto, che possono sfociare in un abuso dell'IA con diminuzione di autonomia e iniziativa"", ""reason"": ""Il partecipante evidenzia il rischio di abuso e perdita di autonomia.""}]",0.95,La risposta elenca esplicitamente sia pro che contro.
studenti_ibba03.md,Ibba03,Studenti,studenti,7,"In base alla tua esperiezia, quali sono i pro e i contro dell'uso dell'intelligenza artificiale nello studio?","i pro principale è la riduzione del carico di lavoro e quindi un’ottimizzazione dei tempi, non trovo contro al momento",solo_pro,1,0,efficienza_tempo,,"[{""category"": ""efficienza_tempo"", ""evidence"": ""riduzione del carico di lavoro e quindi un'ottimizzazione dei tempi"", ""reason"": ""Il partecipante cita esplicitamente il risparmio di tempo e l'ottimizzazione come vantaggio principale.""}]",[],1.0,La risposta elenca un unico pro e nega la presenza di contro.
studenti_ieco10.md,IECO10,Studenti,studenti,8,"In base alla tua esperiezia, quali sono i pro e i contro dell'uso dell'intelligenza artificiale nello studio?","contro :alcune persone fanno abuso dell’IA, pro: può essere uno strumento utile che velocizza lo studio",misto,1,1,efficienza_tempo,dipendenza,"[{""category"": ""efficienza_tempo"", ""evidence"": ""velocizza lo studio"", ""reason"": ""Il partecipante evidenzia la capacità dell'IA di accelerare il processo di studio.""}]","[{""category"": ""dipendenza"", ""evidence"": ""alcune persone fanno abuso dell’IA"", ""reason"": ""Il partecipante segnala il rischio di un uso eccessivo o improprio da parte di alcuni utenti.""}]",0.9,La risposta elenca esplicitamente un pro e un contro.
studenti_ieri-06.md,ieri 06,Studenti,studenti,8,"In base alla tua esperiezia, quali sono i pro e i contro dell'uso dell'intelligenza artificiale nello studio?",pro perchè nel momento del bisogno mi aiuta,nessuno,0,0,,,[],[],0.0,Nessuna classificazione valida restituita dal modello.
studenti_ieri23.md,ieri23,Studenti,studenti,7,"In base alla tua esperiezia, quali sono i pro e i contro dell'uso dell'intelligenza artificiale nello studio?","pro: risparmiare tempo, avere spiegazioni specifiche, avere un aiuto nell’organizzazione; contro: si può andare incontro ad errori, informazioni errate",misto,3,2,efficienza_tempo|supporto_comprensione|autonomia_organizzazione,affidabilita_errori|affidabilita_errori,"[{""category"": ""efficienza_tempo"", ""evidence"": ""risparmio di tempo"", ""reason"": ""Il partecipante cita il risparmio di tempo come vantaggio.""}, {""category"": ""supporto_comprensione"", ""evidence"": ""avere spiegazioni specifiche"", ""reason"": ""Il partecipante indica che l'IA fornisce spiegazioni specifiche.""}, {""category"": ""autonomia_organizzazione"", ""evidence"": ""avere un aiuto nell'organizzazione"", ""reason"": ""Il partecipante segnala un aiuto nell'organizzazione come pro.""}]","[{""category"": ""affidabilita_errori"", ""evidence"": ""si può andare incontro ad errori"", ""reason"": ""Il partecipante evidenzia il rischio di commettere errori.""}, {""category"": ""affidabilita_errori"", ""evidence"": ""informazioni errate"", ""reason"": ""Il partecipante segnala la presenza di informazioni errate.""}]",0.95,La risposta elenca chiaramente tre benefici e due rischi specifici.
studenti_iesi19.md,IESI19,Studenti,studenti,3,"In base alla tua esperiezia, quali sono i pro e i contro dell'uso dell'intelligenza artificiale nello studio?",Pro: possono fare riassunti  Contro: si approfondisce di meno,misto,1,1,produzione_materiali,delega_cognitiva,"[{""category"": ""produzione_materiali"", ""evidence"": ""possono fare riassunti"", ""reason"": ""Il partecipante indica la capacità dell'IA di generare sintesi come vantaggio.""}]","[{""category"": ""delega_cognitiva"", ""evidence"": ""si approfondisce di meno"", ""reason"": ""Il partecipante segnala una riduzione dell'approfondimento come svantaggio.""}]",1.0,La risposta elenca esplicitamente un pro e un contro.
studenti_illi30.md,Illi30,Studenti,studenti,8,"In base alla tua esperiezia, quali sono i pro e i contro dell'uso dell'intelligenza artificiale nello studio?",I pro sono che accorcia il Tempo ed è precisa i contro sono che potrebbe smettere di farti studiare autonomamente,misto,1,1,efficienza_tempo,delega_cognitiva,"[{""category"": ""efficienza_tempo"", ""evidence"": ""accorcia il Tempo"", ""reason"": ""Il partecipante indica che l'IA riduce la durata delle attività di studio.""}]","[{""category"": ""delega_cognitiva"", ""evidence"": ""potrebbe smettere di farti studiare autonomamente"", ""reason"": ""Il partecipante segnala il rischio di perdita di autonomia nello studio.""}]",0.9,La risposta elenca esplicitamente un vantaggio (tempo) e uno svantaggio (autonomia).
studenti_illo24.md,illo24,Studenti,studenti,8,"In base alla tua esperiezia, quali sono i pro e i contro dell'uso dell'intelligenza artificiale nello studio?",I pro sono che sicuramente aiuta a sintetizzare rendendo più veloce lo studio e l'apprendimento ma i contro possono essere ad esempio la completa sostituzione dell'intelligenza artificiale che ostacola l'apprendimento,nessuno,0,0,,,[],[],0.0,Nessuna classificazione valida restituita dal modello.
studenti_ina06.md,Ina06,Studenti,studenti,3,"In base alla tua esperiezia, quali sono i pro e i contro dell'uso dell'intelligenza artificiale nello studio?","Contro: semplifica di molto il livello di approfondimento, appiattisce l’indagine critica e gli studenti tendono ad affidarsi troppo all’IA Pro: può essere utile per integrare delle informazioni ed elaborare in modo più esaustivo dei contenuti carenti",misto,1,1,supporto_comprensione,delega_cognitiva,"[{""category"": ""supporto_comprensione"", ""evidence"": ""può essere utile per integrare delle informazioni ed elaborare in modo più esaustivo dei contenuti carenti"", ""reason"": ""L'IA aiuta a colmare lacune conoscitive e a sviluppare contenuti.""}]","[{""category"": ""delega_cognitiva"", ""evidence"": ""semplifica di molto il livello di approfondimento, appiattisce l’indagine critica e gli studenti tendono ad affidarsi troppo all’IA"", ""reason"": ""L'uso dell'IA riduce la profondità dell'analisi e favorisce una dipendenza eccessiva.""}]",0.95,La risposta elenca esplicitamente sia un vantaggio (integrazione informazioni) sia uno svantaggio (appiattimento critica).
studenti_inno09.md,Inno09,Studenti,studenti,3,"In base alla tua esperiezia, quali sono i pro e i contro dell'uso dell'intelligenza artificiale nello studio?",I pro sono che lo studente ha maggiori mezzi di studio e approfondimenti  I contro sono che l’IA potrebbe sostituire lo studente rendendolo impreparato,misto,1,1,ricerca_informazioni,delega_cognitiva,"[{""category"": ""ricerca_informazioni"", ""evidence"": ""maggiori mezzi di studio e approfondimenti"", ""reason"": ""Il partecipante indica che l'IA offre più risorse per lo studio.""}]","[{""category"": ""delega_cognitiva"", ""evidence"": ""l'IA potrebbe sostituire lo studente rendendolo impreparato"", ""reason"": ""Il partecipante segnala il rischio di sostituzione del ruolo dello studente e perdita di preparazione.""}]",0.9,La risposta elenca sia un vantaggio (approfondimenti) sia un rischio (sostituzione).
studenti_inti23.md,inti23,Studenti,studenti,7,"In base alla tua esperiezia, quali sono i pro e i contro dell'uso dell'intelligenza artificiale nello studio?",pro semplifica tutto e risparmi tempo contro non apprendi,misto,1,1,efficienza_tempo,delega_cognitiva,"[{""category"": ""efficienza_tempo"", ""evidence"": ""semplifica tutto e risparmi tempo"", ""reason"": ""Il partecipante evidenzia il risparmio di tempo come vantaggio.""}]","[{""category"": ""delega_cognitiva"", ""evidence"": ""non apprendi"", ""reason"": ""Il partecipante segnala che l'uso dell'IA impedisce l'apprendimento.""}]",0.9,La risposta elenca esplicitamente un pro e un contro.
studenti_inzi03.md,Inzi03,Studenti,studenti,8,"In base alla tua esperiezia, quali sono i pro e i contro dell'uso dell'intelligenza artificiale nello studio?",Pro che aiuta contro che poi non pensiamo tanto piu,nessuno,0,0,,,[],[],0.0,Nessuna classificazione valida restituita dal modello.
studenti_iola13.md,Iola13,Studenti,studenti,3,"In base alla tua esperiezia, quali sono i pro e i contro dell'uso dell'intelligenza artificiale nello studio?",Non ho tanta esperienza,nessuno,0,0,,,[],[],0.9,"Il partecipante dichiara di non avere esperienza, rendendo impossibile identificare pro o contro specifici."
studenti_ioni10.md,ioni10,Studenti,studenti,2,"In base alla tua esperiezia, quali sono i pro e i contro dell'uso dell'intelligenza artificiale nello studio?","L'IA può aiutare a migliorare le nostre capacità e  e conoscenze ed aiutarci nelle difficoltà, tuttavia impoverisce le nostre proprietà di linguaggio, il nostro modo di esprimerci, il nostro sforzo di pensare in modo critico e le nostre conoscenze.",misto,1,2,supporto_comprensione,delega_cognitiva|dipendenza,"[{""category"": ""supporto_comprensione"", ""evidence"": ""aiutare a migliorare le nostre capacità e conoscenze ed aiutarci nelle difficoltà"", ""reason"": ""Il partecipante indica che l'IA aiuta a migliorare capacità e conoscenze e a superare difficoltà.""}]","[{""category"": ""delega_cognitiva"", ""evidence"": ""impoverisce le nostre proprietà di linguaggio, il nostro modo di esprimerci, il nostro sforzo di pensare in modo critico"", ""reason"": ""Il partecipante segnala che l'IA impoverisce le proprietà linguistiche, il modo di esprimersi e lo sforzo critico.""}, {""category"": ""dipendenza"", ""evidence"": ""impoverisce le nostre proprietà di linguaggio, il nostro modo di esprimerci, il nostro sforzo di pensare in modo critico e le nostre conoscenze"", ""reason"": ""Il partecipante suggerisce che l'uso dell'IA porta a una perdita delle proprie conoscenze e capacità cognitive.""}]",0.95,La risposta elenca esplicitamente sia un beneficio (miglioramento capacità) sia dei rischi (impoverimento proprietà linguistiche e critiche).
studenti_ioni10_2.md,ioni10,Studenti,studenti,2,"In base alla tua esperiezia, quali sono i pro e i contro dell'uso dell'intelligenza artificiale nello studio?","L'IA può aiutare a migliorare le nostre capacità e  e conoscenze ed aiutarci nelle difficoltà, tuttavia impoverisce le nostre proprietà di linguaggio, il nostro modo di esprimerci, il nostro sforzo di pensare in modo critico e le nostre conoscenze.",misto,1,2,supporto_comprensione,delega_cognitiva|dipendenza,"[{""category"": ""supporto_comprensione"", ""evidence"": ""aiutare a migliorare le nostre capacità e conoscenze ed aiutarci nelle difficoltà"", ""reason"": ""Il partecipante indica che l'IA aiuta a migliorare capacità e conoscenze e a superare difficoltà.""}]","[{""category"": ""delega_cognitiva"", ""evidence"": ""impoverisce le nostre proprietà di linguaggio, il nostro modo di esprimerci, il nostro sforzo di pensare in modo critico"", ""reason"": ""Il partecipante segnala che l'IA impoverisce il linguaggio, l'espressione e lo sforzo critico.""}, {""category"": ""dipendenza"", ""evidence"": ""impoverisce le nostre proprietà di linguaggio, il nostro modo di esprimerci, il nostro sforzo di pensare in modo critico e le nostre conoscenze"", ""reason"": ""Il partecipante suggerisce che l'uso dell'IA porta a una perdita di conoscenze autonome.""}]",0.95,La risposta elenca esplicitamente sia un beneficio (miglioramento capacità) sia dei rischi (impoverimento proprietà linguistiche e critiche).
studenti_ioni25.md,Ioni25,Studenti,studenti,8,"In base alla tua esperiezia, quali sono i pro e i contro dell'uso dell'intelligenza artificiale nello studio?","I pro sono molti: ricerca immediata di informazioni, la multifunzionalità del mezzo. I contro sono: maggiore inquinamento, utilizzo inappropriato dello strumento, aumento della “pigrizia” mentale se utilizzato erroneamente.",nessuno,0,0,,,[],[],0.0,Nessuna classificazione valida restituita dal modello.
studenti_iosi26.md,iosi26,Studenti,studenti,8,"In base alla tua esperiezia, quali sono i pro e i contro dell'uso dell'intelligenza artificiale nello studio?","Agevola la mole di studio se usata correttamente, d'altra parte puo' sostituire l'impegno, caratteristica dell'essere umano",nessuno,0,0,,,[],[],0.0,Nessuna classificazione valida restituita dal modello.
studenti_ippa03.md,ippa03,Studenti,studenti,7,"In base alla tua esperiezia, quali sono i pro e i contro dell'uso dell'intelligenza artificiale nello studio?",i pro è che abbreviò i temi e ricevo molte informazioni necessarie i contro che magri a volte le info sono sbagliate,misto,2,1,efficienza_tempo|ricerca_informazioni,affidabilita_errori,"[{""category"": ""efficienza_tempo"", ""evidence"": ""abbreviò i temi"", ""reason"": ""Il partecipante indica che l'IA riduce il tempo necessario per elaborare i temi.""}, {""category"": ""ricerca_informazioni"", ""evidence"": ""ricevo molte informazioni necessarie"", ""reason"": ""Il partecipante segnala l'accesso rapido a molte informazioni utili.""}]","[{""category"": ""affidabilita_errori"", ""evidence"": ""magri a volte le info sono sbagliate"", ""reason"": ""Il partecipante evidenzia il rischio di ricevere informazioni errate.""}]",0.9,La risposta elenca esplicitamente sia un vantaggio (risparmio tempo/info) sia uno svantaggio (info sbagliate).
studenti_ippa04.md,IPPA04,Studenti,studenti,7,"In base alla tua esperiezia, quali sono i pro e i contro dell'uso dell'intelligenza artificiale nello studio?",I pro sono: - l'infrastruttura esterna che ti porta a una conoscenza più ampia; - lo studio più lineare e in focus.  I contro sono: - rischio di diventare dipendenti; - risposte non sempre corrette.,misto,2,2,ricerca_informazioni|autonomia_organizzazione,dipendenza|affidabilita_errori,"[{""category"": ""ricerca_informazioni"", ""evidence"": ""l'infrastruttura esterna che ti porta a una conoscenza più ampia"", ""reason"": ""Il partecipante cita l'espansione della conoscenza come vantaggio.""}, {""category"": ""autonomia_organizzazione"", ""evidence"": ""studio più lineare e in focus"", ""reason"": ""Il partecipante indica un miglioramento dell'organizzazione e della focalizzazione dello studio.""}]","[{""category"": ""dipendenza"", ""evidence"": ""rischio di diventare dipendenti"", ""reason"": ""Il partecipante segnala il rischio di dipendenza dall'IA.""}, {""category"": ""affidabilita_errori"", ""evidence"": ""risposte non sempre corrette"", ""reason"": ""Il partecipante evidenzia l'insufficienza di accuratezza delle risposte fornite.""}]",0.95,La risposta elenca esplicitamente due benefici e due rischi specifici.
studenti_isto14.md,isto14,Studenti,studenti,3,"In base alla tua esperiezia, quali sono i pro e i contro dell'uso dell'intelligenza artificiale nello studio?",sicuramente può facilitare il processo di studio ma anche alimentare la pigrizia,misto,1,1,efficienza_tempo,delega_cognitiva,"[{""category"": ""efficienza_tempo"", ""evidence"": ""facilitare il processo di studio"", ""reason"": ""Il partecipante indica che l'IA rende più agevole lo studio.""}]","[{""category"": ""delega_cognitiva"", ""evidence"": ""alimentare la pigrizia"", ""reason"": ""Il partecipante segnala che l'IA può portare a una minore applicazione mentale.""}]",0.95,La risposta elenca esplicitamente un vantaggio ('facilitare') e uno svantaggio ('pigrizia').
studenti_itti17.md,Itti17,Studenti,studenti,3,"In base alla tua esperiezia, quali sono i pro e i contro dell'uso dell'intelligenza artificiale nello studio?",Pro: approfondire tematiche  Contro: ridotto impegno personale,misto,1,1,supporto_comprensione,delega_cognitiva,"[{""category"": ""supporto_comprensione"", ""evidence"": ""approfondire tematiche"", ""reason"": ""Il partecipante indica che l'IA aiuta a comprendere meglio argomenti complessi.""}]","[{""category"": ""delega_cognitiva"", ""evidence"": ""ridotto impegno personale"", ""reason"": ""Il partecipante segnala che l'uso dell'IA porta a un calo dell'impegno nello studio.""}]",0.9,La risposta elenca esplicitamente un pro e un contro.
studenti_itti19.md,Itti19,Studenti,studenti,3,"In base alla tua esperiezia, quali sono i pro e i contro dell'uso dell'intelligenza artificiale nello studio?","Io credo che dipenda molto dall’uso che se ne fa, se la si usa per chiedere chiarimenti su un qualcosa che magari per noi è poco chiaro, può essere utile, ma se viene utilizzata per sostituirci e fargli fare le cose al posto nostro nell’ambito dello studio ad esempio, o nello scrivere testi, secondo me risulta essere un assoluto contro",misto,1,1,supporto_comprensione,delega_cognitiva,"[{""category"": ""supporto_comprensione"", ""evidence"": ""se la si usa per chiedere chiarimenti su un qualcosa che magari per noi è poco chiaro, può essere utile"", ""reason"": ""Il partecipante indica che l'IA è utile per ottenere chiarimenti su argomenti poco chiari.""}]","[{""category"": ""delega_cognitiva"", ""evidence"": ""se viene utilizzata per sostituirci e fargli fare le cose al posto nostro nell'ambito dello studio ad esempio, o nello scrivere testi"", ""reason"": ""Il partecipante segnala che l'uso dell'IA per sostituire lo studente nello studio o nella scrittura è un contro.""}]",0.95,La risposta elenca esplicitamente un vantaggio (chiarimenti) e uno svantaggio (sostituzione/delega).
studenti_izzi02.md,Izzi02,Studenti,studenti,8,"In base alla tua esperiezia, quali sono i pro e i contro dell'uso dell'intelligenza artificiale nello studio?","I pro sono la facilità di fruizione, i contro e che ora non si può far senza!",nessuno,0,0,,,[],[],0.0,Nessuna classificazione valida restituita dal modello.
studenti_izzo20.md,izzo20,Studenti,studenti,7,"In base alla tua esperiezia, quali sono i pro e i contro dell'uso dell'intelligenza artificiale nello studio?","i pro l’aiuto nello spiegare argomenti non chiari, i contro l’utilizzo eccessivo per produrre anche testi",misto,1,1,supporto_comprensione,delega_cognitiva,"[{""category"": ""supporto_comprensione"", ""evidence"": ""aiuto nello spiegare argomenti non chiari"", ""reason"": ""Il partecipante indica che l'IA aiuta a chiarire concetti difficili.""}]","[{""category"": ""delega_cognitiva"", ""evidence"": ""utilizzo eccessivo per produrre anche testi"", ""reason"": ""Il partecipante segnala il rischio di un uso eccessivo dell'IA per la produzione di testi, implicando una delega del compito cognitivo.""}]",0.9,La risposta elenca esplicitamente un pro (spiegazione argomenti) e un contro (uso eccessivo produzione testi).
studenti_joka26.md,joka26,Studenti,studenti,2,"In base alla tua esperiezia, quali sono i pro e i contro dell'uso dell'intelligenza artificiale nello studio?",i pro posso essere che ti auita a fare le mappe su quell argomento e i contro possono essere fai tutto senza imparare niente,misto,1,1,produzione_materiali,delega_cognitiva,"[{""category"": ""produzione_materiali"", ""evidence"": ""aiuta a fare le mappe su quell argomento"", ""reason"": ""Il partecipante indica che l'IA facilita la creazione di mappe concettuali.""}]","[{""category"": ""delega_cognitiva"", ""evidence"": ""fai tutto senza imparare niente"", ""reason"": ""Il partecipante segnala il rischio di delegare completamente il lavoro senza acquisire conoscenze.""}]",0.9,La risposta elenca esplicitamente un vantaggio (creazione mappe) e uno svantaggio (mancanza di apprendimento).
studenti_kera01.md,kera01,Studenti,studenti,7,"In base alla tua esperiezia, quali sono i pro e i contro dell'uso dell'intelligenza artificiale nello studio?",pro= velocità e chiarezza  contro= alcune funzioni sono a pagamento,misto,2,1,efficienza_tempo|supporto_comprensione,disuguaglianze,"[{""category"": ""efficienza_tempo"", ""evidence"": ""velocità"", ""reason"": ""Il partecipante cita la velocità come vantaggio.""}, {""category"": ""supporto_comprensione"", ""evidence"": ""chiarezza"", ""reason"": ""Il partecipante cita la chiarezza come vantaggio.""}]","[{""category"": ""disuguaglianze"", ""evidence"": ""alcune funzioni sono a pagamento"", ""reason"": ""Il partecipante segnala che l'accesso a tutte le funzionalità è limitato da costi.""}]",1.0,La risposta elenca esplicitamente sia pro che contro.
studenti_lachi02.md,Lachi02,Studenti,studenti,7,"In base alla tua esperiezia, quali sono i pro e i contro dell'uso dell'intelligenza artificiale nello studio?",Pro ottimizzazione tempo  Contro impigrimento mentale,misto,1,1,efficienza_tempo,delega_cognitiva,"[{""category"": ""efficienza_tempo"", ""evidence"": ""ottimizzazione tempo"", ""reason"": ""Il partecipante cita l'ottimizzazione del tempo come vantaggio.""}]","[{""category"": ""delega_cognitiva"", ""evidence"": ""impigrimento mentale"", ""reason"": ""Il partecipante segnala che l'uso dell'IA porta a un impigrimento mentale.""}]",0.95,La risposta elenca esplicitamente un pro e un contro.
studenti_laia07.md,laia07,Studenti,studenti,7,"In base alla tua esperiezia, quali sono i pro e i contro dell'uso dell'intelligenza artificiale nello studio?",Pro: facilità le ricerche  Contro: si rischia di delegare troppo all' IA,misto,1,1,ricerca_informazioni,delega_cognitiva,"[{""category"": ""ricerca_informazioni"", ""evidence"": ""facilità le ricerche"", ""reason"": ""Il partecipante indica che l'IA facilita il processo di ricerca.""}]","[{""category"": ""delega_cognitiva"", ""evidence"": ""si rischia di delegare troppo all' IA"", ""reason"": ""Il partecipante segnala il rischio di eccessiva dipendenza dall'IA.""}]",0.95,La risposta elenca esplicitamente un pro e un contro.
studenti_lani31.md,lani31,Studenti,studenti,3,"In base alla tua esperiezia, quali sono i pro e i contro dell'uso dell'intelligenza artificiale nello studio?",I contro consistono in un impoverimento complessivo delle capacità cognitive umane,solo_contro,0,1,,delega_cognitiva,[],"[{""category"": ""delega_cognitiva"", ""evidence"": ""impoverimento complessivo delle capacità cognitive umane"", ""reason"": ""Il partecipante evidenzia un rischio legato alla perdita di capacità cognitive.""}]",0.95,La risposta menziona esclusivamente un contro.
studenti_lico31.md,lico31,Studenti,studenti,3,"In base alla tua esperiezia, quali sono i pro e i contro dell'uso dell'intelligenza artificiale nello studio?",possono aiutare nella semplifiazione ma a mio parere possono anche confondere i materiali oltre ad un certo margine di errore che possono commettere. un contro nell'utilizzo è il propt che deve essere quello giusto affinche si possa ottenere quel che si vuole.,misto,1,3,supporto_comprensione,affidabilita_errori|delega_cognitiva|autonomia_organizzazione,"[{""category"": ""supporto_comprensione"", ""evidence"": ""possono aiutare nella semplifiazione"", ""reason"": ""Il partecipante indica che l'IA facilita la semplificazione dei contenuti.""}]","[{""category"": ""affidabilita_errori"", ""evidence"": ""oltre ad un certo margine di errore che possono commettere"", ""reason"": ""Il partecipante evidenzia la presenza di errori commessi dall'IA.""}, {""category"": ""delega_cognitiva"", ""evidence"": ""possono anche confondere i materiali"", ""reason"": ""Il partecipante suggerisce che l'uso dell'IA può portare a confusione e perdita di chiarezza nei materiali.""}, {""category"": ""autonomia_organizzazione"", ""evidence"": ""il propt che deve essere quello giusto affinche si possa ottenere quel che si vuole"", ""reason"": ""Il partecipante sottolinea la necessità di un prompt specifico, implicando una dipendenza dalla precisione dell'input da parte dell'utente.""}]",0.9,"La risposta elenca sia un beneficio (semplificazione) sia diversi rischi (errori, confusione, dipendenza dal prompt)."
studenti_liev17.md,liev17,Studenti,studenti,7,"In base alla tua esperiezia, quali sono i pro e i contro dell'uso dell'intelligenza artificiale nello studio?",secondo me che non siamo più autonomi e ci focalizziamo troppo sull’intelligenza artificiale che non abbiamo un nostro modo di pensare,solo_contro,0,3,,dipendenza|delega_cognitiva|delega_cognitiva,[],"[{""category"": ""dipendenza"", ""evidence"": ""non siamo più autonomi"", ""reason"": ""Il partecipante afferma che l'uso dell'IA riduce l'autonomia degli studenti.""}, {""category"": ""delega_cognitiva"", ""evidence"": ""ci focalizziamo troppo sull'intelligenza artificiale"", ""reason"": ""Il partecipante segnala un'eccessiva focalizzazione sull'IA a discapito del pensiero proprio.""}, {""category"": ""delega_cognitiva"", ""evidence"": ""non abbiamo un nostro modo di pensare"", ""reason"": ""Il partecipante indica la perdita della capacità di pensiero autonomo.""}]",0.95,La risposta elenca esclusivamente svantaggi legati alla perdita di autonomia e pensiero critico.
studenti_lini16.md,Lini16,Studenti,studenti,3,"In base alla tua esperiezia, quali sono i pro e i contro dell'uso dell'intelligenza artificiale nello studio?",contro: solo utilizzo dell’intelligenza artificiale per svolgere il 100% dei xompiti,nessuno,0,0,,,[],[],0.0,Nessuna classificazione valida restituita dal modello.
studenti_lini16_2.md,Lini16,Studenti,studenti,3,"In base alla tua esperiezia, quali sono i pro e i contro dell'uso dell'intelligenza artificiale nello studio?",contro: solo utilizzo dell’intelligenza artificiale per svolgere il 100% dei xompiti,solo_contro,0,1,,delega_cognitiva,[],"[{""category"": ""delega_cognitiva"", ""evidence"": ""solo utilizzo dell’intelligenza artificiale per svolgere il 100% dei xompiti"", ""reason"": ""Il partecipante evidenzia il rischio di un uso esclusivo dell'IA per tutti i compiti, implicando una totale delega.""}]",0.95,La risposta elenca esclusivamente un contro (uso al 100% dei compiti).
studenti_lini16_3.md,Lini16,Studenti,studenti,3,"In base alla tua esperiezia, quali sono i pro e i contro dell'uso dell'intelligenza artificiale nello studio?",contro: solo utilizzo dell’intelligenza artificiale per svolgere il 100% dei xompiti,nessuno,0,0,,,[],[],0.0,Nessuna classificazione valida restituita dal modello.
studenti_livi06.md,livi06,Studenti,studenti,7,"In base alla tua esperiezia, quali sono i pro e i contro dell'uso dell'intelligenza artificiale nello studio?","Non sempre le informazioni sono corrette, bisogna sempre avere un’occhio critico. Questo è sia un pro che un contro, perché almeno ti porta a verificare sempre le informazioni e non adagiarsi sul fatto di avere immediatamente la risposta. L’uso dell’Ai può essere utile, l’abuso porta all’impigrimento più totale e ignoranza. Non sempre esiste una sola risposta a un problema, la verità assoluta non ce l’ha nessuno",misto,1,2,autonomia_organizzazione,affidabilita_errori|delega_cognitiva,"[{""category"": ""autonomia_organizzazione"", ""evidence"": ""almeno ti porta a verificare sempre le informazioni"", ""reason"": ""L'uso dell'IA stimola la verifica delle informazioni, favorendo l'autonomia.""}]","[{""category"": ""affidabilita_errori"", ""evidence"": ""Non sempre le informazioni sono corrette"", ""reason"": ""L'IA può fornire informazioni errate, richiedendo un controllo critico.""}, {""category"": ""delega_cognitiva"", ""evidence"": ""l'abuso porta all'impigrimento più totale e ignoranza"", ""reason"": ""Un uso eccessivo porta all'impigrimento e alla perdita di conoscenze.""}]",0.9,La risposta elenca sia un vantaggio (stimolo alla verifica) sia rischi (errori e impigrimento).
studenti_lman28.md,Lman28,Studenti,studenti,7,"In base alla tua esperiezia, quali sono i pro e i contro dell'uso dell'intelligenza artificiale nello studio?","Pro: aiuto sostanziale  contro: forse c’è una semplificazione del lavoro, l’impegno è fortemente ridotto.",misto,1,2,efficienza_tempo,delega_cognitiva|delega_cognitiva,"[{""category"": ""efficienza_tempo"", ""evidence"": ""aiuto sostanziale"", ""reason"": ""Il partecipante indica che l'IA fornisce un aiuto sostanziale.""}]","[{""category"": ""delega_cognitiva"", ""evidence"": ""forse c'è una semplificazione del lavoro"", ""reason"": ""Il partecipante teme che l'IA semplifichi eccessivamente il lavoro.""}, {""category"": ""delega_cognitiva"", ""evidence"": ""l'impegno è fortemente ridotto"", ""reason"": ""Il partecipante segnala una forte riduzione dell'impegno personale.""}]",0.9,La risposta elenca esplicitamente un pro e due contro.
studenti_lova26.md,Lova26,Studenti,studenti,8,"In base alla tua esperiezia, quali sono i pro e i contro dell'uso dell'intelligenza artificiale nello studio?",Rende lo studio dinamico e veloce ma al contempo puó evitare un impegno approfondito personale,misto,1,1,efficienza_tempo,delega_cognitiva,"[{""category"": ""efficienza_tempo"", ""evidence"": ""Rende lo studio dinamico e veloce"", ""reason"": ""Il partecipante evidenzia la velocità e la dinamicità come vantaggi.""}]","[{""category"": ""delega_cognitiva"", ""evidence"": ""puó evitare un impegno approfondito personale"", ""reason"": ""Il partecipante segnala il rischio di ridurre l'impegno personale e l'approfondimento.""}]",0.9,La risposta elenca esplicitamente un vantaggio (velocità) e uno svantaggio (mancanza di impegno approfondito).
studenti_lupi31.md,Lupi31,Studenti,studenti,2,"In base alla tua esperiezia, quali sono i pro e i contro dell'uso dell'intelligenza artificiale nello studio?","L’intelligenza artificiale può comportare ripercussioni positive o negative, in base all’utilizzo che si fa di essa. Può essere utile per amplificare le conoscenze o approfondire un argomento, ma sempre nei limiti, facendo in modo che non vada a sostituire i libri cartacei.",misto,1,1,supporto_comprensione,riduzione_relazione,"[{""category"": ""supporto_comprensione"", ""evidence"": ""Può essere utile per amplificare le conoscenze o approfondire un argomento"", ""reason"": ""Il partecipante indica che l'IA aiuta ad amplificare le conoscenze e approfondire gli argomenti.""}]","[{""category"": ""riduzione_relazione"", ""evidence"": ""facendo in modo che non vada a sostituire i libri cartacei"", ""reason"": ""Il partecipante esprime il rischio che l'IA sostituisca i libri cartacei, riducendo l'interazione con fonti tradizionali.""}]",0.9,La risposta elenca esplicitamente sia un beneficio (amplificare conoscenze) sia un rischio (sostituire i libri cartacei).
studenti_magost.md,magost,Studenti,studenti,7,"In base alla tua esperiezia, quali sono i pro e i contro dell'uso dell'intelligenza artificiale nello studio?","I pro che spesso riesce a “semplificare” lo studio per certi aspetti, i contro che non sempre la reputo affidabile",misto,1,1,efficienza_tempo,affidabilita_errori,"[{""category"": ""efficienza_tempo"", ""evidence"": ""semplificare lo studio"", ""reason"": ""Il partecipante indica che l'IA semplifica lo studio, implicando un guadagno di efficienza.""}]","[{""category"": ""affidabilita_errori"", ""evidence"": ""non sempre la reputo affidabile"", ""reason"": ""Il partecipante esprime dubbi sulla capacità dell'IA di fornire informazioni corrette.""}]",0.9,La risposta elenca esplicitamente un pro (semplificazione) e un contro (mancanza di affidabilità).
studenti_mano06.md,mano06,Studenti,studenti,2,"In base alla tua esperiezia, quali sono i pro e i contro dell'uso dell'intelligenza artificiale nello studio?",Non vi sono pro,solo_contro,0,1,,altro,[],"[{""category"": ""altro"", ""evidence"": ""Non vi sono pro"", ""reason"": ""Il partecipante nega l'esistenza di qualsiasi vantaggio, implicando un giudizio negativo o neutro assoluto sull'uso dell'IA.""}]",0.9,"La risposta afferma esplicitamente l'assenza di pro, indicando una posizione prevalentemente negativa o neutra."
studenti_mar1946.md,Mar1946,Studenti,studenti,3,"In base alla tua esperiezia, quali sono i pro e i contro dell'uso dell'intelligenza artificiale nello studio?","Presumo che aiuti nella ricerca e consultazione delle informazioni, specialmente in caso di enormi quantità di dati, ma occorre fare attenzione alla veridicità di tali informazione e serve conoscere i termini di condizioni di utilizzo per tutelare la propria privacy",misto,1,2,ricerca_informazioni,affidabilita_errori|privacy_etica,"[{""category"": ""ricerca_informazioni"", ""evidence"": ""aiuti nella ricerca e consultazione delle informazioni"", ""reason"": ""Il partecipante indica che l'IA facilita la ricerca e la consultazione, specialmente con grandi quantità di dati.""}]","[{""category"": ""affidabilita_errori"", ""evidence"": ""occorre fare attenzione alla veridicità di tali informazione"", ""reason"": ""Il partecipante evidenzia il rischio di informazioni non veritiere.""}, {""category"": ""privacy_etica"", ""evidence"": ""serve conoscere i termini di condizioni di utilizzo per tutelare la propria privacy"", ""reason"": ""Il partecipante sottolinea la necessità di tutelare la privacy attraverso la conoscenza dei termini di servizio.""}]",0.95,La risposta elenca esplicitamente un vantaggio nella ricerca e due svantaggi legati all'affidabilità e alla privacy.
studenti_masu24.md,masu24,Studenti,studenti,8,"In base alla tua esperiezia, quali sono i pro e i contro dell'uso dell'intelligenza artificiale nello studio?",pro aiuta ad avere un modo di parlare più sicuro contro può farti sbagliare,nessuno,0,0,,,[],[],0.0,Nessuna classificazione valida restituita dal modello.
studenti_masè05.md,Masè05,Studenti,studenti,3,"In base alla tua esperiezia, quali sono i pro e i contro dell'uso dell'intelligenza artificiale nello studio?",Pro:se usati correttamente sono molto utili Contro:molto spesso non vengono usati in modo corretto come ad esempio copiare,misto,1,1,efficienza_tempo,plagio_autorialita,"[{""category"": ""efficienza_tempo"", ""evidence"": ""se usati correttamente sono molto utili"", ""reason"": ""Il partecipante indica che l'IA è utile quando usata correttamente.""}]","[{""category"": ""plagio_autorialita"", ""evidence"": ""come ad esempio copiare"", ""reason"": ""Il partecipante cita l'uso improprio dell'IA per copiare come contro.""}]",0.9,La risposta elenca sia un pro (utilità) sia un contro (copiare).
studenti_mata06.md,mata06,Studenti,studenti,7,"In base alla tua esperiezia, quali sono i pro e i contro dell'uso dell'intelligenza artificiale nello studio?",I pro sono la velocità con cui l’AI ti fa ricapitare le informazioni che ti servono mentre i contro sono la passività e poca accuratezza a volte che i testi presentano.,misto,1,2,efficienza_tempo,affidabilita_errori|delega_cognitiva,"[{""category"": ""efficienza_tempo"", ""evidence"": ""velocità con cui l’AI ti fa ricapitare le informazioni"", ""reason"": ""Il partecipante evidenzia il vantaggio della rapidità nell'accesso alle informazioni.""}]","[{""category"": ""affidabilita_errori"", ""evidence"": ""poca accuratezza a volte che i testi presentano"", ""reason"": ""Il partecipante segnala il rischio di imprecisioni nei contenuti generati.""}, {""category"": ""delega_cognitiva"", ""evidence"": ""passività"", ""reason"": ""Il partecipante indica che l'uso dell'IA può indurre uno stato passivo nello studio.""}]",0.95,"La risposta elenca esplicitamente un pro (velocità) e due contro (passività, inaccuratezza)."
studenti_mati29.md,mati29,Studenti,studenti,7,"In base alla tua esperiezia, quali sono i pro e i contro dell'uso dell'intelligenza artificiale nello studio?","I pro riguardano una maggior velocità di comprensione, lettura e analisi delle informazioni, nonché di una possibilità di confronto e arricchimento sempre possibile. I contro che noto è che si sfocia facilmente in forme di passività e pigrizia mentale che risultano controproducenti per lo studio e per lo sviluppo di quel pensiero critico che è necessario per diventare davvero padroni delle nozioni. Se usata impropriamente, non aiuta a ragionare ma ‘ragiona al tuo posto’.",misto,2,2,efficienza_tempo|supporto_comprensione,delega_cognitiva|delega_cognitiva,"[{""category"": ""efficienza_tempo"", ""evidence"": ""maggior velocità di comprensione, lettura e analisi delle informazioni"", ""reason"": ""Il partecipante evidenzia il vantaggio della rapidità nell'elaborazione dei dati.""}, {""category"": ""supporto_comprensione"", ""evidence"": ""possibilità di confronto e arricchimento sempre possibile"", ""reason"": ""L'IA offre opportunità continue di confronto e ampliamento delle conoscenze.""}]","[{""category"": ""delega_cognitiva"", ""evidence"": ""si sfocia facilmente in forme di passività e pigrizia mentale"", ""reason"": ""L'uso dell'IA può portare a una riduzione dell'impegno attivo e della pigrizia mentale.""}, {""category"": ""delega_cognitiva"", ""evidence"": ""non aiuta a ragionare ma 'ragiona al tuo posto'"", ""reason"": ""Il partecipante segnala il rischio di delegare il processo di ragionamento all'IA, ostacolando lo sviluppo del pensiero critico.""}]",0.95,La risposta elenca chiaramente sia i vantaggi operativi e cognitivi sia i rischi legati alla passività e alla perdita di autonomia nel ragionamento.
studenti_mele08.md,Mele08,Studenti,studenti,8,"In base alla tua esperiezia, quali sono i pro e i contro dell'uso dell'intelligenza artificiale nello studio?",I pro che ti aiuta i contro ti potrebbe distrarre,nessuno,0,0,,,[],[],0.0,Nessuna classificazione valida restituita dal modello.
studenti_mena06.md,mena06,Studenti,studenti,8,"In base alla tua esperiezia, quali sono i pro e i contro dell'uso dell'intelligenza artificiale nello studio?","può semplificare concetti complessi ma può portare gli studenti ad essere più ""pigri"" per esempio nello scrivere testi",nessuno,0,0,,,[],[],0.0,Nessuna classificazione valida restituita dal modello.
studenti_mico26.md,mico26,Studenti,studenti,7,"In base alla tua esperiezia, quali sono i pro e i contro dell'uso dell'intelligenza artificiale nello studio?",Uno dei più grandi vantaggi è che è possibile velocizzare dei compiti che richiederebbero tanto tempo. Lo svantaggio è che l'uso della I. A. potrebbe portarci a non sviluppare determinate competenze di studio,misto,1,1,efficienza_tempo,delega_cognitiva,"[{""category"": ""efficienza_tempo"", ""evidence"": ""velocizzare dei compiti"", ""reason"": ""Il partecipante evidenzia la capacità di accelerare l'esecuzione dei compiti.""}]","[{""category"": ""delega_cognitiva"", ""evidence"": ""non sviluppare determinate competenze di studio"", ""reason"": ""Il partecipante segnala il rischio di non acquisire competenze fondamentali a causa dell'uso dell'IA.""}]",0.9,La risposta elenca esplicitamente un vantaggio (velocità) e uno svantaggio (mancanza di sviluppo competenze).
studenti_mili08.md,Mili08,Studenti,studenti,7,"In base alla tua esperiezia, quali sono i pro e i contro dell'uso dell'intelligenza artificiale nello studio?",Pro velocita  Contro impegno,misto,1,1,efficienza_tempo,delega_cognitiva,"[{""category"": ""efficienza_tempo"", ""evidence"": ""Pro velocita"", ""reason"": ""Il partecipante cita esplicitamente la velocità come vantaggio.""}]","[{""category"": ""delega_cognitiva"", ""evidence"": ""Contro impegno"", ""reason"": ""Il partecipante indica una riduzione dell'impegno come svantaggio.""}]",0.9,La risposta elenca sia un pro (velocità) sia un contro (impegno).
studenti_mone27.md,mone27,Studenti,studenti,7,"In base alla tua esperiezia, quali sono i pro e i contro dell'uso dell'intelligenza artificiale nello studio?",PRO: semplicizza alcuni temi e spiega in modo pratico. CONTRO: può ridurre il ragionamento e minimizzare l'applicazione nei compiti,misto,2,2,supporto_comprensione|efficienza_tempo,delega_cognitiva|delega_cognitiva,"[{""category"": ""supporto_comprensione"", ""evidence"": ""spiega in modo pratico"", ""reason"": ""Il partecipante evidenzia la capacità dell'IA di chiarire concetti complessi.""}, {""category"": ""efficienza_tempo"", ""evidence"": ""semplicizza alcuni temi"", ""reason"": ""Il partecipante indica che l'IA semplifica i contenuti, facilitando lo studio.""}]","[{""category"": ""delega_cognitiva"", ""evidence"": ""può ridurre il ragionamento"", ""reason"": ""Il partecipante segnala il rischio di una diminuzione delle capacità di pensiero critico.""}, {""category"": ""delega_cognitiva"", ""evidence"": ""minimizzare l'applicazione nei compiti"", ""reason"": ""Il partecipante nota che l'uso dell'IA potrebbe portare a un'applicazione superficiale dei compiti.""}]",0.9,"La risposta elenca esplicitamente sia vantaggi (semplicizzazione, spiegazione pratica) sia svantaggi (riduzione ragionamento, minimizzazione applicazione)."
studenti_moni30.md,Moni30,Studenti,studenti,8,"In base alla tua esperiezia, quali sono i pro e i contro dell'uso dell'intelligenza artificiale nello studio?",Contro facilità pro aiuti,misto,1,1,supporto_comprensione,delega_cognitiva,"[{""category"": ""supporto_comprensione"", ""evidence"": ""aiuti"", ""reason"": ""Il partecipante cita l'aspetto di aiuto come vantaggio.""}]","[{""category"": ""delega_cognitiva"", ""evidence"": ""facilità"", ""reason"": ""Il partecipante suggerisce che la facilità d'uso possa portare a una eccessiva dipendenza o delega.""}]",0.6,La risposta è molto sintetica ma contiene sia un termine positivo ('aiuti') sia uno negativo ('facilità') che implica un rischio.
studenti_more08.md,more08,Studenti,studenti,7,"In base alla tua esperiezia, quali sono i pro e i contro dell'uso dell'intelligenza artificiale nello studio?","si ottengono subito le informazioni che si chiedono senza ""perdere tempo"" nel cercare nei vari articoli",solo_pro,1,0,efficienza_tempo,,"[{""category"": ""efficienza_tempo"", ""evidence"": ""si ottengono subito le informazioni che si chiedono senza \""perdere tempo\"""", ""reason"": ""Il partecipante evidenzia il risparmio di tempo nella ricerca delle informazioni.""}]",[],0.9,La risposta menziona esclusivamente un vantaggio operativo.
studenti_musa30.md,Musa30,Studenti,studenti,7,"In base alla tua esperiezia, quali sono i pro e i contro dell'uso dell'intelligenza artificiale nello studio?","Fornisce nell’immediato informazioni, aiutando così a risparmiare tempo. Però può limitare le capacità produttive del soggetto.",misto,1,1,efficienza_tempo,delega_cognitiva,"[{""category"": ""efficienza_tempo"", ""evidence"": ""Fornisce nell'immediato informazioni, aiutando così a risparmiare tempo"", ""reason"": ""Il partecipante evidenzia il risparmio di tempo come vantaggio immediato.""}]","[{""category"": ""delega_cognitiva"", ""evidence"": ""Però può limitare le capacità produttive del soggetto"", ""reason"": ""Il partecipante segnala il rischio di limitazione delle capacità produttive individuali.""}]",0.9,La risposta esplicita sia un beneficio (risparmio tempo) che un rischio (limitazione capacità).
studenti_muto03.md,Muto03,Studenti,studenti,7,"In base alla tua esperiezia, quali sono i pro e i contro dell'uso dell'intelligenza artificiale nello studio?","Pro : tempo che può essere impiegato in altro modo sempre inerente allo studio , rendere più accessibile una ricerca.  Contro: delle volte inesattezze dovute alla ricerca che fa",misto,2,1,efficienza_tempo|ricerca_informazioni,affidabilita_errori,"[{""category"": ""efficienza_tempo"", ""evidence"": ""tempo che può essere impiegato in altro modo"", ""reason"": ""Il partecipante indica che l'IA libera tempo per altre attività di studio.""}, {""category"": ""ricerca_informazioni"", ""evidence"": ""rendere più accessibile una ricerca"", ""reason"": ""Il partecipante evidenzia come l'IA faciliti l'accesso alle informazioni.""}]","[{""category"": ""affidabilita_errori"", ""evidence"": ""inesattezze dovute alla ricerca che fa"", ""reason"": ""Il partecipante segnala il rischio di informazioni errate generate dall'IA.""}]",0.95,La risposta elenca esplicitamente un vantaggio (risparmio tempo/accessibilità) e uno svantaggio (inesattezze).
studenti_nani01.md,nani01,Studenti,studenti,7,"In base alla tua esperiezia, quali sono i pro e i contro dell'uso dell'intelligenza artificiale nello studio?",pro: mi aiuta a risparmiare tempo  contro: non mi fa esercitare nello svolgere gli esercizi,misto,1,1,efficienza_tempo,delega_cognitiva,"[{""category"": ""efficienza_tempo"", ""evidence"": ""mi aiuta a risparmiare tempo"", ""reason"": ""Il partecipante cita il risparmio di tempo come vantaggio.""}]","[{""category"": ""delega_cognitiva"", ""evidence"": ""non mi fa esercitare nello svolgere gli esercizi"", ""reason"": ""Il partecipante segnala che l'uso dell'IA impedisce l'esercizio pratico.""}]",0.95,La risposta elenca esplicitamente un pro e un contro.
studenti_nani19.md,nani19,Studenti,studenti,7,"In base alla tua esperiezia, quali sono i pro e i contro dell'uso dell'intelligenza artificiale nello studio?",delle volte magari non capisci cosa intendi oppure può anche sbagliare,solo_contro,0,2,,affidabilita_errori|supporto_comprensione,[],"[{""category"": ""affidabilita_errori"", ""evidence"": ""può anche sbagliare"", ""reason"": ""Il partecipante evidenzia il rischio di errori dell'IA.""}, {""category"": ""supporto_comprensione"", ""evidence"": ""magari non capisci cosa intendi"", ""reason"": ""Il partecipante segnala il rischio di incomprensione o ambiguità.""}]",0.9,La risposta elenca esclusivamente svantaggi (errori e incomprensioni).
studenti_nari23.md,nari23,Studenti,studenti,7,"In base alla tua esperiezia, quali sono i pro e i contro dell'uso dell'intelligenza artificiale nello studio?","i pro dell'intelligenza artificiale sono che ti aiuta a capire ciò che non hai capito in maniera più semplice, i contro è l'utilizzo dell'intelligenza artificiale in ambito scolastico, mandandole foto di compiti a cui deve rispondere, far rispondere a chat gpt al posto nostro",misto,1,1,supporto_comprensione,delega_cognitiva,"[{""category"": ""supporto_comprensione"", ""evidence"": ""ti aiuta a capire ciò che non hai capito in maniera più semplice"", ""reason"": ""Il partecipante indica che l'IA facilita la comprensione di concetti difficili.""}]","[{""category"": ""delega_cognitiva"", ""evidence"": ""far rispondere a chat gpt al posto nostro"", ""reason"": ""Il partecipante evidenzia il rischio di delegare la risposta a un'IA invece di impegnarsi personalmente.""}]",0.9,La risposta elenca esplicitamente un vantaggio (capire meglio) e uno svantaggio (delegare la risposta).
studenti_naro18.md,naro18,Studenti,studenti,7,"In base alla tua esperiezia, quali sono i pro e i contro dell'uso dell'intelligenza artificiale nello studio?","Come tutte le  cose, se le usi per il tuo bene, hai solo benefici, altrimenti prendi in giro te stesso",misto,1,1,altro,delega_cognitiva,"[{""category"": ""altro"", ""evidence"": ""hai solo benefici"", ""reason"": ""Il partecipante afferma che l'uso dell'IA porta solo benefici se usato correttamente.""}]","[{""category"": ""delega_cognitiva"", ""evidence"": ""altrimenti prendi in giro te stesso"", ""reason"": ""Il partecipante indica che un uso scorretto porta a un autoinganno o a una perdita di autenticità.""}]",0.6,La risposta elenca un beneficio condizionato e un rischio legato all'uso improprio.
studenti_naro20.md,naro20,Studenti,studenti,6,"In base alla tua esperiezia, quali sono i pro e i contro dell'uso dell'intelligenza artificiale nello studio?","i pro sono per rendere lo svolgimento dei compiti meno noioso e più veloce, dando anche buoni spunti per testi. I contro potrebbero rendere le capacità di studio obsoleta.",misto,2,1,efficienza_tempo|produzione_materiali,delega_cognitiva,"[{""category"": ""efficienza_tempo"", ""evidence"": ""rendere lo svolgimento dei compiti meno noioso e più veloce"", ""reason"": ""Il partecipante cita la velocità e la riduzione della noia come vantaggi.""}, {""category"": ""produzione_materiali"", ""evidence"": ""dando anche buoni spunti per testi"", ""reason"": ""Il partecipante indica l'IA come fonte di ispirazione per la stesura di testi.""}]","[{""category"": ""delega_cognitiva"", ""evidence"": ""potrebbero rendere le capacità di studio obsoleta"", ""reason"": ""Il partecipante teme che l'uso dell'IA possa portare all'atrofizzazione delle capacità di studio.""}]",0.9,La risposta elenca chiaramente sia dei pro che dei contro.
studenti_nasa21.md,Nasa21,Studenti,studenti,7,"In base alla tua esperiezia, quali sono i pro e i contro dell'uso dell'intelligenza artificiale nello studio?","Pro: l’intelligenza artificiale può aiutare molto specialmente nello studio creando appunto schemi, riassunti ecc. contro:Non sempre l’intelligenza artificiale é usata in modo corretto , perché in molti forse potrebbero sfruttare queste app per fare i compiti in modo superficiale.",misto,1,1,produzione_materiali,delega_cognitiva,"[{""category"": ""produzione_materiali"", ""evidence"": ""creando appunto schemi, riassunti ecc."", ""reason"": ""Il partecipante cita la capacità dell'IA di generare schemi e riassunti come aiuto nello studio.""}]","[{""category"": ""delega_cognitiva"", ""evidence"": ""sfruttare queste app per fare i compiti in modo superficiale"", ""reason"": ""Il partecipante evidenzia il rischio di un uso superficiale che impedisce un apprendimento profondo.""}]",0.9,La risposta elenca esplicitamente un vantaggio (produzione di schemi/riassunti) e uno svantaggio (uso superficiale/delega).
studenti_ncas14.md,ncas14,Studenti,studenti,3,"In base alla tua esperiezia, quali sono i pro e i contro dell'uso dell'intelligenza artificiale nello studio?",i pro è che puoi approfondire le tue conoscenze e i contro è che ti distrai facilmente,misto,1,1,supporto_comprensione,dipendenza,"[{""category"": ""supporto_comprensione"", ""evidence"": ""puoi approfondire le tue conoscenze"", ""reason"": ""Il partecipante indica che l'IA aiuta a migliorare la conoscenza.""}]","[{""category"": ""dipendenza"", ""evidence"": ""ti distrai facilmente"", ""reason"": ""Il partecipante segnala che l'uso dell'IA porta a distrazioni.""}]",0.9,La risposta elenca esplicitamente un pro e un contro.
studenti_nchi12.md,Nchi12,Studenti,studenti,8,"In base alla tua esperiezia, quali sono i pro e i contro dell'uso dell'intelligenza artificiale nello studio?",È molto utile ma non fa ragionare,nessuno,0,0,,,[],[],0.0,Nessuna classificazione valida restituita dal modello.
studenti_ndri11.md,ndri11,Studenti,studenti,7,"In base alla tua esperiezia, quali sono i pro e i contro dell'uso dell'intelligenza artificiale nello studio?","Pro: capire concetti complessi, non dover consiltare molto materiale dispersivo Contro: usarla in maniera impropria, quando non si dovrebbe",misto,2,1,supporto_comprensione|efficienza_tempo,delega_cognitiva,"[{""category"": ""supporto_comprensione"", ""evidence"": ""capire concetti complessi"", ""reason"": ""Il partecipante indica che l'IA aiuta a comprendere concetti difficili.""}, {""category"": ""efficienza_tempo"", ""evidence"": ""non dover consiltare molto materiale dispersivo"", ""reason"": ""Il partecipante segnala un risparmio di tempo evitando materiale non necessario.""}]","[{""category"": ""delega_cognitiva"", ""evidence"": ""usarla in maniera impropria"", ""reason"": ""Il partecipante evidenzia il rischio di un uso scorretto che sostituisce lo sforzo cognitivo.""}]",0.9,La risposta elenca chiaramente un vantaggio e uno svantaggio.
studenti_nelli23.md,Nelli23,Studenti,studenti,3,"In base alla tua esperiezia, quali sono i pro e i contro dell'uso dell'intelligenza artificiale nello studio?",Pro: velocizza i processi di risposta; Contro: non aiuta a far lavorare la mente.,misto,1,1,efficienza_tempo,delega_cognitiva,"[{""category"": ""efficienza_tempo"", ""evidence"": ""velocizza i processi di risposta"", ""reason"": ""Il partecipante evidenzia il vantaggio della rapidità nell'esecuzione dei compiti.""}]","[{""category"": ""delega_cognitiva"", ""evidence"": ""non aiuta a far lavorare la mente"", ""reason"": ""Il partecipante segnala il rischio di non stimolare il pensiero attivo.""}]",0.95,La risposta elenca esplicitamente un pro e un contro.
studenti_nese01.md,nese01,Studenti,studenti,2,"In base alla tua esperiezia, quali sono i pro e i contro dell'uso dell'intelligenza artificiale nello studio?",impieghi meno tempo é un pro mentre un contro sarebbe che la utilizzo ciò non mi applico da solo,misto,1,1,efficienza_tempo,delega_cognitiva,"[{""category"": ""efficienza_tempo"", ""evidence"": ""impieghi meno tempo"", ""reason"": ""Il partecipante indica che l'uso dell'IA riduce il tempo necessario per lo studio.""}]","[{""category"": ""delega_cognitiva"", ""evidence"": ""la utilizzo ciò non mi applico da solo"", ""reason"": ""Il partecipante segnala che l'uso dell'IA porta a una minore applicazione autonoma e allo smettere di ragionare da soli.""}]",0.9,La risposta elenca esplicitamente un vantaggio (risparmio di tempo) e uno svantaggio (riduzione dell'autonomia cognitiva).
studenti_nini04.md,Nini04,Studenti,studenti,8,"In base alla tua esperiezia, quali sono i pro e i contro dell'uso dell'intelligenza artificiale nello studio?","In base alla mia esperienza i pro dell'uso dell 'intelligenza artificiale sono: ottimizzazione del tempo, approfondimento e possibilità di  rappresentare il lavoro in modo organizzato. I contro: limite nel personalizzare il lavoro.",misto,3,1,efficienza_tempo|produzione_materiali|supporto_comprensione,personalizzazione,"[{""category"": ""efficienza_tempo"", ""evidence"": ""ottimizzazione del tempo"", ""reason"": ""Il partecipante cita l'ottimizzazione del tempo come vantaggio.""}, {""category"": ""produzione_materiali"", ""evidence"": ""possibilità di rappresentare il lavoro in modo organizzato"", ""reason"": ""Il partecipante indica la capacità di organizzare il lavoro come beneficio.""}, {""category"": ""supporto_comprensione"", ""evidence"": ""approfondimento"", ""reason"": ""Il partecipante menziona l'approfondimento come pro.""}]","[{""category"": ""personalizzazione"", ""evidence"": ""limite nel personalizzare il lavoro"", ""reason"": ""Il partecipante segnala la mancanza di personalizzazione come svantaggio.""}]",0.95,La risposta elenca esplicitamente tre pro e un contro.
studenti_nini09.md,nini09,Studenti,studenti,2,"In base alla tua esperiezia, quali sono i pro e i contro dell'uso dell'intelligenza artificiale nello studio?",pro: ti aiutano a capire una cosa che non capisci e te la spiegano anche nel modo che vuoi tu contro:alcune volte possono sbagliare,misto,2,1,supporto_comprensione|personalizzazione,affidabilita_errori,"[{""category"": ""supporto_comprensione"", ""evidence"": ""ti aiutano a capire una cosa che non capisci"", ""reason"": ""Il partecipante evidenzia il supporto nell'apprendimento di concetti difficili.""}, {""category"": ""personalizzazione"", ""evidence"": ""te la spiegano anche nel modo che vuoi tu"", ""reason"": ""Il partecipante nota la capacità di adattare le spiegazioni alle preferenze individuali.""}]","[{""category"": ""affidabilita_errori"", ""evidence"": ""alcune volte possono sbagliare"", ""reason"": ""Il partecipante segnala il rischio di errori generati dall'IA.""}]",0.95,La risposta elenca esplicitamente un vantaggio e uno svantaggio.
studenti_niro27.md,niro27,Studenti,studenti,8,"In base alla tua esperiezia, quali sono i pro e i contro dell'uso dell'intelligenza artificiale nello studio?","I pro sicuramente riguardano la rapidità, la semplicità e l’efficienza dell’utilizzo, trai contro inserirei l’abuso",nessuno,0,0,,,[],[],0.0,Nessuna classificazione valida restituita dal modello.
studenti_noli14.md,noli14,Studenti,studenti,7,"In base alla tua esperiezia, quali sono i pro e i contro dell'uso dell'intelligenza artificiale nello studio?","I pro sono che ti può letteralmente aiutare in tutto, i contro sono che non ti fa sviluppare il senso di opinion critica e che è troppo forte la tentazione di voler produrre attraverso di essi",misto,1,2,supporto_comprensione,delega_cognitiva|dipendenza,"[{""category"": ""supporto_comprensione"", ""evidence"": ""ti può letteralmente aiutare in tutto"", ""reason"": ""Il partecipante evidenzia la capacità dell'IA di fornire assistenza completa.""}]","[{""category"": ""delega_cognitiva"", ""evidence"": ""non ti fa sviluppare il senso di opinion critica"", ""reason"": ""Il partecipante segnala il rischio di non sviluppare capacità critiche.""}, {""category"": ""dipendenza"", ""evidence"": ""è troppo forte la tentazione di voler produrre attraverso di essi"", ""reason"": ""Il partecipante indica un rischio di eccessiva dipendenza dallo strumento per la produzione.""}]",0.9,"La risposta elenca esplicitamente sia un vantaggio ('aiutare in tutto') sia due svantaggi ('non sviluppare senso critico', 'tentazione di produrre attraverso di essi')."
studenti_nomo27.md,nomo27,Studenti,studenti,7,"In base alla tua esperiezia, quali sono i pro e i contro dell'uso dell'intelligenza artificiale nello studio?","pro: efficienza ed efficacia, velocita. contro: pigrizia, rischi di adagiarsi troppo sull’IA",misto,1,2,efficienza_tempo,dipendenza|delega_cognitiva,"[{""category"": ""efficienza_tempo"", ""evidence"": ""efficienza ed efficacia, velocita"", ""reason"": ""Il partecipante cita velocità ed efficienza come vantaggi.""}]","[{""category"": ""dipendenza"", ""evidence"": ""rischi di adagiarsi troppo sull’IA"", ""reason"": ""Il partecipante evidenzia il rischio di eccessiva dipendenza dall'IA.""}, {""category"": ""delega_cognitiva"", ""evidence"": ""pigrizia"", ""reason"": ""Il partecipante associa l'uso dell'IA alla pigrizia.""}]",0.95,La risposta elenca esplicitamente sia pro che contro.
studenti_none01.md,none01,Studenti,studenti,7,"In base alla tua esperiezia, quali sono i pro e i contro dell'uso dell'intelligenza artificiale nello studio?",aiuta molto,solo_pro,1,0,efficienza_tempo,,"[{""category"": ""efficienza_tempo"", ""evidence"": ""aiuta molto"", ""reason"": ""Il partecipante indica un vantaggio generale percepito come aiuto.""}]",[],0.9,La risposta menziona solo un beneficio senza citare contro.
studenti_nzio14.md,nzio14,Studenti,studenti,3,"In base alla tua esperiezia, quali sono i pro e i contro dell'uso dell'intelligenza artificiale nello studio?",non la uso ma sono pro perché a volte può essere utile,nessuno,0,0,,,[],[],0.0,Nessuna classificazione valida restituita dal modello.
studenti_obon09.md,obon09,Studenti,studenti,8,"In base alla tua esperiezia, quali sono i pro e i contro dell'uso dell'intelligenza artificiale nello studio?",i pro che aiuta molto i contro é che sostituisce molte professioni,misto,1,1,supporto_comprensione,delega_cognitiva,"[{""category"": ""supporto_comprensione"", ""evidence"": ""aiuta molto"", ""reason"": ""Il partecipante indica che l'IA è molto utile.""}]","[{""category"": ""delega_cognitiva"", ""evidence"": ""sostituisce molte professioni"", ""reason"": ""Il partecipante segnala il rischio di sostituzione del ruolo umano.""}]",0.9,La risposta elenca esplicitamente un vantaggio ('aiuta molto') e uno svantaggio ('sostituisce molte professioni').
studenti_ogna06.md,Ogna06,Studenti,studenti,7,"In base alla tua esperiezia, quali sono i pro e i contro dell'uso dell'intelligenza artificiale nello studio?",Non lo so,nessuno,0,0,,,[],[],1.0,Il partecipante dichiara di non sapere rispondere alla domanda.
studenti_omeo18.md,Omeo18,Studenti,studenti,7,"In base alla tua esperiezia, quali sono i pro e i contro dell'uso dell'intelligenza artificiale nello studio?",Si possono generare domande per valutare le conoscenze,solo_pro,1,0,produzione_materiali,,"[{""category"": ""produzione_materiali"", ""evidence"": ""Si possono generare domande per valutare le conoscenze"", ""reason"": ""Il partecipante cita la capacità dell'IA di creare materiale didattico (domande).""}]",[],0.9,La risposta menziona esclusivamente un beneficio operativo.
studenti_onga28.md,onga28,Studenti,studenti,7,"In base alla tua esperiezia, quali sono i pro e i contro dell'uso dell'intelligenza artificiale nello studio?","i pro sono che comunque ti risolve varie cose, ti fa la traduzione e robe così, i contro è che molto spesso le cose che scrive non sono giuste",misto,2,1,produzione_materiali|supporto_comprensione,affidabilita_errori,"[{""category"": ""produzione_materiali"", ""evidence"": ""ti risolve varie cose"", ""reason"": ""Il partecipante cita la capacità dell'IA di svolgere compiti e generare contenuti.""}, {""category"": ""supporto_comprensione"", ""evidence"": ""ti fa la traduzione"", ""reason"": ""Il partecipante evidenzia l'utilità dell'IA per traduzioni e supporto linguistico.""}]","[{""category"": ""affidabilita_errori"", ""evidence"": ""molto spesso le cose che scrive non sono giuste"", ""reason"": ""Il partecipante segnala l'insorgenza frequente di errori o informazioni inesatte.""}]",0.9,"La risposta elenca esplicitamente sia vantaggi operativi (traduzione, risoluzione compiti) sia svantaggi legati all'affidabilità dei contenuti generati."
studenti_onni24.md,onni24,Studenti,studenti,7,"In base alla tua esperiezia, quali sono i pro e i contro dell'uso dell'intelligenza artificiale nello studio?","Un pro è la semplificazione del lavoro da fare, un contro è che a volte si tende a fare completo affidamento sull’ia senza controllare la veridicità delle informazioni",misto,1,1,efficienza_tempo,affidabilita_errori,"[{""category"": ""efficienza_tempo"", ""evidence"": ""semplificazione del lavoro da fare"", ""reason"": ""Il partecipante indica che l'IA semplifica il lavoro, riducendo gli sforzi richiesti.""}]","[{""category"": ""affidabilita_errori"", ""evidence"": ""senza controllare la veridicità delle informazioni"", ""reason"": ""Il partecipante evidenzia il rischio di accettare informazioni non veritiere senza verifica.""}]",0.9,La risposta elenca esplicitamente un vantaggio (semplificazione) e uno svantaggio (mancanza di verifica).
studenti_onte26.md,onte26,Studenti,studenti,8,"In base alla tua esperiezia, quali sono i pro e i contro dell'uso dell'intelligenza artificiale nello studio?","Pro - velocizzare schematizzazione di concetti sempllici, forniire riferimenti,  traduzioni, parafrasi, adattamento della sintassi a determinati bisogni. compilare bibliografia. Contro: aiuto limitato nella stesura di testi specifici",misto,4,1,produzione_materiali|ricerca_informazioni|personalizzazione|produzione_materiali,delega_cognitiva,"[{""category"": ""produzione_materiali"", ""evidence"": ""velocizzare schematizzazione di concetti semplici"", ""reason"": ""L'IA accelera la creazione di schemi e materiali didattici.""}, {""category"": ""ricerca_informazioni"", ""evidence"": ""fornire riferimenti"", ""reason"": ""L'IA aiuta a reperire fonti e riferimenti bibliografici.""}, {""category"": ""personalizzazione"", ""evidence"": ""traduzioni, parafrasi, adattamento della sintassi a determinati bisogni"", ""reason"": ""L'IA permette di adattare il linguaggio e il contenuto a esigenze specifiche.""}, {""category"": ""produzione_materiali"", ""evidence"": ""compilare bibliografia"", ""reason"": ""L'IA facilita la stesura e l'organizzazione delle fonti bibliografiche.""}]","[{""category"": ""delega_cognitiva"", ""evidence"": ""aiuto limitato nella stesura di testi specifici"", ""reason"": ""L'IA sostituisce parzialmente l'utente nella produzione di testi complessi, limitando l'impegno attivo.""}]",0.9,La risposta elenca chiaramente sia vantaggi operativi (pro) sia un limite nella produzione autonoma (contro).
studenti_onti04.md,onti04,Studenti,studenti,8,"In base alla tua esperiezia, quali sono i pro e i contro dell'uso dell'intelligenza artificiale nello studio?",pro : lo studio mi riesce più veloce ed efficace contro : a volte vedo che viene usata in modo eccessivo,misto,1,1,efficienza_tempo,dipendenza,"[{""category"": ""efficienza_tempo"", ""evidence"": ""lo studio mi riesce più veloce"", ""reason"": ""Il partecipante indica che l'IA accelera il processo di studio.""}]","[{""category"": ""dipendenza"", ""evidence"": ""viene usata in modo eccessivo"", ""reason"": ""Il partecipante segnala un rischio di utilizzo sproporzionato o eccessivo.""}]",0.9,La risposta elenca esplicitamente un vantaggio (velocità) e uno svantaggio (uso eccessivo).
studenti_orgi03.md,Orgi03,Studenti,studenti,7,"In base alla tua esperiezia, quali sono i pro e i contro dell'uso dell'intelligenza artificiale nello studio?",Pro: permette di diversificare la routine Contro: a volte il processo è un po' dispersivo,misto,1,1,creativita_coinvolgimento,dipendenza,"[{""category"": ""creativita_coinvolgimento"", ""evidence"": ""permette di diversificare la routine"", ""reason"": ""Il partecipante indica che l'IA aiuta a variare le attività di studio, rendendole meno monotone.""}]","[{""category"": ""dipendenza"", ""evidence"": ""a volte il processo è un po' dispersivo"", ""reason"": ""Il partecipante segnala che l'uso dell'IA può portare a una dispersione dell'attenzione.""}]",0.9,La risposta elenca esplicitamente un pro e un contro.
studenti_orno24.md,orno24,Studenti,studenti,7,"In base alla tua esperiezia, quali sono i pro e i contro dell'uso dell'intelligenza artificiale nello studio?",permette di far fronte a difficoltà in maniera più semplice e facile ma a volte questa facilità potrebbe inibire la capacità di problem solving,misto,1,1,supporto_comprensione,delega_cognitiva,"[{""category"": ""supporto_comprensione"", ""evidence"": ""permette di far fronte a difficoltà"", ""reason"": ""L'IA aiuta a superare ostacoli nello studio.""}]","[{""category"": ""delega_cognitiva"", ""evidence"": ""a volte questa facilità potrebbe inibire la capacità di problem solving"", ""reason"": ""L'eccessiva facilità riduce l'abilità di risolvere problemi autonomamente.""}]",0.9,La risposta elenca sia un vantaggio (gestione delle difficoltà) sia uno svantaggio (inibizione del problem solving).
studenti_orsi10.md,orsi10,Studenti,studenti,3,"In base alla tua esperiezia, quali sono i pro e i contro dell'uso dell'intelligenza artificiale nello studio?",Pro: facilita le richieste Contro: ci abituiamo a cercare tutto online senza consultare manuali cartacei o altre fonti cartacee,misto,1,1,efficienza_tempo,dipendenza,"[{""category"": ""efficienza_tempo"", ""evidence"": ""facilita le richieste"", ""reason"": ""Il partecipante indica che l'IA rende più agevoli le richieste, implicando un guadagno di efficienza.""}]","[{""category"": ""dipendenza"", ""evidence"": ""ci abituiamo a cercare tutto online senza consultare manuali cartacei o altre fonti cartacee"", ""reason"": ""Il partecipante evidenzia il rischio di un'abitudine eccessiva alla ricerca online a discapito delle fonti tradizionali.""}]",0.9,La risposta elenca esplicitamente un pro e un contro.
studenti_orsi12.md,orsi12,Studenti,studenti,7,"In base alla tua esperiezia, quali sono i pro e i contro dell'uso dell'intelligenza artificiale nello studio?",pro: facilita e velocizza alcuni compiti  contro: può creare un appiattimento nelle nostre capacità di svolgere i compiti per cui usiamo l’IA,misto,1,1,efficienza_tempo,delega_cognitiva,"[{""category"": ""efficienza_tempo"", ""evidence"": ""facilita e velocizza alcuni compiti"", ""reason"": ""Il partecipante evidenzia il vantaggio di accelerare e semplificare le attività.""}]","[{""category"": ""delega_cognitiva"", ""evidence"": ""può creare un appiattimento nelle nostre capacità di svolgere i compiti per cui usiamo l’IA"", ""reason"": ""Il partecipante segnala il rischio di atrofizzazione delle capacità cognitive autonome.""}]",0.95,La risposta elenca esplicitamente un pro e un contro.
studenti_orvi02.md,Orvi02,Studenti,studenti,7,"In base alla tua esperiezia, quali sono i pro e i contro dell'uso dell'intelligenza artificiale nello studio?","Pro: velocizzazione comprensione testi, rielaborazione e sinonimi Contro: si perde l’autonomia di ragionamento, si tende a cercare la via più veloce (bot), riducendo lo span di attenzione",misto,2,2,supporto_comprensione|produzione_materiali,delega_cognitiva|dipendenza,"[{""category"": ""supporto_comprensione"", ""evidence"": ""velocizzazione comprensione testi"", ""reason"": ""Il partecipante cita la velocizzazione della comprensione come vantaggio.""}, {""category"": ""produzione_materiali"", ""evidence"": ""rielaborazione e sinonimi"", ""reason"": ""Il partecipante indica la capacità di rielaborazione e fornitura di sinonimi come beneficio.""}]","[{""category"": ""delega_cognitiva"", ""evidence"": ""si perde l'autonomia di ragionamento"", ""reason"": ""Il partecipante segnala la perdita dell'autonomia nel ragionamento come svantaggio.""}, {""category"": ""dipendenza"", ""evidence"": ""si tende a cercare la via più veloce (bot)"", ""reason"": ""Il partecipante evidenzia la tendenza a cercare scorciatoie tramite l'IA, riducendo l'attenzione.""}]",0.95,La risposta elenca esplicitamente sia pro che contro specifici.
studenti_osca30.md,osca30,Studenti,studenti,7,"In base alla tua esperiezia, quali sono i pro e i contro dell'uso dell'intelligenza artificiale nello studio?",pro: minor tempo e maggior efficienza,solo_pro,2,0,efficienza_tempo|efficienza_tempo,,"[{""category"": ""efficienza_tempo"", ""evidence"": ""minor tempo"", ""reason"": ""Il partecipante cita esplicitamente il risparmio di tempo come vantaggio.""}, {""category"": ""efficienza_tempo"", ""evidence"": ""maggior efficienza"", ""reason"": ""Il partecipante cita esplicitamente l'aumento dell'efficienza come vantaggio.""}]",[],1.0,La risposta elenca esclusivamente benefici operativi senza menzionare rischi o svantaggi.
studenti_ossi15.md,ossi15,Studenti,studenti,7,"In base alla tua esperiezia, quali sono i pro e i contro dell'uso dell'intelligenza artificiale nello studio?",il contro -> che può sostituire  il cervello umano  pro -> ottimizza il tempo,misto,1,1,efficienza_tempo,delega_cognitiva,"[{""category"": ""efficienza_tempo"", ""evidence"": ""ottimizza il tempo"", ""reason"": ""Il partecipante indica che l'IA ottimizza il tempo.""}]","[{""category"": ""delega_cognitiva"", ""evidence"": ""che può sostituire il cervello umano"", ""reason"": ""Il partecipante esprime il rischio che l'IA sostituisca le funzioni cognitive umane.""}]",0.9,La risposta elenca esplicitamente un pro e un contro.
studenti_osta30.md,OSTA30,Studenti,studenti,8,"In base alla tua esperiezia, quali sono i pro e i contro dell'uso dell'intelligenza artificiale nello studio?","Pro: velocizza l’apprendimento di info,  Contro: non conosco la teoria",misto,1,1,efficienza_tempo,delega_cognitiva,"[{""category"": ""efficienza_tempo"", ""evidence"": ""velocizza l'apprendimento di info"", ""reason"": ""Il partecipante indica che l'IA accelera l'acquisizione delle informazioni.""}]","[{""category"": ""delega_cognitiva"", ""evidence"": ""non conosco la teoria"", ""reason"": ""Il partecipante esprime il rischio di non aver appreso la teoria di base.""}]",0.9,La risposta elenca esplicitamente un vantaggio (velocità) e uno svantaggio (mancanza di conoscenza teorica).
studenti_otta03.md,otta03,Studenti,studenti,7,"In base alla tua esperiezia, quali sono i pro e i contro dell'uso dell'intelligenza artificiale nello studio?",Pro ti aiuta a comprendere/ elaborare/ associare ad esempi concreti cose che da sola ci metteresti molti di più  Contro potrebbe fare il lavoro per te,misto,1,1,supporto_comprensione,delega_cognitiva,"[{""category"": ""supporto_comprensione"", ""evidence"": ""ti aiuta a comprendere/ elaborare/ associare ad esempi concreti"", ""reason"": ""Il partecipante evidenzia il supporto dell'IA nella comprensione e nell'elaborazione di concetti.""}]","[{""category"": ""delega_cognitiva"", ""evidence"": ""potrebbe fare il lavoro per te"", ""reason"": ""Il partecipante segnala il rischio di delegare completamente il lavoro all'IA.""}]",0.9,La risposta elenca esplicitamente un vantaggio ('ti aiuta') e uno svantaggio ('fare il lavoro per te').
studenti_otti12.md,otti12,Studenti,studenti,2,"In base alla tua esperiezia, quali sono i pro e i contro dell'uso dell'intelligenza artificiale nello studio?","i pro: disponibilità continua, i contro:mancanza di competenze",misto,1,1,autonomia_organizzazione,affidabilita_errori,"[{""category"": ""autonomia_organizzazione"", ""evidence"": ""disponibilità continua"", ""reason"": ""Il partecipante cita la disponibilità costante come vantaggio per l'organizzazione dello studio.""}]","[{""category"": ""affidabilita_errori"", ""evidence"": ""mancanza di competenze"", ""reason"": ""Il partecipante segnala la carenza di competenze come svantaggio dell'IA.""}]",0.9,La risposta elenca esplicitamente un pro e un contro.
studenti_peca-17.md,Peca 17,Studenti,studenti,2,"In base alla tua esperiezia, quali sono i pro e i contro dell'uso dell'intelligenza artificiale nello studio?",No,nessuno,0,0,,,[],[],0.0,Nessuna classificazione valida restituita dal modello.
studenti_pica11.md,pica11,Studenti,studenti,8,"In base alla tua esperiezia, quali sono i pro e i contro dell'uso dell'intelligenza artificiale nello studio?",Velocizza il processo di studio ma a volte omette parti importanti,misto,1,1,efficienza_tempo,affidabilita_errori,"[{""category"": ""efficienza_tempo"", ""evidence"": ""Velocizza il processo di studio"", ""reason"": ""Il partecipante evidenzia un aumento della velocità nel processo di apprendimento.""}]","[{""category"": ""affidabilita_errori"", ""evidence"": ""a volte omette parti importanti"", ""reason"": ""Il partecipante segnala l'omissione di informazioni rilevanti da parte dell'IA.""}]",0.9,La risposta elenca esplicitamente un vantaggio (velocità) e uno svantaggio (omissioni).
studenti_rani05.md,rani05,Studenti,studenti,3,"In base alla tua esperiezia, quali sono i pro e i contro dell'uso dell'intelligenza artificiale nello studio?","pro: meno tempo impiegato in appunti e schemi; contro: le macchine non sono perfette ma le si danno per tali, quindi in caso di errori spesso non ci si fa caso finchè non è troppo tardi.",misto,1,1,efficienza_tempo,affidabilita_errori,"[{""category"": ""efficienza_tempo"", ""evidence"": ""meno tempo impiegato in appunti e schemi"", ""reason"": ""Il partecipante evidenzia il risparmio di tempo nella stesura di materiali di studio.""}]","[{""category"": ""affidabilita_errori"", ""evidence"": ""le macchine non sono perfette ma le si danno per tali, quindi in caso di errori spesso non ci si fa caso finchè non è troppo tardi"", ""reason"": ""Il partecipante segnala il rischio di non rilevare gli errori generati dall'IA a causa della fiducia eccessiva.""}]",0.95,La risposta elenca esplicitamente un vantaggio (risparmio tempo) e uno svantaggio (affidabilità/errori).
studenti_rani23.md,RANI23,Studenti,studenti,7,"In base alla tua esperiezia, quali sono i pro e i contro dell'uso dell'intelligenza artificiale nello studio?","PRO: aiuta ad approfondire argomenti, a schematizzare in maniera efficace, etc.  CONTRO: difficoltà nel discernere informazioni rilevanti da quelle non rilevanti, alcune funzioni sono a pagamento.",misto,2,2,supporto_comprensione|produzione_materiali,affidabilita_errori|disuguaglianze,"[{""category"": ""supporto_comprensione"", ""evidence"": ""aiuta ad approfondire argomenti"", ""reason"": ""Il partecipante cita l'aiuto nell'approfondimento come vantaggio.""}, {""category"": ""produzione_materiali"", ""evidence"": ""a schematizzare in maniera efficace"", ""reason"": ""Il partecipante indica la capacità di schematizzare come beneficio.""}]","[{""category"": ""affidabilita_errori"", ""evidence"": ""difficoltà nel discernere informazioni rilevanti da quelle non rilevanti"", ""reason"": ""Il partecipante segnala il rischio di confusione tra informazioni valide e non.""}, {""category"": ""disuguaglianze"", ""evidence"": ""alcune funzioni sono a pagamento"", ""reason"": ""Il partecipante evidenzia una barriera economica all'accesso.""}]",0.95,La risposta elenca esplicitamente sia vantaggi che svantaggi specifici.
studenti_rasso10.md,rasso10,Studenti,studenti,7,"In base alla tua esperiezia, quali sono i pro e i contro dell'uso dell'intelligenza artificiale nello studio?","PRO: Ti permette di migliorare la qualità dello studio, di implementare informazioni, di fare ricerche velocemente. CONTRO: utilizzarlo come UNICO metodo di studio e non come integrazione o fare risolvere all’AI propri compiti o consegne.",misto,3,2,ricerca_informazioni|produzione_materiali|supporto_comprensione,delega_cognitiva|dipendenza,"[{""category"": ""ricerca_informazioni"", ""evidence"": ""fare ricerche velocemente"", ""reason"": ""Il partecipante cita la velocità nell'effettuare ricerche come vantaggio.""}, {""category"": ""produzione_materiali"", ""evidence"": ""migliorare la qualità dello studio"", ""reason"": ""L'uso dell'IA è visto come strumento per migliorare la qualità del materiale di studio.""}, {""category"": ""supporto_comprensione"", ""evidence"": ""implementare informazioni"", ""reason"": ""La capacità di integrare nuove informazioni è considerata un beneficio.""}]","[{""category"": ""delega_cognitiva"", ""evidence"": ""fare risolvere all'AI propri compiti o consegne"", ""reason"": ""Il partecipante evidenzia il rischio di delegare completamente i compiti all'IA.""}, {""category"": ""dipendenza"", ""evidence"": ""utilizzarlo come UNICO metodo di studio"", ""reason"": ""L'uso esclusivo dell'IA è criticato come rischio di dipendenza o mancanza di integrazione.""}]",0.95,La risposta elenca esplicitamente sia vantaggi operativi che rischi legati all'uso esclusivo e alla delega.
studenti_rati06.md,RATI06,Studenti,studenti,7,"In base alla tua esperiezia, quali sono i pro e i contro dell'uso dell'intelligenza artificiale nello studio?",il pro è che è molto veloce ed efficace; il contro è che potrebbe essere abusata da molti,misto,1,1,efficienza_tempo,plagio_autorialita,"[{""category"": ""efficienza_tempo"", ""evidence"": ""è molto veloce ed efficace"", ""reason"": ""Il partecipante evidenzia la rapidità e l'efficacia come vantaggio.""}]","[{""category"": ""plagio_autorialita"", ""evidence"": ""potrebbe essere abusata da molti"", ""reason"": ""Il partecipante segnala il rischio di abuso dell'IA, implicando una perdita di autorialità o plagio.""}]",0.9,La risposta elenca esplicitamente un pro e un contro.
studenti_rati17.md,RATI17,Studenti,studenti,7,"In base alla tua esperiezia, quali sono i pro e i contro dell'uso dell'intelligenza artificiale nello studio?",Pro: personalizzazione dello studio e risparmio di tempo. Contro: aumento della prigrizia concreta ed intellettuale.,misto,2,1,efficienza_tempo|personalizzazione,delega_cognitiva,"[{""category"": ""efficienza_tempo"", ""evidence"": ""risparmio di tempo"", ""reason"": ""Il partecipante cita esplicitamente il risparmio di tempo come vantaggio.""}, {""category"": ""personalizzazione"", ""evidence"": ""personalizzazione dello studio"", ""reason"": ""Il partecipante indica la personalizzazione come beneficio.""}]","[{""category"": ""delega_cognitiva"", ""evidence"": ""aumento della prigrizia concreta ed intellettuale"", ""reason"": ""Il partecipante segnala un aumento della 'prigrizia' (probabilmente intesa come pre-giudizio o pre-conoscenza) che implica una riduzione dell'elaborazione autonoma.""}]",0.9,La risposta elenca chiaramente sia un pro che un contro.
studenti_rdis30.md,Rdis30,Studenti,studenti,8,"In base alla tua esperiezia, quali sono i pro e i contro dell'uso dell'intelligenza artificiale nello studio?","I pro sono che aiuta e facilita il lavoro di molti studenti permettendo di risparmiare molto tempo, i contro è che molte volte l’intelligenza artificiale viene utilizzata per svolgere totalmente compiti in maniera istantanea senza che il soggetto si impegni nel provare a risolverlo da solo",misto,1,1,efficienza_tempo,delega_cognitiva,"[{""category"": ""efficienza_tempo"", ""evidence"": ""aiuta e facilita il lavoro di molti studenti permettendo di risparmiare molto tempo"", ""reason"": ""Il partecipante evidenzia il risparmio di tempo come vantaggio.""}]","[{""category"": ""delega_cognitiva"", ""evidence"": ""l'intelligenza artificiale viene utilizzata per svolgere totalmente compiti in maniera istantanea senza che il soggetto si impegni nel provare a risolverlo da solo"", ""reason"": ""Il partecipante segnala il rischio di non impegnarsi nella risoluzione autonoma dei compiti.""}]",0.95,La risposta elenca esplicitamente un pro e un contro.
studenti_reco08.md,Reco08,Studenti,studenti,3,"In base alla tua esperiezia, quali sono i pro e i contro dell'uso dell'intelligenza artificiale nello studio?","I pro sono che facilità il lavoro e velocizza il processo, i contro sono che le persone non ci mettono più impegno nelle cose che fanno",misto,1,1,efficienza_tempo,delega_cognitiva,"[{""category"": ""efficienza_tempo"", ""evidence"": ""facilità il lavoro e velocizza il processo"", ""reason"": ""Il partecipante evidenzia il vantaggio della velocità e facilitazione del lavoro.""}]","[{""category"": ""delega_cognitiva"", ""evidence"": ""le persone non ci mettono più impegno nelle cose che fanno"", ""reason"": ""Il partecipante segnala una riduzione dell'impegno personale e della dedizione.""}]",0.9,La risposta elenca esplicitamente sia un pro che un contro.
studenti_reco24.md,Reco24,Studenti,studenti,7,"In base alla tua esperiezia, quali sono i pro e i contro dell'uso dell'intelligenza artificiale nello studio?","Pro aiuta a comprendere, contro alcune informazioni non attendibili",misto,1,1,supporto_comprensione,affidabilita_errori,"[{""category"": ""supporto_comprensione"", ""evidence"": ""aiuta a comprendere"", ""reason"": ""Il partecipante indica che l'IA facilita la comprensione dei concetti.""}]","[{""category"": ""affidabilita_errori"", ""evidence"": ""alcune informazioni non attendibili"", ""reason"": ""Il partecipante segnala il rischio di informazioni non veritiere o inaccurate.""}]",0.9,La risposta elenca esplicitamente un vantaggio (comprensione) e uno svantaggio (affidabilità).
studenti_relli31.md,Relli31,Studenti,studenti,6,"In base alla tua esperiezia, quali sono i pro e i contro dell'uso dell'intelligenza artificiale nello studio?","Riduce i tempi, non impari",misto,1,1,efficienza_tempo,delega_cognitiva,"[{""category"": ""efficienza_tempo"", ""evidence"": ""Riduce i tempi"", ""reason"": ""Il partecipante indica che l'IA accelera il processo di studio.""}]","[{""category"": ""delega_cognitiva"", ""evidence"": ""non impari"", ""reason"": ""Il partecipante segnala che l'uso dell'IA impedisce l'apprendimento.""}]",0.9,La risposta elenca esplicitamente un vantaggio (riduzione tempi) e uno svantaggio (mancanza di apprendimento).
studenti_rini11.md,Rini11,Studenti,studenti,3,"In base alla tua esperiezia, quali sono i pro e i contro dell'uso dell'intelligenza artificiale nello studio?",In certi casi potrebbe aiutare nella formulazione di riassunti dei testi utilizzati e quindi per risparmiare del tempo.,nessuno,0,0,,,[],[],0.0,Nessuna classificazione valida restituita dal modello.
studenti_rino07.md,rino07,Studenti,studenti,7,"In base alla tua esperiezia, quali sono i pro e i contro dell'uso dell'intelligenza artificiale nello studio?",I pro sono che mi aiuta molto a studiare  I contro distrazioni,misto,1,1,supporto_comprensione,altro,"[{""category"": ""supporto_comprensione"", ""evidence"": ""mi aiuta molto a studiare"", ""reason"": ""Il partecipante indica che l'IA facilita il processo di studio.""}]","[{""category"": ""altro"", ""evidence"": ""I contro distrazioni"", ""reason"": ""Il partecipante cita esplicitamente le distrazioni come svantaggio.""}]",0.9,La risposta elenca chiaramente un pro e un contro.
studenti_risi02.md,risi02,Studenti,studenti,7,"In base alla tua esperiezia, quali sono i pro e i contro dell'uso dell'intelligenza artificiale nello studio?","pro può aiutare e supportare lo studio, contro spesso risulta essere una scorciatoia che non consente di ragionare",misto,1,1,supporto_comprensione,delega_cognitiva,"[{""category"": ""supporto_comprensione"", ""evidence"": ""può aiutare e supportare lo studio"", ""reason"": ""Il partecipante evidenzia il ruolo di supporto dell'IA per facilitare lo studio.""}]","[{""category"": ""delega_cognitiva"", ""evidence"": ""spesso risulta essere una scorciatoia che non consente di ragionare"", ""reason"": ""Il partecipante segnala che l'IA induce a prendere scorciatoie evitando il ragionamento.""}]",0.9,La risposta elenca esplicitamente un pro e un contro.
studenti_rmas16.md,RMAS16,Studenti,studenti,7,"In base alla tua esperiezia, quali sono i pro e i contro dell'uso dell'intelligenza artificiale nello studio?","I pro riguardano l’ottimizzazione dei tempi, mentre i contro riguardano l’abuso dell’intelligenza artificiale, che può arrivare eventualmente a sostituire in maniera integrale (quando possibile) il soggetto nell’esecuzione di un compito, non permettendo alla persona di apprendere adeguatamente.",misto,1,1,efficienza_tempo,delega_cognitiva,"[{""category"": ""efficienza_tempo"", ""evidence"": ""ottimizzazione dei tempi"", ""reason"": ""Il partecipante cita l'ottimizzazione dei tempi come vantaggio.""}]","[{""category"": ""delega_cognitiva"", ""evidence"": ""sostituire in maniera integrale il soggetto nell'esecuzione di un compito"", ""reason"": ""Il partecipante evidenzia il rischio che l'IA sostituisca l'utente, impedendo l'apprendimento.""}]",0.9,La risposta elenca esplicitamente un pro (ottimizzazione) e un contro (sostituzione integrale).
studenti_rone05.md,rone05,Studenti,studenti,7,"In base alla tua esperiezia, quali sono i pro e i contro dell'uso dell'intelligenza artificiale nello studio?","Riesce a semplificare alcuni concetti, i contro che fornisce troppe risposte creando o confusione o portando a dare meno valore a libri",misto,1,2,supporto_comprensione,delega_cognitiva|riduzione_relazione,"[{""category"": ""supporto_comprensione"", ""evidence"": ""Riesce a semplificare alcuni concetti"", ""reason"": ""Il partecipante indica che l'IA aiuta a rendere più comprensibili i concetti complessi.""}]","[{""category"": ""delega_cognitiva"", ""evidence"": ""fornisce troppe risposte creando o confusione"", ""reason"": ""Il partecipante segnala che la quantità eccessiva di risposte può generare confusione.""}, {""category"": ""riduzione_relazione"", ""evidence"": ""portando a dare meno valore a libri"", ""reason"": ""Il partecipante nota una diminuzione del valore attribuito alle fonti tradizionali come i libri.""}]",0.9,La risposta elenca esplicitamente un vantaggio (semplificazione) e due svantaggi (confusione e svalutazione dei libri).
studenti_rone11.md,rone11,Studenti,studenti,3,"In base alla tua esperiezia, quali sono i pro e i contro dell'uso dell'intelligenza artificiale nello studio?",velocità ma sovraccarico informativo,nessuno,0,0,,,[],[],0.0,Nessuna classificazione valida restituita dal modello.
studenti_rone25.md,RONE25,Studenti,studenti,7,"In base alla tua esperiezia, quali sono i pro e i contro dell'uso dell'intelligenza artificiale nello studio?",Pro: Il miglioramento dell'apprendimento delle argomentazioni. Contro: possono impigrire gli studenti che potrebbero utilizzare le loro conoscenze intellettuali,misto,1,1,supporto_comprensione,delega_cognitiva,"[{""category"": ""supporto_comprensione"", ""evidence"": ""miglioramento dell'apprendimento delle argomentazioni"", ""reason"": ""Il partecipante cita un miglioramento specifico nell'apprendimento delle argomentazioni.""}]","[{""category"": ""delega_cognitiva"", ""evidence"": ""possono impigrire gli studenti"", ""reason"": ""Il partecipante segnala il rischio che l'uso dell'IA possa rendere passivi gli studenti, impedendo loro di utilizzare le proprie conoscenze intellettuali.""}]",0.9,La risposta elenca esplicitamente un pro e un contro.
studenti_roni18.md,Roni18,Studenti,studenti,8,"In base alla tua esperiezia, quali sono i pro e i contro dell'uso dell'intelligenza artificiale nello studio?","Pro: semplifica concetti, risparmi tempo, fornisce elaborazioni efficaci da poter imitare  Contro: limita la creatività, risolve problemi al posto dell’uomo, non stimola la curiosità e l’elaborazione",misto,3,4,supporto_comprensione|efficienza_tempo|produzione_materiali,creativita_coinvolgimento|delega_cognitiva|creativita_coinvolgimento|delega_cognitiva,"[{""category"": ""supporto_comprensione"", ""evidence"": ""semplifica concetti"", ""reason"": ""Il partecipante indica che l'IA aiuta a rendere più comprensibili i concetti complessi.""}, {""category"": ""efficienza_tempo"", ""evidence"": ""risparmio di tempo"", ""reason"": ""Il partecipante evidenzia il vantaggio del risparmio temporale.""}, {""category"": ""produzione_materiali"", ""evidence"": ""fornisce elaborazioni efficaci"", ""reason"": ""Il partecipante nota la capacità dell'IA di generare contenuti utili da imitare.""}]","[{""category"": ""creativita_coinvolgimento"", ""evidence"": ""limita la creatività"", ""reason"": ""Il partecipante segnala un impatto negativo sulla capacità creativa.""}, {""category"": ""delega_cognitiva"", ""evidence"": ""risolve problemi al posto dell'uomo"", ""reason"": ""Il partecipante indica che l'IA sostituisce l'utente nella risoluzione dei problemi.""}, {""category"": ""creativita_coinvolgimento"", ""evidence"": ""non stimola la curiosità"", ""reason"": ""Il partecipante osserva una mancanza di stimolo alla curiosità.""}, {""category"": ""delega_cognitiva"", ""evidence"": ""non stimola l'elaborazione"", ""reason"": ""Il partecipante evidenzia la mancanza di stimolo per l'elaborazione personale.""}]",0.95,La risposta elenca esplicitamente sia vantaggi operativi e cognitivi sia svantaggi legati alla creatività e all'autonomia.
studenti_rosi06.md,Rosi06,Studenti,studenti,7,"In base alla tua esperiezia, quali sono i pro e i contro dell'uso dell'intelligenza artificiale nello studio?","Pro: velocizzare il processo di apprendimento , Contro: affidarsi troppo all’AI",misto,1,1,efficienza_tempo,dipendenza,"[{""category"": ""efficienza_tempo"", ""evidence"": ""velocizzare il processo di apprendimento"", ""reason"": ""Il partecipante cita l'accelerazione del processo di apprendimento come vantaggio.""}]","[{""category"": ""dipendenza"", ""evidence"": ""affidarsi troppo all'AI"", ""reason"": ""Il partecipante evidenzia il rischio di un eccessivo affidamento all'intelligenza artificiale.""}]",0.95,La risposta elenca esplicitamente un pro e un contro.
studenti_rtic12.md,rtic12,Studenti,studenti,7,"In base alla tua esperiezia, quali sono i pro e i contro dell'uso dell'intelligenza artificiale nello studio?",pro è che ti aiuta il contro è che poi magari senza non riesci a fare determinate cose,misto,1,1,supporto_comprensione,dipendenza,"[{""category"": ""supporto_comprensione"", ""evidence"": ""ti aiuta"", ""reason"": ""Il partecipante indica che l'IA fornisce assistenza nello studio.""}]","[{""category"": ""dipendenza"", ""evidence"": ""senza non riesci a fare determinate cose"", ""reason"": ""Il partecipante segnala che l'uso dell'IA crea una dipendenza tale da impedire l'esecuzione di compiti senza di essa.""}]",0.9,La risposta elenca esplicitamente un vantaggio ('ti aiuta') e uno svantaggio ('senza non riesci a fare determinate cose').
studenti_ruso12.md,ruso12,Studenti,studenti,8,"In base alla tua esperiezia, quali sono i pro e i contro dell'uso dell'intelligenza artificiale nello studio?","un pro sicuramente che ti spiega un argomento in modo veloce e riassuntivo, un contro che molto spesso mi è capitato di ricevere risposte più che errate.",nessuno,0,0,,,[],[],0.0,Nessuna classificazione valida restituita dal modello.
studenti_russo.md,russo,Studenti,studenti,3,"In base alla tua esperiezia, quali sono i pro e i contro dell'uso dell'intelligenza artificiale nello studio?",ti puo aiutare a capire delle cose che non capisci da sola,nessuno,0,0,,,[],[],0.0,Nessuna classificazione valida restituita dal modello.
studenti_scio16.md,SCIO16,Studenti,studenti,7,"In base alla tua esperiezia, quali sono i pro e i contro dell'uso dell'intelligenza artificiale nello studio?",pro semplificazione contro abuso,misto,1,1,efficienza_tempo,delega_cognitiva,"[{""category"": ""efficienza_tempo"", ""evidence"": ""pro semplificazione"", ""reason"": ""Il partecipante indica che l'IA semplifica lo studio, implicando un guadagno di efficienza.""}]","[{""category"": ""delega_cognitiva"", ""evidence"": ""contro abuso"", ""reason"": ""Il partecipante segnala il rischio di abuso, interpretato come una delega eccessiva o un uso improprio che compromette l'autonomia.""}]",0.9,La risposta elenca esplicitamente un pro (semplificazione) e un contro (abuso).
studenti_silla25.md,silla25,Studenti,studenti,8,"In base alla tua esperiezia, quali sono i pro e i contro dell'uso dell'intelligenza artificiale nello studio?",no debemos acostumbrarnos,nessuno,0,0,,,[],[],0.0,Nessuna classificazione valida restituita dal modello.
studenti_simi25.md,simi25,Studenti,studenti,7,"In base alla tua esperiezia, quali sono i pro e i contro dell'uso dell'intelligenza artificiale nello studio?",pro: velocità e più semplice  contro: molte funzioni sono a pagamento e alcune volte utilizza termini troppo ricercati e elaborati,misto,2,2,efficienza_tempo|autonomia_organizzazione,disuguaglianze|affidabilita_errori,"[{""category"": ""efficienza_tempo"", ""evidence"": ""velocità"", ""reason"": ""Il partecipante cita la velocità come vantaggio.""}, {""category"": ""autonomia_organizzazione"", ""evidence"": ""più semplice"", ""reason"": ""Il partecipante indica che l'uso è più semplice, facilitando l'organizzazione.""}]","[{""category"": ""disuguaglianze"", ""evidence"": ""molte funzioni sono a pagamento"", ""reason"": ""Il partecipante segnala che l'accesso a molte funzioni richiede pagamento, creando barriere economiche.""}, {""category"": ""affidabilita_errori"", ""evidence"": ""utilizza termini troppo ricercati e elaborati"", ""reason"": ""Il partecipante evidenzia l'uso di un linguaggio complesso che può ostacolare la comprensione o essere inappropriato.""}]",0.9,"La risposta elenca esplicitamente sia vantaggi (velocità, semplicità) sia svantaggi (costi, linguaggio complesso)."
studenti_soli13.md,soli13,Studenti,studenti,3,"In base alla tua esperiezia, quali sono i pro e i contro dell'uso dell'intelligenza artificiale nello studio?","pro: semplificano alcune procedure, fanno risparmiare tempo e lo si può dedicare ad altro, possono essere utili nell’organizzazione  contro: ci si impegna di meno, meno interazioni nei lavori di gruppo, superficialità nello studio",misto,1,3,autonomia_organizzazione,delega_cognitiva|riduzione_relazione|standardizzazione,"[{""category"": ""autonomia_organizzazione"", ""evidence"": ""semplificano alcune procedure, fanno risparmiare tempo e lo si può dedicare ad altro, possono essere utili nell'organizzazione"", ""reason"": ""Il partecipante evidenzia il risparmio di tempo e l'utilità nell'organizzazione come benefici.""}]","[{""category"": ""delega_cognitiva"", ""evidence"": ""ci si impegna di meno"", ""reason"": ""Il partecipante segnala una riduzione dell'impegno personale.""}, {""category"": ""riduzione_relazione"", ""evidence"": ""meno interazioni nei lavori di gruppo"", ""reason"": ""Il partecipante indica una diminuzione delle interazioni sociali.""}, {""category"": ""standardizzazione"", ""evidence"": ""superficialità nello studio"", ""reason"": ""Il partecipante evidenzia un approccio superficiale allo studio.""}]",0.95,La risposta elenca chiaramente sia vantaggi operativi che svantaggi relazionali e cognitivi.
studenti_solo11.md,Solo11,Studenti,studenti,7,"In base alla tua esperiezia, quali sono i pro e i contro dell'uso dell'intelligenza artificiale nello studio?","Pro che aiuta e diminuisce il tempo, contro che a volte si affida troppo a questa e si perde il senso di imparare delle cose",misto,1,2,efficienza_tempo,dipendenza|riduzione_relazione,"[{""category"": ""efficienza_tempo"", ""evidence"": ""aiuta e diminuisce il tempo"", ""reason"": ""Il partecipante evidenzia il risparmio di tempo come vantaggio.""}]","[{""category"": ""dipendenza"", ""evidence"": ""si affida troppo a questa"", ""reason"": ""Il partecipante segnala il rischio di un eccessivo affidamento all'IA.""}, {""category"": ""riduzione_relazione"", ""evidence"": ""si perde il senso di imparare delle cose"", ""reason"": ""Il partecipante indica la perdita del senso di apprendimento attivo.""}]",0.9,La risposta elenca esplicitamente un pro e due contro distinti.
studenti_tella04.md,tella04,Studenti,studenti,8,"In base alla tua esperiezia, quali sono i pro e i contro dell'uso dell'intelligenza artificiale nello studio?",pro che mi aiuta cin i compiti contro che alcuni li fa male,misto,1,1,supporto_comprensione,delega_cognitiva,"[{""category"": ""supporto_comprensione"", ""evidence"": ""mi aiuta cin i compiti"", ""reason"": ""Il partecipante indica che l'IA assiste nella risoluzione dei compiti.""}]","[{""category"": ""delega_cognitiva"", ""evidence"": ""alcuni li fa male"", ""reason"": ""Il partecipante segnala che l'uso dell'IA può portare a un uso scorretto o a una cattiva esecuzione dei compiti.""}]",0.6,La risposta elenca sia un vantaggio ('aiuta') sia un rischio ('fa male'). La formulazione è molto generica.
studenti_tese28.md,Tese28,Studenti,studenti,3,"In base alla tua esperiezia, quali sono i pro e i contro dell'uso dell'intelligenza artificiale nello studio?","Personalmente credo ci siano solo contro e nessun pro. Il contro più grande è che da delle risposte identiche per tutti (e che molti usano per copiare), di conseguenza lo studio e l'elaborazione non è più personale e diventa di massa. Questa cosa mi spaventa molto. Credo che il contatto umano sia molto importante nell'apprendimento",solo_contro,0,4,,standardizzazione|plagio_autorialita|riduzione_relazione|creativita_coinvolgimento,[],"[{""category"": ""standardizzazione"", ""evidence"": ""da delle risposte identiche per tutti"", ""reason"": ""Il partecipante evidenzia il rischio di risposte generiche e non personalizzate.""}, {""category"": ""plagio_autorialita"", ""evidence"": ""che molti usano per copiare"", ""reason"": ""Il partecipante cita l'uso dell'IA per copiare come un grave contro.""}, {""category"": ""riduzione_relazione"", ""evidence"": ""lo studio e l'elaborazione non è più personale"", ""reason"": ""Il partecipante lamenta la perdita di personalizzazione nello studio.""}, {""category"": ""creativita_coinvolgimento"", ""evidence"": ""diventa di massa"", ""reason"": ""Il partecipante teme che l'approccio diventi impersonale e di massa.""}]",0.95,Il partecipante dichiara esplicitamente che ci sono solo contro e nessun pro.
studenti_tesi11.md,tesi11,Studenti,studenti,7,"In base alla tua esperiezia, quali sono i pro e i contro dell'uso dell'intelligenza artificiale nello studio?",può essere di grande aiuto ma si rischia di sostituire completamente il lavoro/studio della mente umana o si può diventare pigri,misto,1,2,efficienza_tempo,delega_cognitiva|dipendenza,"[{""category"": ""efficienza_tempo"", ""evidence"": ""grande aiuto"", ""reason"": ""Il partecipante indica che l'IA può essere di grande aiuto, implicando un vantaggio nell'efficienza o supporto.""}]","[{""category"": ""delega_cognitiva"", ""evidence"": ""sostituire completamente il lavoro/studio della mente umana"", ""reason"": ""Il partecipante esprime il rischio che l'IA prenda il posto del pensiero umano.""}, {""category"": ""dipendenza"", ""evidence"": ""diventare pigri"", ""reason"": ""Il partecipante segnala il rischio di sviluppare una pigrizia o dipendenza dall'IA.""}]",0.9,La risposta elenca esplicitamente un beneficio ('grande aiuto') e due rischi distinti (sostituzione del lavoro mentale e pigrizia).
studenti_tili10.md,tili10,Studenti,studenti,8,"In base alla tua esperiezia, quali sono i pro e i contro dell'uso dell'intelligenza artificiale nello studio?",Le risposte sono da prendere con le molle. Bisogna sempre verificare. Anche nella versione a pagamento,nessuno,0,0,,,[],[],0.9,La risposta è generica e non elenca benefici o rischi specifici dell'IA.
studenti_tini07.md,Tini07,Studenti,studenti,8,"In base alla tua esperiezia, quali sono i pro e i contro dell'uso dell'intelligenza artificiale nello studio?",I pro sono che mi aiutano molto. Contro che non riesco a fare le cose da sola,misto,1,1,supporto_comprensione,dipendenza,"[{""category"": ""supporto_comprensione"", ""evidence"": ""mi aiutano molto"", ""reason"": ""Il partecipante indica che l'IA fornisce un aiuto significativo nello studio.""}]","[{""category"": ""dipendenza"", ""evidence"": ""non riesco a fare le cose da sola"", ""reason"": ""Il partecipante esprime l'incapacità di svolgere compiti autonomamente senza l'IA.""}]",0.9,La risposta elenca esplicitamente un vantaggio ('aiutano molto') e uno svantaggio ('non riesco a fare le cose da sola').
studenti_tini30.md,tini30,Studenti,studenti,7,"In base alla tua esperiezia, quali sono i pro e i contro dell'uso dell'intelligenza artificiale nello studio?",non lo so,nessuno,0,0,,,[],[],1.0,Il partecipante dichiara di non sapere rispondere alla domanda.
studenti_tino03.md,tino03,Studenti,studenti,8,"In base alla tua esperiezia, quali sono i pro e i contro dell'uso dell'intelligenza artificiale nello studio?",Pro è la riduzione del tempo il contro è l’abuso,misto,1,1,efficienza_tempo,dipendenza,"[{""category"": ""efficienza_tempo"", ""evidence"": ""riduzione del tempo"", ""reason"": ""Il partecipante indica che l'IA permette di risparmiare tempo.""}]","[{""category"": ""dipendenza"", ""evidence"": ""abuso"", ""reason"": ""Il partecipante segnala il rischio di un uso eccessivo o patologico dell'IA.""}]",0.9,La risposta elenca esplicitamente un pro (riduzione del tempo) e un contro (abuso).
studenti_tino1.md,tino1,Studenti,studenti,7,"In base alla tua esperiezia, quali sono i pro e i contro dell'uso dell'intelligenza artificiale nello studio?",Pro: è veloce Contro: non stimola il cervello,misto,1,1,efficienza_tempo,delega_cognitiva,"[{""category"": ""efficienza_tempo"", ""evidence"": ""è veloce"", ""reason"": ""Il partecipante evidenzia la rapidità come vantaggio.""}]","[{""category"": ""delega_cognitiva"", ""evidence"": ""non stimola il cervello"", ""reason"": ""Il partecipante segnala il rischio di non attivare i processi cognitivi.""}]",1.0,La risposta contiene esplicitamente un pro e un contro.
studenti_tioli20.md,tioli20,Studenti,studenti,7,"In base alla tua esperiezia, quali sono i pro e i contro dell'uso dell'intelligenza artificiale nello studio?",pro: velocizzare lo studio  contro: distrazione,misto,1,1,efficienza_tempo,altro,"[{""category"": ""efficienza_tempo"", ""evidence"": ""velocizzare lo studio"", ""reason"": ""Il partecipante indica che l'IA permette di accelerare il processo di studio.""}]","[{""category"": ""altro"", ""evidence"": ""distrazione"", ""reason"": ""Il partecipante segnala che l'uso dell'IA può portare a distrazioni durante lo studio.""}]",0.9,La risposta elenca esplicitamente un pro (velocizzazione) e un contro (distrazione).
studenti_tisti14.md,tisti14,Studenti,studenti,7,"In base alla tua esperiezia, quali sono i pro e i contro dell'uso dell'intelligenza artificiale nello studio?",I contro sono che limitano molto la creatività e l'individualità e i pro sono che hanno le risposte a tutto e gli si può chiedere qualsiasi cosa,misto,1,2,ricerca_informazioni,creativita_coinvolgimento|individualizzazione,"[{""category"": ""ricerca_informazioni"", ""evidence"": ""hanno le risposte a tutto"", ""reason"": ""Il partecipante evidenzia la capacità dell'IA di fornire risposte immediate e complete su qualsiasi argomento.""}]","[{""category"": ""creativita_coinvolgimento"", ""evidence"": ""limitano molto la creatività"", ""reason"": ""Il partecipante segnala che l'uso dell'IA riduce la capacità creativa.""}, {""category"": ""individualizzazione"", ""evidence"": ""limitano molto la creatività e l'individualità"", ""reason"": ""Il partecipante indica che l'IA minaccia l'espressione dell'individualità dello studente.""}]",0.9,La risposta elenca esplicitamente sia un vantaggio (risposte a tutto) sia due svantaggi (limitazione creatività e individualità).
studenti_tofa14.md,tofa14,Studenti,studenti,7,"In base alla tua esperiezia, quali sono i pro e i contro dell'uso dell'intelligenza artificiale nello studio?",i pro che posso finire i compiti e avere il pomeriggio libero i contro si peggiora nella vita,misto,1,1,efficienza_tempo,delega_cognitiva,"[{""category"": ""efficienza_tempo"", ""evidence"": ""finire i compiti"", ""reason"": ""Il partecipante indica che l'IA permette di completare i compiti più velocemente.""}]","[{""category"": ""delega_cognitiva"", ""evidence"": ""peggiora nella vita"", ""reason"": ""Il partecipante afferma che l'uso dell'IA peggiora la propria vita, suggerendo un impatto negativo sulla qualità della vita o sulle capacità personali.""}]",0.7,La risposta elenca un vantaggio legato al tempo e un svantaggio generico sulla qualità della vita.
studenti_tone10.md,tone10,Studenti,studenti,7,"In base alla tua esperiezia, quali sono i pro e i contro dell'uso dell'intelligenza artificiale nello studio?","I pro sono molteplici, soprattutto la rapidità con la quale riesco a modificare la risposta di IA, o cercare affermazioni che più si adeguano alla mia domanda. Mi aiuta anche a scrivere mail formali.  I contro sono quelli che con il tempo divento più pigro nel cercare soluzioni",misto,3,1,efficienza_tempo|ricerca_informazioni|produzione_materiali,dipendenza,"[{""category"": ""efficienza_tempo"", ""evidence"": ""rapidità con la quale riesco a modificare la risposta di IA"", ""reason"": ""Il partecipante evidenzia il vantaggio della velocità operativa.""}, {""category"": ""ricerca_informazioni"", ""evidence"": ""cercare affermazioni che più si adeguano alla mia domanda"", ""reason"": ""Il partecipante indica la capacità di trovare informazioni pertinenti rapidamente.""}, {""category"": ""produzione_materiali"", ""evidence"": ""Mi aiuta anche a scrivere mail formali"", ""reason"": ""Il partecipante cita l'assistenza nella stesura di documenti formali.""}]","[{""category"": ""dipendenza"", ""evidence"": ""divento più pigro nel cercare soluzioni"", ""reason"": ""Il partecipante segnala un rischio di inerzia o pigrizia derivante dall'uso dell'IA.""}]",0.9,La risposta elenca chiaramente sia vantaggi operativi che svantaggi comportamentali.
studenti_tori07.md,tori07,Studenti,studenti,7,"In base alla tua esperiezia, quali sono i pro e i contro dell'uso dell'intelligenza artificiale nello studio?",ti aiuta a fare cose che da solo non saresti in grado di fare ma allo stesso tempo può essere rischiosa perché se non usata con maturità potrebbe privare di saper apprendere autonomamente,misto,1,1,autonomia_organizzazione,delega_cognitiva,"[{""category"": ""autonomia_organizzazione"", ""evidence"": ""ti aiuta a fare cose che da solo non saresti in grado di fare"", ""reason"": ""Il partecipante indica che l'IA permette di compiere azioni altrimenti impossibili, suggerendo un supporto all'autonomia o all'organizzazione.""}]","[{""category"": ""delega_cognitiva"", ""evidence"": ""potrebbe privare di saper apprendere autonomamente"", ""reason"": ""Il partecipante segnala il rischio di perdere la capacità di apprendimento autonomo se l'uso non è maturo.""}]",0.9,"La risposta elenca esplicitamente un vantaggio ('aiuta a fare cose') e un rischio ('rischiosa', 'privare di saper apprendere')."
studenti_toti07.md,Toti07,Studenti,studenti,7,"In base alla tua esperiezia, quali sono i pro e i contro dell'uso dell'intelligenza artificiale nello studio?",A volte può essere troppo riassuntivo. Un pro è che è molto utile quando si ha poco tempo,misto,1,1,efficienza_tempo,standardizzazione,"[{""category"": ""efficienza_tempo"", ""evidence"": ""molto utile quando si ha poco tempo"", ""reason"": ""Il partecipante evidenzia l'utilità dell'IA in situazioni di scarsità temporale.""}]","[{""category"": ""standardizzazione"", ""evidence"": ""troppo riassuntivo"", ""reason"": ""Il partecipante lamenta una tendenza eccessiva alla sintesi che potrebbe appiattire i contenuti.""}]",0.9,La risposta elenca esplicitamente un vantaggio ('molto utile') e uno svantaggio ('troppo riassuntivo').
studenti_tta12.md,Tta12,Studenti,studenti,3,"In base alla tua esperiezia, quali sono i pro e i contro dell'uso dell'intelligenza artificiale nello studio?",Non lo so,nessuno,0,0,,,[],[],1.0,Il partecipante dichiara di non sapere rispondere alla domanda.
studenti_ucci09.md,Ucci09,Studenti,studenti,3,"In base alla tua esperiezia, quali sono i pro e i contro dell'uso dell'intelligenza artificiale nello studio?","Il pro é che ti permette di risparmiare molto tempo perché ci pensa lei al posto tuo, la maggior parte del tempo; il contro è che purtroppo molte volte sbaglia e quindi ti ritrovi a dover sistemare una parte se non tutto",misto,1,1,efficienza_tempo,affidabilita_errori,"[{""category"": ""efficienza_tempo"", ""evidence"": ""ti permette di risparmiare molto tempo perché ci pensa lei al posto tuo"", ""reason"": ""Il partecipante evidenzia il risparmio di tempo come vantaggio principale.""}]","[{""category"": ""affidabilita_errori"", ""evidence"": ""purtroppo molte volte sbaglia"", ""reason"": ""Il partecipante segnala l'errore frequente dell'IA come svantaggio.""}]",0.95,La risposta elenca esplicitamente un pro (risparmio tempo) e un contro (sbagliare).
studenti_ucci14.md,UCCI14,Studenti,studenti,3,"In base alla tua esperiezia, quali sono i pro e i contro dell'uso dell'intelligenza artificiale nello studio?","Mi pongo la questione se possa alterare la qualità personale dello studio, che possa facilitarne troppo la realizzazione di elaborati e tesi",misto,1,1,produzione_materiali,delega_cognitiva,"[{""category"": ""produzione_materiali"", ""evidence"": ""facilitarne troppo la realizzazione di elaborati e tesi"", ""reason"": ""Il partecipante indica che l'IA facilita la realizzazione di lavori accademici.""}]","[{""category"": ""delega_cognitiva"", ""evidence"": ""alterare la qualità personale dello studio"", ""reason"": ""Il partecipante teme che l'IA possa compromettere la qualità del processo di studio personale.""}]",0.9,La risposta esplicita un vantaggio nella facilitazione della produzione e un rischio nella qualità dello studio.
studenti_ucci19.md,ucci19,Studenti,studenti,8,"In base alla tua esperiezia, quali sono i pro e i contro dell'uso dell'intelligenza artificiale nello studio?","Il rischio principale per me è l’abuso, rischiando di sostituire ciò che potrebbe essere svolto da noi ma per comodità farlo svolgere dall’AI",solo_contro,0,2,,delega_cognitiva|dipendenza,[],"[{""category"": ""delega_cognitiva"", ""evidence"": ""rischiando di sostituire ciò che potrebbe essere svolto da noi"", ""reason"": ""Il partecipante evidenzia il rischio di sostituzione delle attività umane da parte dell'IA.""}, {""category"": ""dipendenza"", ""evidence"": ""per comodità farlo svolgere dall’AI"", ""reason"": ""Il partecipante indica come motivazione principale la comodità, suggerendo una dipendenza dall'IA.""}]",0.95,"La risposta elenca esclusivamente rischi (abuso, sostituzione, comodità) senza menzionare benefici."
studenti_ucci31.md,ucci31,Studenti,studenti,7,"In base alla tua esperiezia, quali sono i pro e i contro dell'uso dell'intelligenza artificiale nello studio?",I pro sono che va a semplificare e ridurre il lavoro  I contro sono che si riduce il quoziente intellettivo dello studente,misto,1,1,efficienza_tempo,delega_cognitiva,"[{""category"": ""efficienza_tempo"", ""evidence"": ""va a semplificare e ridurre il lavoro"", ""reason"": ""Il partecipante indica che l'IA semplifica e riduce il carico di lavoro.""}]","[{""category"": ""delega_cognitiva"", ""evidence"": ""si riduce il quoziente intellettivo dello studente"", ""reason"": ""Il partecipante segnala che l'uso dell'IA porta a una riduzione delle capacità intellettive.""}]",0.9,La risposta elenca esplicitamente un vantaggio (semplificazione) e uno svantaggio (riduzione quoziente intellettivo).
studenti_uida30.md,uida30,Studenti,studenti,7,"In base alla tua esperiezia, quali sono i pro e i contro dell'uso dell'intelligenza artificiale nello studio?","io sono pro, poiché risparmio tante energie e riesco a studiare in meno di 2h, di solito ne impiego 4/5. un contro molto importante è che il cervello non si sforza più a fare da sé perché abbiamo già tutto servito e quindi si perdono anche le capacità di ragionamento proprio",misto,1,1,efficienza_tempo,delega_cognitiva,"[{""category"": ""efficienza_tempo"", ""evidence"": ""risparmio tante energie e riesco a studiare in meno di 2h"", ""reason"": ""Il partecipante evidenzia il risparmio di tempo ed energie.""}]","[{""category"": ""delega_cognitiva"", ""evidence"": ""il cervello non si sforza più a fare da sé perché abbiamo già tutto servito"", ""reason"": ""Il partecipante segnala che l'IA riduce lo sforzo mentale autonomo.""}]",0.9,La risposta esplicita sia un vantaggio (risparmio tempo/energia) sia uno svantaggio (mancanza di sforzo cognitivo).
studenti_ulou14.md,ULOU14,Studenti,studenti,6,"In base alla tua esperiezia, quali sono i pro e i contro dell'uso dell'intelligenza artificiale nello studio?","Pro - Velocizza, Semplifica, Chiarisce le idee, fa domande per verificare conoscenze Contro- può limitare la capacità di scrivere e abbassare la soglia della concentrazione",misto,3,2,efficienza_tempo|supporto_comprensione|supporto_comprensione,delega_cognitiva|dipendenza,"[{""category"": ""efficienza_tempo"", ""evidence"": ""Velocizza"", ""reason"": ""Il partecipante indica che l'IA accelera i processi di studio.""}, {""category"": ""supporto_comprensione"", ""evidence"": ""Semplifica, Chiarisce le idee"", ""reason"": ""Il partecipante evidenzia come l'IA aiuti a semplificare e chiarire i concetti.""}, {""category"": ""supporto_comprensione"", ""evidence"": ""fa domande per verificare conoscenze"", ""reason"": ""Il partecipante nota che l'IA supporta la verifica delle conoscenze tramite domande.""}]","[{""category"": ""delega_cognitiva"", ""evidence"": ""può limitare la capacità di scrivere"", ""reason"": ""Il partecipante segnala il rischio di una riduzione delle capacità di scrittura autonoma.""}, {""category"": ""dipendenza"", ""evidence"": ""abbassare la soglia della concentrazione"", ""reason"": ""Il partecipante indica che l'uso dell'IA può portare a una diminuzione della capacità di concentrazione.""}]",0.95,La risposta elenca esplicitamente sia vantaggi operativi e cognitivi sia svantaggi legati alle capacità individuali.
studenti_ummo22.md,Ummo22,Studenti,studenti,7,"In base alla tua esperiezia, quali sono i pro e i contro dell'uso dell'intelligenza artificiale nello studio?",Pro mi aiuta in ciò che non ho capito bene e contro non sempre mi fornisce ciò che ho richiesto,misto,1,1,supporto_comprensione,affidabilita_errori,"[{""category"": ""supporto_comprensione"", ""evidence"": ""mi aiuta in ciò che non ho capito bene"", ""reason"": ""Il partecipante indica che l'IA funge da supporto per chiarire concetti non compresi.""}]","[{""category"": ""affidabilita_errori"", ""evidence"": ""non sempre mi fornisce ciò che ho richiesto"", ""reason"": ""Il partecipante segnala che l'IA non risponde sempre in modo pertinente alle richieste.""}]",0.9,La risposta elenca esplicitamente un vantaggio (comprensione) e uno svantaggio (affidabilità).
studenti_uovo24.md,uovo24,Studenti,studenti,3,"In base alla tua esperiezia, quali sono i pro e i contro dell'uso dell'intelligenza artificiale nello studio?",pro: capacità di sintesi e spiegazione alternative di teorie e concetti - contro:sostituisce lo studio dai manuali,misto,1,1,supporto_comprensione,delega_cognitiva,"[{""category"": ""supporto_comprensione"", ""evidence"": ""capacità di sintesi e spiegazione alternative di teorie e concetti"", ""reason"": ""Il partecipante evidenzia il vantaggio di ricevere spiegazioni alternative e sintesi per comprendere meglio i concetti.""}]","[{""category"": ""delega_cognitiva"", ""evidence"": ""sostituisce lo studio dai manuali"", ""reason"": ""Il partecipante segnala il rischio che l'IA sostituisca l'attività di studio autonoma sui materiali di riferimento.""}]",0.95,La risposta elenca esplicitamente un pro e un contro.
studenti_uppa08.md,Uppa08,Studenti,studenti,3,"In base alla tua esperiezia, quali sono i pro e i contro dell'uso dell'intelligenza artificiale nello studio?","Contro: il risultato non è frutto del nostro cervello, non promuove l’intuizione Pro: aiuta ad avere i risultati nel minor tempo possibile e con meno sforzi",misto,1,1,efficienza_tempo,delega_cognitiva,"[{""category"": ""efficienza_tempo"", ""evidence"": ""aiuta ad avere i risultati nel minor tempo possibile e con meno sforzi"", ""reason"": ""Il partecipante evidenzia il vantaggio di ottenere risultati rapidi e con meno fatica.""}]","[{""category"": ""delega_cognitiva"", ""evidence"": ""il risultato non è frutto del nostro cervello, non promuove l'intuizione"", ""reason"": ""Il partecipante segnala il rischio di non sviluppare l'intuizione personale poiché il risultato non deriva dal proprio cervello.""}]",0.95,La risposta elenca esplicitamente un pro e un contro.
studenti_urdi04.md,URDI04,Studenti,studenti,8,"In base alla tua esperiezia, quali sono i pro e i contro dell'uso dell'intelligenza artificiale nello studio?","Pro: tempi ridotti di studio o lavoro, facilitazione della comprensione di concetti. CONTRO: non c'é una formazione adeguata al corretto utilizzo dell'IA. Questo rischia di produrre menti poco critiche e superficiali.",misto,2,1,efficienza_tempo|supporto_comprensione,delega_cognitiva,"[{""category"": ""efficienza_tempo"", ""evidence"": ""tempi ridotti di studio o lavoro"", ""reason"": ""Il partecipante cita la riduzione dei tempi come vantaggio.""}, {""category"": ""supporto_comprensione"", ""evidence"": ""facilitazione della comprensione di concetti"", ""reason"": ""Il partecipante indica che l'IA aiuta a capire meglio i concetti.""}]","[{""category"": ""delega_cognitiva"", ""evidence"": ""non c'é una formazione adeguata al corretto utilizzo dell'IA. Questo rischia di produrre menti poco critiche e superficiali"", ""reason"": ""Il partecipante evidenzia il rischio di superficialità e mancanza di pensiero critico dovuto alla mancata formazione.""}]",0.95,La risposta elenca chiaramente sia benefici operativi e cognitivi sia rischi legati alla formazione e al pensiero critico.
studenti_usso09.md,usso09,Studenti,studenti,7,"In base alla tua esperiezia, quali sono i pro e i contro dell'uso dell'intelligenza artificiale nello studio?","il pro è che ottimizza i tempi, mentre i contro che limita la creatività.",misto,1,1,efficienza_tempo,creativita_coinvolgimento,"[{""category"": ""efficienza_tempo"", ""evidence"": ""ottimizza i tempi"", ""reason"": ""Il partecipante indica che l'IA accelera i processi di studio.""}]","[{""category"": ""creativita_coinvolgimento"", ""evidence"": ""limita la creatività"", ""reason"": ""Il partecipante segnala un impatto negativo sulla capacità creativa.""}]",1.0,La risposta elenca esplicitamente un pro e un contro.
studenti_usso14.md,usso14,Studenti,studenti,3,"In base alla tua esperiezia, quali sono i pro e i contro dell'uso dell'intelligenza artificiale nello studio?",pro: riassumere i punti essenziali e facilitarne l'apprendimento contro: i possibili errori di riassunto che possono accadere,misto,2,1,supporto_comprensione|supporto_comprensione,affidabilita_errori,"[{""category"": ""supporto_comprensione"", ""evidence"": ""riassumere i punti essenziali"", ""reason"": ""Il partecipante cita la capacità di sintetizzare come vantaggio per l'apprendimento.""}, {""category"": ""supporto_comprensione"", ""evidence"": ""facilitarne l'apprendimento"", ""reason"": ""Il partecipante indica esplicitamente il miglioramento dell'apprendimento come beneficio.""}]","[{""category"": ""affidabilita_errori"", ""evidence"": ""i possibili errori di riassunto che possono accadere"", ""reason"": ""Il partecipante segnala il rischio di inesattezze nella sintesi generata dall'IA.""}]",0.95,La risposta elenca chiaramente un pro e un contro specifici.
studenti_usso26.md,Usso26,Studenti,studenti,8,"In base alla tua esperiezia, quali sono i pro e i contro dell'uso dell'intelligenza artificiale nello studio?",Pro risparmi tempo,nessuno,0,0,,,[],[],0.0,Nessuna classificazione valida restituita dal modello.
studenti_uzza29.md,uzza29,Studenti,studenti,8,"In base alla tua esperiezia, quali sono i pro e i contro dell'uso dell'intelligenza artificiale nello studio?","i pro sono la facilità con cui poter reperire le informazioni, il contro può essere un'eccessiva delega di compiti a strumenti di intelligenza artificiale che impoverirebbero le nostre capacità",misto,1,1,ricerca_informazioni,delega_cognitiva,"[{""category"": ""ricerca_informazioni"", ""evidence"": ""facilità con cui poter reperire le informazioni"", ""reason"": ""Il partecipante evidenzia la facilità di accesso ai dati come vantaggio.""}]","[{""category"": ""delega_cognitiva"", ""evidence"": ""eccessiva delega di compiti a strumenti di intelligenza artificiale"", ""reason"": ""Il partecipante segnala il rischio di un'eccessiva dipendenza dagli strumenti che impoverisce le capacità personali.""}]",0.95,La risposta elenca esplicitamente un pro e un contro.
studenti_uzzi27.md,uzzi27,Studenti,studenti,8,"In base alla tua esperiezia, quali sono i pro e i contro dell'uso dell'intelligenza artificiale nello studio?","i pro solo il risparmio del tempo, la praticità e la concretezza, i contro sono la difficoltà a tornare a metodi più dispendiosi, non solo economicamente ma anche su piano temporale",misto,3,1,efficienza_tempo|autonomia_organizzazione|produzione_materiali,dipendenza,"[{""category"": ""efficienza_tempo"", ""evidence"": ""risparmio del tempo"", ""reason"": ""Il partecipante cita il risparmio del tempo come vantaggio principale.""}, {""category"": ""autonomia_organizzazione"", ""evidence"": ""la praticità"", ""reason"": ""La praticità è indicata come un beneficio operativo.""}, {""category"": ""produzione_materiali"", ""evidence"": ""la concretezza"", ""reason"": ""La concretezza è menzionata come un aspetto positivo dell'uso dell'IA.""}]","[{""category"": ""dipendenza"", ""evidence"": ""difficoltà a tornare a metodi più dispendiosi"", ""reason"": ""Il partecipante evidenzia la difficoltà di abbandonare l'uso dell'IA, indicando una dipendenza.""}]",0.9,La risposta elenca esplicitamente sia pro che contro dell'uso dell'IA.
studenti_vacci21.md,vacci21,Studenti,studenti,8,"In base alla tua esperiezia, quali sono i pro e i contro dell'uso dell'intelligenza artificiale nello studio?","pro ti aiuta e specifica lo studio, contro ci sono persone che se ne approfittano",misto,1,1,supporto_comprensione,plagio_autorialita,"[{""category"": ""supporto_comprensione"", ""evidence"": ""ti aiuta e specifica lo studio"", ""reason"": ""Il partecipante indica che l'IA aiuta a specificare lo studio.""}]","[{""category"": ""plagio_autorialita"", ""evidence"": ""ci sono persone che se ne approfittano"", ""reason"": ""Il partecipante segnala che alcuni studenti usano l'IA per trarne vantaggio indebito.""}]",0.9,La risposta elenca esplicitamente un pro e un contro.
studenti_vale6.md,vale6,Studenti,studenti,3,"In base alla tua esperiezia, quali sono i pro e i contro dell'uso dell'intelligenza artificiale nello studio?",i pro sono che ti salva per quando non riesci a fare un compito i contro che non ragioni più con la tua testa,misto,1,1,supporto_comprensione,delega_cognitiva,"[{""category"": ""supporto_comprensione"", ""evidence"": ""ti salva per quando non riesci a fare un compito"", ""reason"": ""Il partecipante indica che l'IA aiuta a superare difficoltà nello svolgimento dei compiti.""}]","[{""category"": ""delega_cognitiva"", ""evidence"": ""non ragioni più con la tua testa"", ""reason"": ""Il partecipante segnala che l'uso dell'IA porta a una riduzione del ragionamento autonomo.""}]",0.9,La risposta elenca esplicitamente un vantaggio (aiuto nei compiti) e uno svantaggio (mancanza di ragionamento).
studenti_vese2.md,Vese2,Studenti,studenti,7,"In base alla tua esperiezia, quali sono i pro e i contro dell'uso dell'intelligenza artificiale nello studio?","Pro velocità, duttilità, capacità di avere tanti modi diversi per studiare l'argomento  Contro affidabilità delle fonti",misto,3,1,efficienza_tempo|personalizzazione|supporto_comprensione,affidabilita_errori,"[{""category"": ""efficienza_tempo"", ""evidence"": ""velocità"", ""reason"": ""Il partecipante cita la velocità come vantaggio.""}, {""category"": ""personalizzazione"", ""evidence"": ""duttìlità"", ""reason"": ""Il partecipante indica la duttilità come pro.""}, {""category"": ""supporto_comprensione"", ""evidence"": ""capacità di avere tanti modi diversi per studiare l'argomento"", ""reason"": ""Il partecipante evidenzia la capacità di offrire molteplici modalità di studio.""}]","[{""category"": ""affidabilita_errori"", ""evidence"": ""affidabilità delle fonti"", ""reason"": ""Il partecipante segnala problemi relativi all'affidabilità delle fonti.""}]",0.9,La risposta elenca esplicitamente sia pro che contro.
studenti_vito21.md,Vito21,Studenti,studenti,7,"In base alla tua esperiezia, quali sono i pro e i contro dell'uso dell'intelligenza artificiale nello studio?",Pro si apprende contro fa diminuire la fantasia,misto,1,1,creativita_coinvolgimento,creativita_coinvolgimento,"[{""category"": ""creativita_coinvolgimento"", ""evidence"": ""si apprende"", ""reason"": ""Il partecipante indica che l'uso dell'IA favorisce l'apprendimento.""}]","[{""category"": ""creativita_coinvolgimento"", ""evidence"": ""fa diminuire la fantasia"", ""reason"": ""Il partecipante segnala che l'uso dell'IA riduce la fantasia.""}]",0.9,La risposta elenca esplicitamente un pro ('si apprende') e un contro ('fa diminuire la fantasia').
studenti_zano18.md,zano18,Studenti,studenti,7,"In base alla tua esperiezia, quali sono i pro e i contro dell'uso dell'intelligenza artificiale nello studio?",spesso fanno parte del lavoro al nostro posto,nessuno,0,0,,,[],[],0.9,La risposta è generica e non esplicita né benefici né rischi specifici dell'IA.
