nohup: ignoring input
=> Database and media directory: /home/nugh75/.local/share/label-studio
=> Static URL is set to: /static/
=> Database and media directory: /home/nugh75/.local/share/label-studio
=> Static URL is set to: /static/
Read environment variables from: /home/nugh75/.local/share/label-studio/.env
get 'SECRET_KEY' casted as '<class 'str'>' with default ''
Starting new HTTPS connection (1): pypi.org:443
https://pypi.org:443 "GET /pypi/label-studio/json HTTP/1.1" 200 36245
/home/nugh75/-qtimes/Praxis-ql/.venv/lib/python3.12/site-packages/django/db/backends/utils.py:98: RuntimeWarning: Accessing the database during app initialization is discouraged. To fix this warning, avoid executing queries in AppConfig.ready() or when your app modules are imported.
  warnings.warn(self.APPS_NOT_READY_WARNING_MSG, category=RuntimeWarning)
[2026-04-21 16:44:20,173] [django.server::log_message::213] [INFO] "GET / HTTP/1.1" 200 38920
[2026-04-21 16:44:20,173] [django.server::log_message::213] [INFO] "GET / HTTP/1.1" 200 38920
[2026-04-21 16:44:20,324] [django.server::log_message::213] [INFO] "GET /react-app/runtime.js?v=0db906 HTTP/1.1" 200 5034
[2026-04-21 16:44:20,324] [django.server::log_message::213] [INFO] "GET /react-app/runtime.js?v=0db906 HTTP/1.1" 200 5034
[2026-04-21 16:44:20,645] [django.server::log_message::213] [INFO] "GET /static/fonts/Figtree-Regular.ttf HTTP/1.1" 200 40584
[2026-04-21 16:44:20,645] [django.server::log_message::213] [INFO] "GET /static/fonts/Figtree-Regular.ttf HTTP/1.1" 200 40584
[2026-04-21 16:44:20,646] [django.server::log_message::213] [INFO] "GET /react-app/main.css?v=0db906 HTTP/1.1" 200 232558
[2026-04-21 16:44:20,646] [django.server::log_message::213] [INFO] "GET /react-app/main.css?v=0db906 HTTP/1.1" 200 232558
[2026-04-21 16:44:20,653] [django.server::log_message::213] [INFO] "GET /react-app/vendor.js?v=1 HTTP/1.1" 200 280541
[2026-04-21 16:44:20,653] [django.server::log_message::213] [INFO] "GET /react-app/vendor.js?v=1 HTTP/1.1" 200 280541
[2026-04-21 16:44:20,656] [django.server::log_message::213] [INFO] "GET /react-app/main.js?v=0db906 HTTP/1.1" 200 2497373
[2026-04-21 16:44:20,656] [django.server::log_message::213] [INFO] "GET /react-app/main.js?v=0db906 HTTP/1.1" 200 2497373
[2026-04-21 16:44:20,682] [django.server::log_message::213] [INFO] "GET /static/js/jquery.min.e6c2415c0ace.js HTTP/1.1" 200 87462
[2026-04-21 16:44:20,682] [django.server::log_message::213] [INFO] "GET /static/js/jquery.min.e6c2415c0ace.js HTTP/1.1" 200 87462
[2026-04-21 16:44:22,757] [django.server::log_message::213] [INFO] "GET /static/fonts/Figtree-SemiBold.ttf HTTP/1.1" 200 40852
[2026-04-21 16:44:22,757] [django.server::log_message::213] [INFO] "GET /static/fonts/Figtree-SemiBold.ttf HTTP/1.1" 200 40852
[2026-04-21 16:44:22,891] [django.server::log_message::213] [INFO] "GET /sw.js HTTP/1.1" 200 6221
[2026-04-21 16:44:22,891] [django.server::log_message::213] [INFO] "GET /sw.js HTTP/1.1" 200 6221
[2026-04-21 16:44:23,241] [django.server::log_message::213] [INFO] "GET /static/images/favicon.8992b8aa4126.ico HTTP/1.1" 200 15406
[2026-04-21 16:44:23,241] [django.server::log_message::213] [INFO] "GET /static/images/favicon.8992b8aa4126.ico HTTP/1.1" 200 15406
[2026-04-21 16:44:23,263] [django.server::log_message::213] [INFO] "GET /api/current-user/whoami HTTP/1.1" 200 1239
[2026-04-21 16:44:23,263] [django.server::log_message::213] [INFO] "GET /api/current-user/whoami HTTP/1.1" 200 1239
[2026-04-21 16:44:23,272] [django.server::log_message::213] [INFO] "GET /api/projects?page_size=10 HTTP/1.1" 200 52
[2026-04-21 16:44:23,272] [django.server::log_message::213] [INFO] "GET /api/projects?page_size=10 HTTP/1.1" 200 52
[2026-04-21 16:44:23,297] [django.server::log_message::213] [INFO] "GET /api/version HTTP/1.1" 200 1052
[2026-04-21 16:44:23,297] [django.server::log_message::213] [INFO] "GET /api/version HTTP/1.1" 200 1052
[2026-04-21 16:44:23,917] [django.server::log_message::213] [INFO] "GET /sw.js HTTP/1.1" 200 6221
[2026-04-21 16:44:23,917] [django.server::log_message::213] [INFO] "GET /sw.js HTTP/1.1" 200 6221
[2026-04-21 16:44:30,427] [django.server::log_message::213] [INFO] "GET /api/projects HTTP/1.1" 200 52
[2026-04-21 16:44:30,427] [django.server::log_message::213] [INFO] "GET /api/projects HTTP/1.1" 200 52
[2026-04-21 16:44:30,595] [django.server::log_message::213] [INFO] "POST /api/projects HTTP/1.1" 201 1342
[2026-04-21 16:44:30,595] [django.server::log_message::213] [INFO] "POST /api/projects HTTP/1.1" 201 1342
[2026-04-21 16:44:30,963] [django.server::log_message::213] [INFO] "GET /api/projects/1/file-uploads HTTP/1.1" 200 2
[2026-04-21 16:44:30,963] [django.server::log_message::213] [INFO] "GET /api/projects/1/file-uploads HTTP/1.1" 200 2
[2026-04-21 16:44:37,503] [django.server::log_message::213] [INFO] "POST /__lsa/?__=%7B%22event%22%3A%22create_project.tab.data_import%22%2C%22url%22%3A%22http%3A%2F%2Flocalhost%3A8082%2F%22%7D HTTP/1.1" 204 0
[2026-04-21 16:44:37,503] [django.server::log_message::213] [INFO] "POST /__lsa/?__=%7B%22event%22%3A%22create_project.tab.data_import%22%2C%22url%22%3A%22http%3A%2F%2Flocalhost%3A8082%2F%22%7D HTTP/1.1" 204 0
[2026-04-21 16:45:04,640] [django.server::log_message::213] [INFO] "DELETE /api/projects/1 HTTP/1.1" 204 0
[2026-04-21 16:45:04,640] [django.server::log_message::213] [INFO] "DELETE /api/projects/1 HTTP/1.1" 204 0
[2026-04-21 16:45:07,310] [django.server::log_message::213] [INFO] "GET / HTTP/1.1" 200 38920
[2026-04-21 16:45:07,310] [django.server::log_message::213] [INFO] "GET / HTTP/1.1" 200 38920
[2026-04-21 16:45:07,514] [django.server::log_message::213] [INFO] "GET /static/fonts/Figtree-Regular.ttf HTTP/1.1" 200 40584
[2026-04-21 16:45:07,514] [django.server::log_message::213] [INFO] "GET /static/fonts/Figtree-Regular.ttf HTTP/1.1" 200 40584
[2026-04-21 16:45:07,515] [django.server::log_message::213] [INFO] "GET /static/fonts/Figtree-SemiBold.ttf HTTP/1.1" 200 40852
[2026-04-21 16:45:07,515] [django.server::log_message::213] [INFO] "GET /static/fonts/Figtree-SemiBold.ttf HTTP/1.1" 200 40852
[2026-04-21 16:45:07,519] [django.server::log_message::213] [INFO] "GET /react-app/runtime.js?v=0db906 HTTP/1.1" 200 5034
[2026-04-21 16:45:07,519] [django.server::log_message::213] [INFO] "GET /react-app/runtime.js?v=0db906 HTTP/1.1" 200 5034
[2026-04-21 16:45:07,997] [django.server::log_message::213] [INFO] "GET /react-app/vendor.js?v=1 HTTP/1.1" 200 280541
[2026-04-21 16:45:07,997] [django.server::log_message::213] [INFO] "GET /react-app/vendor.js?v=1 HTTP/1.1" 200 280541
[2026-04-21 16:45:08,007] [django.server::log_message::213] [INFO] "GET /static/js/jquery.min.e6c2415c0ace.js HTTP/1.1" 200 87462
[2026-04-21 16:45:08,007] [django.server::log_message::213] [INFO] "GET /static/js/jquery.min.e6c2415c0ace.js HTTP/1.1" 200 87462
[2026-04-21 16:45:08,010] [django.server::log_message::213] [INFO] "GET /react-app/main.js?v=0db906 HTTP/1.1" 200 2497373
[2026-04-21 16:45:08,010] [django.server::log_message::213] [INFO] "GET /react-app/main.js?v=0db906 HTTP/1.1" 200 2497373
[2026-04-21 16:45:09,874] [django.server::log_message::213] [INFO] "GET /sw.js HTTP/1.1" 200 6221
[2026-04-21 16:45:09,874] [django.server::log_message::213] [INFO] "GET /sw.js HTTP/1.1" 200 6221
[2026-04-21 16:45:10,171] [django.server::log_message::213] [INFO] "GET /api/current-user/whoami HTTP/1.1" 200 1239
[2026-04-21 16:45:10,171] [django.server::log_message::213] [INFO] "GET /api/current-user/whoami HTTP/1.1" 200 1239
[2026-04-21 16:45:10,173] [django.server::log_message::213] [INFO] "GET /static/images/favicon.8992b8aa4126.ico HTTP/1.1" 200 15406
[2026-04-21 16:45:10,173] [django.server::log_message::213] [INFO] "GET /static/images/favicon.8992b8aa4126.ico HTTP/1.1" 200 15406
[2026-04-21 16:45:10,324] [django.server::log_message::213] [INFO] "GET /api/projects?page_size=10 HTTP/1.1" 200 52
[2026-04-21 16:45:10,324] [django.server::log_message::213] [INFO] "GET /api/projects?page_size=10 HTTP/1.1" 200 52
[2026-04-21 16:45:10,324] [django.server::log_message::213] [INFO] "GET /api/version HTTP/1.1" 200 1052
[2026-04-21 16:45:10,324] [django.server::log_message::213] [INFO] "GET /api/version HTTP/1.1" 200 1052
[2026-04-21 16:45:10,852] [django.server::log_message::213] [INFO] "GET /sw.js HTTP/1.1" 200 6221
[2026-04-21 16:45:10,852] [django.server::log_message::213] [INFO] "GET /sw.js HTTP/1.1" 200 6221
[2026-04-21 16:45:14,823] [django.server::log_message::213] [INFO] "POST /__lsa/?__=%7B%22expires%22%3A1779381915419%2C%22event%22%3A%22heidi_tips.projectSettings.dismiss%22%2C%22url%22%3A%22http%3A%2F%2Flocalhost%3A8082%2F%22%7D HTTP/1.1" 204 0
[2026-04-21 16:45:14,823] [django.server::log_message::213] [INFO] "POST /__lsa/?__=%7B%22expires%22%3A1779381915419%2C%22event%22%3A%22heidi_tips.projectSettings.dismiss%22%2C%22url%22%3A%22http%3A%2F%2Flocalhost%3A8082%2F%22%7D HTTP/1.1" 204 0
[2026-04-21 16:49:15,459] [django.server::log_message::213] [INFO] "GET / HTTP/1.1" 200 38920
[2026-04-21 16:49:15,459] [django.server::log_message::213] [INFO] "GET / HTTP/1.1" 200 38920
[2026-04-21 16:49:15,740] [django.server::log_message::213] [INFO] "GET /static/fonts/Figtree-Regular.ttf HTTP/1.1" 200 40584
[2026-04-21 16:49:15,740] [django.server::log_message::213] [INFO] "GET /static/fonts/Figtree-Regular.ttf HTTP/1.1" 200 40584
[2026-04-21 16:49:16,192] [django.server::log_message::213] [INFO] "GET /react-app/main.css?v=0db906 HTTP/1.1" 200 232558
[2026-04-21 16:49:16,192] [django.server::log_message::213] [INFO] "GET /react-app/main.css?v=0db906 HTTP/1.1" 200 232558
[2026-04-21 16:49:16,201] [django.server::log_message::213] [INFO] "GET /static/fonts/Figtree-SemiBold.ttf HTTP/1.1" 200 40852
[2026-04-21 16:49:16,201] [django.server::log_message::213] [INFO] "GET /static/fonts/Figtree-SemiBold.ttf HTTP/1.1" 200 40852
[2026-04-21 16:49:16,204] [django.server::log_message::213] [INFO] "GET /react-app/runtime.js?v=0db906 HTTP/1.1" 200 5034
[2026-04-21 16:49:16,204] [django.server::log_message::213] [INFO] "GET /react-app/runtime.js?v=0db906 HTTP/1.1" 200 5034
[2026-04-21 16:49:16,210] [django.server::log_message::213] [INFO] "GET /react-app/vendor.js?v=1 HTTP/1.1" 200 280541
[2026-04-21 16:49:16,210] [django.server::log_message::213] [INFO] "GET /react-app/vendor.js?v=1 HTTP/1.1" 200 280541
[2026-04-21 16:49:16,213] [django.server::log_message::213] [INFO] "GET /react-app/main.js?v=0db906 HTTP/1.1" 200 2497373
[2026-04-21 16:49:16,213] [django.server::log_message::213] [INFO] "GET /react-app/main.js?v=0db906 HTTP/1.1" 200 2497373
[2026-04-21 16:49:18,007] [django.server::log_message::213] [INFO] "GET /static/js/jquery.min.e6c2415c0ace.js HTTP/1.1" 200 87462
[2026-04-21 16:49:18,007] [django.server::log_message::213] [INFO] "GET /static/js/jquery.min.e6c2415c0ace.js HTTP/1.1" 200 87462
[2026-04-21 16:49:19,004] [django.server::log_message::213] [INFO] "GET /sw.js HTTP/1.1" 200 6221
[2026-04-21 16:49:19,004] [django.server::log_message::213] [INFO] "GET /sw.js HTTP/1.1" 200 6221
[2026-04-21 16:49:19,144] [django.server::log_message::213] [INFO] "GET /static/images/favicon.8992b8aa4126.ico HTTP/1.1" 200 15406
[2026-04-21 16:49:19,144] [django.server::log_message::213] [INFO] "GET /static/images/favicon.8992b8aa4126.ico HTTP/1.1" 200 15406
[2026-04-21 16:49:19,173] [django.server::log_message::213] [INFO] "GET /api/projects?page_size=10 HTTP/1.1" 200 52
[2026-04-21 16:49:19,173] [django.server::log_message::213] [INFO] "GET /api/projects?page_size=10 HTTP/1.1" 200 52
[2026-04-21 16:49:19,186] [django.server::log_message::213] [INFO] "GET /api/current-user/whoami HTTP/1.1" 200 1239
[2026-04-21 16:49:19,186] [django.server::log_message::213] [INFO] "GET /api/current-user/whoami HTTP/1.1" 200 1239
[2026-04-21 16:49:19,188] [django.server::log_message::213] [INFO] "GET /api/version HTTP/1.1" 200 1052
[2026-04-21 16:49:19,188] [django.server::log_message::213] [INFO] "GET /api/version HTTP/1.1" 200 1052
[2026-04-21 16:49:19,854] [django.server::log_message::213] [INFO] "GET /sw.js HTTP/1.1" 200 6221
[2026-04-21 16:49:19,854] [django.server::log_message::213] [INFO] "GET /sw.js HTTP/1.1" 200 6221
[2026-04-21 16:49:25,330] [django.server::log_message::213] [INFO] "GET /api/projects?page=1&page_size=30&include=id%2Ctitle%2Ccreated_by%2Ccreated_at%2Ccolor%2Cis_published%2Cassignment_settings%2Cstate HTTP/1.1" 200 52
[2026-04-21 16:49:25,330] [django.server::log_message::213] [INFO] "GET /api/projects?page=1&page_size=30&include=id%2Ctitle%2Ccreated_by%2Ccreated_at%2Ccolor%2Cis_published%2Cassignment_settings%2Cstate HTTP/1.1" 200 52
[2026-04-21 16:49:25,590] [django.server::log_message::213] [INFO] "GET /static/images/opossum_looking.png HTTP/1.1" 200 105719
[2026-04-21 16:49:25,590] [django.server::log_message::213] [INFO] "GET /static/images/opossum_looking.png HTTP/1.1" 200 105719
[2026-04-21 16:49:28,907] [django.server::log_message::213] [INFO] "GET /api/projects?page_size=10 HTTP/1.1" 200 52
[2026-04-21 16:49:28,907] [django.server::log_message::213] [INFO] "GET /api/projects?page_size=10 HTTP/1.1" 200 52
[2026-04-21 16:53:24,566] [django.server::log_message::213] [INFO] "GET / HTTP/1.1" 200 38920
[2026-04-21 16:53:24,566] [django.server::log_message::213] [INFO] "GET / HTTP/1.1" 200 38920
[2026-04-21 16:53:24,702] [django.server::log_message::213] [INFO] "GET /static/fonts/Figtree-Regular.ttf HTTP/1.1" 200 40584
[2026-04-21 16:53:24,702] [django.server::log_message::213] [INFO] "GET /static/fonts/Figtree-Regular.ttf HTTP/1.1" 200 40584
[2026-04-21 16:53:24,968] [django.server::log_message::213] [INFO] "GET /react-app/runtime.js?v=0db906 HTTP/1.1" 200 5034
[2026-04-21 16:53:24,968] [django.server::log_message::213] [INFO] "GET /react-app/runtime.js?v=0db906 HTTP/1.1" 200 5034
[2026-04-21 16:53:25,019] [django.server::log_message::213] [INFO] "GET /static/fonts/Figtree-SemiBold.ttf HTTP/1.1" 200 40852
[2026-04-21 16:53:25,019] [django.server::log_message::213] [INFO] "GET /static/fonts/Figtree-SemiBold.ttf HTTP/1.1" 200 40852
[2026-04-21 16:53:25,028] [django.server::log_message::213] [INFO] "GET /react-app/vendor.js?v=1 HTTP/1.1" 200 280541
[2026-04-21 16:53:25,028] [django.server::log_message::213] [INFO] "GET /react-app/vendor.js?v=1 HTTP/1.1" 200 280541
[2026-04-21 16:53:25,031] [django.server::log_message::213] [INFO] "GET /react-app/main.css?v=0db906 HTTP/1.1" 200 232558
[2026-04-21 16:53:25,031] [django.server::log_message::213] [INFO] "GET /react-app/main.css?v=0db906 HTTP/1.1" 200 232558
[2026-04-21 16:53:25,034] [django.server::log_message::213] [INFO] "GET /react-app/main.js?v=0db906 HTTP/1.1" 200 2497373
[2026-04-21 16:53:25,034] [django.server::log_message::213] [INFO] "GET /react-app/main.js?v=0db906 HTTP/1.1" 200 2497373
[2026-04-21 16:53:25,074] [django.server::log_message::213] [INFO] "GET /static/js/jquery.min.e6c2415c0ace.js HTTP/1.1" 200 87462
[2026-04-21 16:53:25,074] [django.server::log_message::213] [INFO] "GET /static/js/jquery.min.e6c2415c0ace.js HTTP/1.1" 200 87462
[2026-04-21 16:53:28,026] [django.server::log_message::213] [INFO] "GET /static/images/favicon.8992b8aa4126.ico HTTP/1.1" 200 15406
[2026-04-21 16:53:28,026] [django.server::log_message::213] [INFO] "GET /static/images/favicon.8992b8aa4126.ico HTTP/1.1" 200 15406
[2026-04-21 16:53:28,027] [django.server::log_message::213] [INFO] "GET /sw.js HTTP/1.1" 200 6221
[2026-04-21 16:53:28,027] [django.server::log_message::213] [INFO] "GET /sw.js HTTP/1.1" 200 6221
[2026-04-21 16:53:28,204] [django.server::log_message::213] [INFO] "GET /api/projects?page_size=10 HTTP/1.1" 200 52
[2026-04-21 16:53:28,204] [django.server::log_message::213] [INFO] "GET /api/projects?page_size=10 HTTP/1.1" 200 52
[2026-04-21 16:53:28,299] [django.server::log_message::213] [INFO] "GET /api/current-user/whoami HTTP/1.1" 200 1239
[2026-04-21 16:53:28,299] [django.server::log_message::213] [INFO] "GET /api/current-user/whoami HTTP/1.1" 200 1239
[2026-04-21 16:53:28,302] [django.server::log_message::213] [INFO] "GET /api/version HTTP/1.1" 200 1052
[2026-04-21 16:53:28,302] [django.server::log_message::213] [INFO] "GET /api/version HTTP/1.1" 200 1052
[2026-04-21 16:53:28,703] [django.server::log_message::213] [INFO] "GET /sw.js HTTP/1.1" 200 6221
[2026-04-21 16:53:28,703] [django.server::log_message::213] [INFO] "GET /sw.js HTTP/1.1" 200 6221
[2026-04-21 16:53:31,728] [django.server::log_message::213] [INFO] "GET /api/projects HTTP/1.1" 200 52
[2026-04-21 16:53:31,728] [django.server::log_message::213] [INFO] "GET /api/projects HTTP/1.1" 200 52
[2026-04-21 16:53:31,825] [django.server::log_message::213] [INFO] "POST /api/projects HTTP/1.1" 201 1342
[2026-04-21 16:53:31,825] [django.server::log_message::213] [INFO] "POST /api/projects HTTP/1.1" 201 1342
[2026-04-21 16:53:31,963] [django.server::log_message::213] [INFO] "GET /api/projects/2/file-uploads HTTP/1.1" 200 2
[2026-04-21 16:53:31,963] [django.server::log_message::213] [INFO] "GET /api/projects/2/file-uploads HTTP/1.1" 200 2
[2026-04-21 16:53:37,564] [django.server::log_message::213] [INFO] "PATCH /api/projects/2 HTTP/1.1" 200 1310
[2026-04-21 16:53:37,564] [django.server::log_message::213] [INFO] "PATCH /api/projects/2 HTTP/1.1" 200 1310
[2026-04-21 16:53:37,619] [core.label_config::parse_config::53] [WARNING] Using deprecated method - switch to label_studio.tools.label_config.parse_config!
[2026-04-21 16:53:37,620] [core.label_config::parse_config::53] [WARNING] Using deprecated method - switch to label_studio.tools.label_config.parse_config!
[2026-04-21 16:53:37,645] [django.server::log_message::213] [INFO] "PATCH /api/projects/2 HTTP/1.1" 200 1311
[2026-04-21 16:53:37,645] [django.server::log_message::213] [INFO] "PATCH /api/projects/2 HTTP/1.1" 200 1311
[2026-04-21 16:53:37,821] [django.server::log_message::213] [INFO] "POST /api/projects/2/reimport HTTP/1.1" 200 129
[2026-04-21 16:53:37,821] [django.server::log_message::213] [INFO] "POST /api/projects/2/reimport HTTP/1.1" 200 129
[2026-04-21 16:53:38,127] [django.server::log_message::213] [INFO] "GET /react-app/855.css HTTP/1.1" 200 21839
[2026-04-21 16:53:38,127] [django.server::log_message::213] [INFO] "GET /react-app/855.css HTTP/1.1" 200 21839
[2026-04-21 16:53:38,135] [django.server::log_message::213] [INFO] "GET /react-app/167.css HTTP/1.1" 200 49229
[2026-04-21 16:53:38,135] [django.server::log_message::213] [INFO] "GET /react-app/167.css HTTP/1.1" 200 49229
[2026-04-21 16:53:38,137] [django.server::log_message::213] [INFO] "GET /react-app/855.js HTTP/1.1" 200 216744
[2026-04-21 16:53:38,137] [django.server::log_message::213] [INFO] "GET /react-app/855.js HTTP/1.1" 200 216744
[2026-04-21 16:53:38,137] [django.server::log_message::213] [INFO] "GET /react-app/594.js HTTP/1.1" 200 131832
[2026-04-21 16:53:38,137] [django.server::log_message::213] [INFO] "GET /react-app/594.js HTTP/1.1" 200 131832
[2026-04-21 16:53:38,573] [django.server::log_message::213] [INFO] "GET /react-app/167.js HTTP/1.1" 200 320718
[2026-04-21 16:53:38,573] [django.server::log_message::213] [INFO] "GET /react-app/167.js HTTP/1.1" 200 320718
[2026-04-21 16:53:38,586] [django.server::log_message::213] [INFO] "GET /react-app/288.js HTTP/1.1" 200 1372978
[2026-04-21 16:53:38,586] [django.server::log_message::213] [INFO] "GET /react-app/288.js HTTP/1.1" 200 1372978
[2026-04-21 16:53:38,613] [django.server::log_message::213] [INFO] "GET /react-app/358.css HTTP/1.1" 200 1374637
[2026-04-21 16:53:38,613] [django.server::log_message::213] [INFO] "GET /react-app/358.css HTTP/1.1" 200 1374637
[2026-04-21 16:53:39,702] [django.server::log_message::213] [INFO] "GET /react-app/358.js HTTP/1.1" 200 1178824
[2026-04-21 16:53:39,702] [django.server::log_message::213] [INFO] "GET /react-app/358.js HTTP/1.1" 200 1178824
[2026-04-21 16:53:40,717] [django.server::log_message::213] [INFO] "POST /__lsa/?__=%7B%22event%22%3A%22create_project.create%22%2C%22url%22%3A%22http%3A%2F%2Flocalhost%3A8082%2F%22%7D HTTP/1.1" 204 0
[2026-04-21 16:53:40,717] [django.server::log_message::213] [INFO] "POST /__lsa/?__=%7B%22event%22%3A%22create_project.create%22%2C%22url%22%3A%22http%3A%2F%2Flocalhost%3A8082%2F%22%7D HTTP/1.1" 204 0
[2026-04-21 16:53:40,789] [django.server::log_message::213] [INFO] "GET /api/projects/2 HTTP/1.1" 200 1311
[2026-04-21 16:53:40,789] [django.server::log_message::213] [INFO] "GET /api/projects/2 HTTP/1.1" 200 1311
[2026-04-21 16:53:40,876] [django.server::log_message::213] [INFO] "GET /api/ml?project=2 HTTP/1.1" 200 2
[2026-04-21 16:53:40,876] [django.server::log_message::213] [INFO] "GET /api/ml?project=2 HTTP/1.1" 200 2
[2026-04-21 16:53:40,994] [django.server::log_message::213] [INFO] "GET /api/dm/columns?project=2 HTTP/1.1" 200 4077
[2026-04-21 16:53:40,994] [django.server::log_message::213] [INFO] "GET /api/dm/columns?project=2 HTTP/1.1" 200 4077
[2026-04-21 16:53:41,393] [django.server::log_message::213] [INFO] "GET /api/users?project=2 HTTP/1.1" 200 394
[2026-04-21 16:53:41,393] [django.server::log_message::213] [INFO] "GET /api/users?project=2 HTTP/1.1" 200 394
[2026-04-21 16:53:41,396] [django.server::log_message::213] [INFO] "GET /api/dm/project?project=2 HTTP/1.1" 200 1495
[2026-04-21 16:53:41,396] [django.server::log_message::213] [INFO] "GET /api/dm/project?project=2 HTTP/1.1" 200 1495
[2026-04-21 16:53:41,670] [django.server::log_message::213] [INFO] "GET /api/current-user/whoami HTTP/1.1" 200 1239
[2026-04-21 16:53:41,670] [django.server::log_message::213] [INFO] "GET /api/current-user/whoami HTTP/1.1" 200 1239
[2026-04-21 16:53:41,714] [django.server::log_message::213] [INFO] "GET /api/dm/views?project=2 HTTP/1.1" 200 2
[2026-04-21 16:53:41,714] [django.server::log_message::213] [INFO] "GET /api/dm/views?project=2 HTTP/1.1" 200 2
[2026-04-21 16:53:41,925] [django.server::log_message::213] [INFO] "POST /api/dm/views?tabID=0&project=2 HTTP/1.1" 201 1026
[2026-04-21 16:53:41,925] [django.server::log_message::213] [INFO] "POST /api/dm/views?tabID=0&project=2 HTTP/1.1" 201 1026
[2026-04-21 16:53:42,132] [django.server::log_message::213] [INFO] "GET /api/dm/project?interaction=timer&include=task_count%2Ctask_number%2Cannotation_count%2Cnum_tasks_with_annotations%2Cqueue_total&project=2 HTTP/1.1" 200 1495
[2026-04-21 16:53:42,132] [django.server::log_message::213] [INFO] "GET /api/dm/project?interaction=timer&include=task_count%2Ctask_number%2Cannotation_count%2Cnum_tasks_with_annotations%2Cqueue_total&project=2 HTTP/1.1" 200 1495
[2026-04-21 16:53:42,281] [django.server::log_message::213] [INFO] "GET /api/tasks?page=1&page_size=30&view=1&project=2 HTTP/1.1" 200 66
[2026-04-21 16:53:42,281] [django.server::log_message::213] [INFO] "GET /api/tasks?page=1&page_size=30&view=1&project=2 HTTP/1.1" 200 66
[2026-04-21 16:53:54,555] [django.server::log_message::213] [INFO] "POST /api/dm/views?tabID=2&project=2 HTTP/1.1" 201 1028
[2026-04-21 16:53:54,555] [django.server::log_message::213] [INFO] "POST /api/dm/views?tabID=2&project=2 HTTP/1.1" 201 1028
[2026-04-21 16:53:54,850] [django.server::log_message::213] [INFO] "GET /api/tasks?page=1&page_size=30&view=2&project=2 HTTP/1.1" 200 66
[2026-04-21 16:53:54,850] [django.server::log_message::213] [INFO] "GET /api/tasks?page=1&page_size=30&view=2&project=2 HTTP/1.1" 200 66
[2026-04-21 16:54:01,724] [django.server::log_message::213] [INFO] "GET /api/tasks?page=1&page_size=30&view=1&project=2 HTTP/1.1" 200 66
[2026-04-21 16:54:01,724] [django.server::log_message::213] [INFO] "GET /api/tasks?page=1&page_size=30&view=1&project=2 HTTP/1.1" 200 66
[2026-04-21 16:54:01,903] [django.server::log_message::213] [INFO] "DELETE /api/dm/views/2?project=2 HTTP/1.1" 204 0
[2026-04-21 16:54:01,903] [django.server::log_message::213] [INFO] "DELETE /api/dm/views/2?project=2 HTTP/1.1" 204 0
[2026-04-21 16:54:02,772] [django.server::log_message::213] [INFO] "GET /api/dm/project?interaction=timer&include=task_count%2Ctask_number%2Cannotation_count%2Cnum_tasks_with_annotations%2Cqueue_total&project=2 HTTP/1.1" 200 1495
[2026-04-21 16:54:02,772] [django.server::log_message::213] [INFO] "GET /api/dm/project?interaction=timer&include=task_count%2Ctask_number%2Cannotation_count%2Cnum_tasks_with_annotations%2Cqueue_total&project=2 HTTP/1.1" 200 1495
[2026-04-21 16:54:03,908] [django.server::log_message::213] [INFO] "GET /api/projects/2/file-uploads HTTP/1.1" 200 2
[2026-04-21 16:54:03,908] [django.server::log_message::213] [INFO] "GET /api/projects/2/file-uploads HTTP/1.1" 200 2
[2026-04-21 16:54:03,914] [django.server::log_message::213] [INFO] "GET /api/projects/2 HTTP/1.1" 200 1311
[2026-04-21 16:54:03,914] [django.server::log_message::213] [INFO] "GET /api/projects/2 HTTP/1.1" 200 1311
[2026-04-21 16:54:04,004] [django.server::log_message::213] [INFO] "GET /api/projects/2 HTTP/1.1" 200 1311
[2026-04-21 16:54:04,004] [django.server::log_message::213] [INFO] "GET /api/projects/2 HTTP/1.1" 200 1311
[2026-04-21 16:54:20,033] [django.server::log_message::213] [INFO] "DELETE /api/projects/2/file-uploads HTTP/1.1" 200 13
[2026-04-21 16:54:20,033] [django.server::log_message::213] [INFO] "DELETE /api/projects/2/file-uploads HTTP/1.1" 200 13
[2026-04-21 16:54:20,238] [django.server::log_message::213] [INFO] "GET /api/projects/2/file-uploads HTTP/1.1" 200 2
[2026-04-21 16:54:20,238] [django.server::log_message::213] [INFO] "GET /api/projects/2/file-uploads HTTP/1.1" 200 2
[2026-04-21 16:54:20,284] [django.server::log_message::213] [INFO] "GET /api/projects HTTP/1.1" 200 1363
[2026-04-21 16:54:20,284] [django.server::log_message::213] [INFO] "GET /api/projects HTTP/1.1" 200 1363
[2026-04-21 16:54:20,299] [django.server::log_message::213] [INFO] "GET /api/projects?ids=2&page_size=1 HTTP/1.1" 200 1363
[2026-04-21 16:54:20,299] [django.server::log_message::213] [INFO] "GET /api/projects?ids=2&page_size=1 HTTP/1.1" 200 1363
[2026-04-21 16:54:20,302] [django.server::log_message::213] [INFO] "GET /api/projects?page_size=10 HTTP/1.1" 200 1363
[2026-04-21 16:54:20,302] [django.server::log_message::213] [INFO] "GET /api/projects?page_size=10 HTTP/1.1" 200 1363
[2026-04-21 16:54:20,388] [django.server::log_message::213] [INFO] "POST /api/projects HTTP/1.1" 201 1342
[2026-04-21 16:54:20,388] [django.server::log_message::213] [INFO] "POST /api/projects HTTP/1.1" 201 1342
[2026-04-21 16:54:20,558] [django.server::log_message::213] [INFO] "GET /api/projects/2 HTTP/1.1" 200 1311
[2026-04-21 16:54:20,558] [django.server::log_message::213] [INFO] "GET /api/projects/2 HTTP/1.1" 200 1311
[2026-04-21 16:54:20,680] [django.server::log_message::213] [INFO] "GET /api/ml?project=2 HTTP/1.1" 200 2
[2026-04-21 16:54:20,680] [django.server::log_message::213] [INFO] "GET /api/ml?project=2 HTTP/1.1" 200 2
[2026-04-21 16:54:20,929] [django.server::log_message::213] [INFO] "GET /api/dm/columns?project=2 HTTP/1.1" 200 4077
[2026-04-21 16:54:20,929] [django.server::log_message::213] [INFO] "GET /api/dm/columns?project=2 HTTP/1.1" 200 4077
[2026-04-21 16:54:21,059] [django.server::log_message::213] [INFO] "GET /api/dm/views?project=2 HTTP/1.1" 200 1028
[2026-04-21 16:54:21,059] [django.server::log_message::213] [INFO] "GET /api/dm/views?project=2 HTTP/1.1" 200 1028
[2026-04-21 16:54:21,063] [django.server::log_message::213] [INFO] "GET /api/dm/project?project=2 HTTP/1.1" 200 1495
[2026-04-21 16:54:21,063] [django.server::log_message::213] [INFO] "GET /api/dm/project?project=2 HTTP/1.1" 200 1495
[2026-04-21 16:54:21,069] [django.server::log_message::213] [INFO] "GET /api/current-user/whoami HTTP/1.1" 200 1239
[2026-04-21 16:54:21,069] [django.server::log_message::213] [INFO] "GET /api/current-user/whoami HTTP/1.1" 200 1239
[2026-04-21 16:54:21,325] [django.server::log_message::213] [INFO] "GET /api/tasks?page=1&page_size=30&view=1&project=2 HTTP/1.1" 200 66
[2026-04-21 16:54:21,325] [django.server::log_message::213] [INFO] "GET /api/tasks?page=1&page_size=30&view=1&project=2 HTTP/1.1" 200 66
[2026-04-21 16:54:21,443] [django.server::log_message::213] [INFO] "GET /api/dm/project?interaction=timer&include=task_count%2Ctask_number%2Cannotation_count%2Cnum_tasks_with_annotations%2Cqueue_total&project=2 HTTP/1.1" 200 1495
[2026-04-21 16:54:21,443] [django.server::log_message::213] [INFO] "GET /api/dm/project?interaction=timer&include=task_count%2Ctask_number%2Cannotation_count%2Cnum_tasks_with_annotations%2Cqueue_total&project=2 HTTP/1.1" 200 1495
[2026-04-21 16:54:33,102] [django.server::log_message::213] [INFO] "PATCH /api/dm/views/1?project=2 HTTP/1.1" 200 1026
[2026-04-21 16:54:33,102] [django.server::log_message::213] [INFO] "PATCH /api/dm/views/1?project=2 HTTP/1.1" 200 1026
[2026-04-21 16:54:37,058] [django.server::log_message::213] [INFO] "GET /api/projects/2/file-uploads HTTP/1.1" 200 2
[2026-04-21 16:54:37,058] [django.server::log_message::213] [INFO] "GET /api/projects/2/file-uploads HTTP/1.1" 200 2
[2026-04-21 16:54:37,060] [django.server::log_message::213] [INFO] "GET /api/projects/2 HTTP/1.1" 200 1311
[2026-04-21 16:54:37,060] [django.server::log_message::213] [INFO] "GET /api/projects/2 HTTP/1.1" 200 1311
[2026-04-21 16:54:37,161] [django.server::log_message::213] [INFO] "GET /api/projects/2 HTTP/1.1" 200 1311
[2026-04-21 16:54:37,161] [django.server::log_message::213] [INFO] "GET /api/projects/2 HTTP/1.1" 200 1311
[2026-04-21 16:54:42,193] [django.server::log_message::213] [INFO] "GET /api/dm/project?interaction=timer&include=task_count%2Ctask_number%2Cannotation_count%2Cnum_tasks_with_annotations%2Cqueue_total&project=2 HTTP/1.1" 200 1495
[2026-04-21 16:54:42,193] [django.server::log_message::213] [INFO] "GET /api/dm/project?interaction=timer&include=task_count%2Ctask_number%2Cannotation_count%2Cnum_tasks_with_annotations%2Cqueue_total&project=2 HTTP/1.1" 200 1495
[2026-04-21 16:54:43,568] [django.server::log_message::213] [INFO] "POST /api/projects/2/reimport HTTP/1.1" 200 129
[2026-04-21 16:54:43,568] [django.server::log_message::213] [INFO] "POST /api/projects/2/reimport HTTP/1.1" 200 129
[2026-04-21 16:54:43,828] [django.server::log_message::213] [INFO] "GET /api/projects/2/file-uploads HTTP/1.1" 200 2
[2026-04-21 16:54:43,828] [django.server::log_message::213] [INFO] "GET /api/projects/2/file-uploads HTTP/1.1" 200 2
[2026-04-21 16:54:43,957] [django.server::log_message::213] [INFO] "GET /api/projects HTTP/1.1" 200 2682
[2026-04-21 16:54:43,957] [django.server::log_message::213] [INFO] "GET /api/projects HTTP/1.1" 200 2682
[2026-04-21 16:54:43,960] [django.server::log_message::213] [INFO] "GET /api/projects?ids=2&page_size=1 HTTP/1.1" 200 1363
[2026-04-21 16:54:43,960] [django.server::log_message::213] [INFO] "GET /api/projects?ids=2&page_size=1 HTTP/1.1" 200 1363
[2026-04-21 16:54:43,961] [django.server::log_message::213] [INFO] "GET /api/projects?page_size=10 HTTP/1.1" 200 2682
[2026-04-21 16:54:43,961] [django.server::log_message::213] [INFO] "GET /api/projects?page_size=10 HTTP/1.1" 200 2682
[2026-04-21 16:54:43,960] [django.server::log_message::213] [INFO] "GET /api/projects/2 HTTP/1.1" 200 1311
[2026-04-21 16:54:43,960] [django.server::log_message::213] [INFO] "GET /api/projects/2 HTTP/1.1" 200 1311
[2026-04-21 16:54:44,071] [django.server::log_message::213] [INFO] "POST /api/projects HTTP/1.1" 201 1342
[2026-04-21 16:54:44,071] [django.server::log_message::213] [INFO] "POST /api/projects HTTP/1.1" 201 1342
[2026-04-21 16:54:44,129] [django.server::log_message::213] [INFO] "GET /api/ml?project=2 HTTP/1.1" 200 2
[2026-04-21 16:54:44,129] [django.server::log_message::213] [INFO] "GET /api/ml?project=2 HTTP/1.1" 200 2
[2026-04-21 16:54:44,287] [django.server::log_message::213] [INFO] "GET /api/dm/columns?project=2 HTTP/1.1" 200 4077
[2026-04-21 16:54:44,287] [django.server::log_message::213] [INFO] "GET /api/dm/columns?project=2 HTTP/1.1" 200 4077
[2026-04-21 16:54:44,505] [django.server::log_message::213] [INFO] "GET /api/dm/project?project=2 HTTP/1.1" 200 1495
[2026-04-21 16:54:44,505] [django.server::log_message::213] [INFO] "GET /api/dm/project?project=2 HTTP/1.1" 200 1495
[2026-04-21 16:54:44,547] [django.server::log_message::213] [INFO] "GET /api/current-user/whoami HTTP/1.1" 200 1239
[2026-04-21 16:54:44,547] [django.server::log_message::213] [INFO] "GET /api/current-user/whoami HTTP/1.1" 200 1239
[2026-04-21 16:54:44,558] [django.server::log_message::213] [INFO] "GET /api/users?project=2 HTTP/1.1" 200 394
[2026-04-21 16:54:44,558] [django.server::log_message::213] [INFO] "GET /api/users?project=2 HTTP/1.1" 200 394
[2026-04-21 16:54:44,559] [django.server::log_message::213] [INFO] "GET /api/dm/views?project=2 HTTP/1.1" 200 1028
[2026-04-21 16:54:44,559] [django.server::log_message::213] [INFO] "GET /api/dm/views?project=2 HTTP/1.1" 200 1028
[2026-04-21 16:54:44,852] [django.server::log_message::213] [INFO] "GET /api/tasks?page=1&page_size=30&view=1&project=2 HTTP/1.1" 200 66
[2026-04-21 16:54:44,852] [django.server::log_message::213] [INFO] "GET /api/tasks?page=1&page_size=30&view=1&project=2 HTTP/1.1" 200 66
[2026-04-21 16:54:45,055] [django.server::log_message::213] [INFO] "GET /api/dm/project?interaction=timer&include=task_count%2Ctask_number%2Cannotation_count%2Cnum_tasks_with_annotations%2Cqueue_total&project=2 HTTP/1.1" 200 1495
[2026-04-21 16:54:45,055] [django.server::log_message::213] [INFO] "GET /api/dm/project?interaction=timer&include=task_count%2Ctask_number%2Cannotation_count%2Cnum_tasks_with_annotations%2Cqueue_total&project=2 HTTP/1.1" 200 1495
[2026-04-21 16:55:05,802] [django.server::log_message::213] [INFO] "GET /api/dm/project?interaction=timer&include=task_count%2Ctask_number%2Cannotation_count%2Cnum_tasks_with_annotations%2Cqueue_total&project=2 HTTP/1.1" 200 1495
[2026-04-21 16:55:05,802] [django.server::log_message::213] [INFO] "GET /api/dm/project?interaction=timer&include=task_count%2Ctask_number%2Cannotation_count%2Cnum_tasks_with_annotations%2Cqueue_total&project=2 HTTP/1.1" 200 1495
[2026-04-21 16:55:26,712] [django.server::log_message::213] [INFO] "GET /api/dm/project?interaction=timer&include=task_count%2Ctask_number%2Cannotation_count%2Cnum_tasks_with_annotations%2Cqueue_total&project=2 HTTP/1.1" 200 1495
[2026-04-21 16:55:26,712] [django.server::log_message::213] [INFO] "GET /api/dm/project?interaction=timer&include=task_count%2Ctask_number%2Cannotation_count%2Cnum_tasks_with_annotations%2Cqueue_total&project=2 HTTP/1.1" 200 1495
[2026-04-21 16:55:47,373] [django.server::log_message::213] [INFO] "GET /api/dm/project?interaction=timer&include=task_count%2Ctask_number%2Cannotation_count%2Cnum_tasks_with_annotations%2Cqueue_total&project=2 HTTP/1.1" 200 1495
[2026-04-21 16:55:47,373] [django.server::log_message::213] [INFO] "GET /api/dm/project?interaction=timer&include=task_count%2Ctask_number%2Cannotation_count%2Cnum_tasks_with_annotations%2Cqueue_total&project=2 HTTP/1.1" 200 1495
[2026-04-21 16:56:08,039] [django.server::log_message::213] [INFO] "GET /api/dm/project?interaction=timer&include=task_count%2Ctask_number%2Cannotation_count%2Cnum_tasks_with_annotations%2Cqueue_total&project=2 HTTP/1.1" 200 1495
[2026-04-21 16:56:08,039] [django.server::log_message::213] [INFO] "GET /api/dm/project?interaction=timer&include=task_count%2Ctask_number%2Cannotation_count%2Cnum_tasks_with_annotations%2Cqueue_total&project=2 HTTP/1.1" 200 1495
[2026-04-21 16:56:27,207] [django.server::log_message::213] [INFO] "GET /api/dm/project?interaction=timer&include=task_count%2Ctask_number%2Cannotation_count%2Cnum_tasks_with_annotations%2Cqueue_total&project=2 HTTP/1.1" 200 1495
[2026-04-21 16:56:27,207] [django.server::log_message::213] [INFO] "GET /api/dm/project?interaction=timer&include=task_count%2Ctask_number%2Cannotation_count%2Cnum_tasks_with_annotations%2Cqueue_total&project=2 HTTP/1.1" 200 1495
[2026-04-21 16:56:47,886] [django.server::log_message::213] [INFO] "GET /api/dm/project?interaction=timer&include=task_count%2Ctask_number%2Cannotation_count%2Cnum_tasks_with_annotations%2Cqueue_total&project=2 HTTP/1.1" 200 1495
[2026-04-21 16:56:47,886] [django.server::log_message::213] [INFO] "GET /api/dm/project?interaction=timer&include=task_count%2Ctask_number%2Cannotation_count%2Cnum_tasks_with_annotations%2Cqueue_total&project=2 HTTP/1.1" 200 1495
[2026-04-21 16:57:08,571] [django.server::log_message::213] [INFO] "GET /api/dm/project?interaction=timer&include=task_count%2Ctask_number%2Cannotation_count%2Cnum_tasks_with_annotations%2Cqueue_total&project=2 HTTP/1.1" 200 1495
[2026-04-21 16:57:08,571] [django.server::log_message::213] [INFO] "GET /api/dm/project?interaction=timer&include=task_count%2Ctask_number%2Cannotation_count%2Cnum_tasks_with_annotations%2Cqueue_total&project=2 HTTP/1.1" 200 1495
[2026-04-21 16:57:27,753] [django.server::log_message::213] [INFO] "GET /api/dm/project?interaction=timer&include=task_count%2Ctask_number%2Cannotation_count%2Cnum_tasks_with_annotations%2Cqueue_total&project=2 HTTP/1.1" 200 1495
[2026-04-21 16:57:27,753] [django.server::log_message::213] [INFO] "GET /api/dm/project?interaction=timer&include=task_count%2Ctask_number%2Cannotation_count%2Cnum_tasks_with_annotations%2Cqueue_total&project=2 HTTP/1.1" 200 1495
[2026-04-21 16:57:48,419] [django.server::log_message::213] [INFO] "GET /api/dm/project?interaction=timer&include=task_count%2Ctask_number%2Cannotation_count%2Cnum_tasks_with_annotations%2Cqueue_total&project=2 HTTP/1.1" 200 1495
[2026-04-21 16:57:48,419] [django.server::log_message::213] [INFO] "GET /api/dm/project?interaction=timer&include=task_count%2Ctask_number%2Cannotation_count%2Cnum_tasks_with_annotations%2Cqueue_total&project=2 HTTP/1.1" 200 1495
[2026-04-21 16:58:09,145] [django.server::log_message::213] [INFO] "GET /api/dm/project?interaction=timer&include=task_count%2Ctask_number%2Cannotation_count%2Cnum_tasks_with_annotations%2Cqueue_total&project=2 HTTP/1.1" 200 1495
[2026-04-21 16:58:09,145] [django.server::log_message::213] [INFO] "GET /api/dm/project?interaction=timer&include=task_count%2Ctask_number%2Cannotation_count%2Cnum_tasks_with_annotations%2Cqueue_total&project=2 HTTP/1.1" 200 1495
[2026-04-21 16:58:29,060] [django.server::log_message::213] [INFO] "GET /api/dm/project?interaction=timer&include=task_count%2Ctask_number%2Cannotation_count%2Cnum_tasks_with_annotations%2Cqueue_total&project=2 HTTP/1.1" 200 1495
[2026-04-21 16:58:29,060] [django.server::log_message::213] [INFO] "GET /api/dm/project?interaction=timer&include=task_count%2Ctask_number%2Cannotation_count%2Cnum_tasks_with_annotations%2Cqueue_total&project=2 HTTP/1.1" 200 1495
[2026-04-21 16:58:49,761] [django.server::log_message::213] [INFO] "GET /api/dm/project?interaction=timer&include=task_count%2Ctask_number%2Cannotation_count%2Cnum_tasks_with_annotations%2Cqueue_total&project=2 HTTP/1.1" 200 1495
[2026-04-21 16:58:49,761] [django.server::log_message::213] [INFO] "GET /api/dm/project?interaction=timer&include=task_count%2Ctask_number%2Cannotation_count%2Cnum_tasks_with_annotations%2Cqueue_total&project=2 HTTP/1.1" 200 1495
[2026-04-21 16:59:10,419] [django.server::log_message::213] [INFO] "GET /api/dm/project?interaction=timer&include=task_count%2Ctask_number%2Cannotation_count%2Cnum_tasks_with_annotations%2Cqueue_total&project=2 HTTP/1.1" 200 1495
[2026-04-21 16:59:10,419] [django.server::log_message::213] [INFO] "GET /api/dm/project?interaction=timer&include=task_count%2Ctask_number%2Cannotation_count%2Cnum_tasks_with_annotations%2Cqueue_total&project=2 HTTP/1.1" 200 1495
[2026-04-21 16:59:29,607] [django.server::log_message::213] [INFO] "GET /api/dm/project?interaction=timer&include=task_count%2Ctask_number%2Cannotation_count%2Cnum_tasks_with_annotations%2Cqueue_total&project=2 HTTP/1.1" 200 1495
[2026-04-21 16:59:29,607] [django.server::log_message::213] [INFO] "GET /api/dm/project?interaction=timer&include=task_count%2Ctask_number%2Cannotation_count%2Cnum_tasks_with_annotations%2Cqueue_total&project=2 HTTP/1.1" 200 1495
[2026-04-21 16:59:50,659] [django.server::log_message::213] [INFO] "GET /api/dm/project?interaction=timer&include=task_count%2Ctask_number%2Cannotation_count%2Cnum_tasks_with_annotations%2Cqueue_total&project=2 HTTP/1.1" 200 1495
[2026-04-21 16:59:50,659] [django.server::log_message::213] [INFO] "GET /api/dm/project?interaction=timer&include=task_count%2Ctask_number%2Cannotation_count%2Cnum_tasks_with_annotations%2Cqueue_total&project=2 HTTP/1.1" 200 1495
[2026-04-21 17:00:09,816] [django.server::log_message::213] [INFO] "GET /api/dm/project?interaction=timer&include=task_count%2Ctask_number%2Cannotation_count%2Cnum_tasks_with_annotations%2Cqueue_total&project=2 HTTP/1.1" 200 1495
[2026-04-21 17:00:09,816] [django.server::log_message::213] [INFO] "GET /api/dm/project?interaction=timer&include=task_count%2Ctask_number%2Cannotation_count%2Cnum_tasks_with_annotations%2Cqueue_total&project=2 HTTP/1.1" 200 1495
[2026-04-21 17:00:30,521] [django.server::log_message::213] [INFO] "GET /api/dm/project?interaction=timer&include=task_count%2Ctask_number%2Cannotation_count%2Cnum_tasks_with_annotations%2Cqueue_total&project=2 HTTP/1.1" 200 1495
[2026-04-21 17:00:30,521] [django.server::log_message::213] [INFO] "GET /api/dm/project?interaction=timer&include=task_count%2Ctask_number%2Cannotation_count%2Cnum_tasks_with_annotations%2Cqueue_total&project=2 HTTP/1.1" 200 1495
[2026-04-21 17:00:51,256] [django.server::log_message::213] [INFO] "GET /api/dm/project?interaction=timer&include=task_count%2Ctask_number%2Cannotation_count%2Cnum_tasks_with_annotations%2Cqueue_total&project=2 HTTP/1.1" 200 1495
[2026-04-21 17:00:51,256] [django.server::log_message::213] [INFO] "GET /api/dm/project?interaction=timer&include=task_count%2Ctask_number%2Cannotation_count%2Cnum_tasks_with_annotations%2Cqueue_total&project=2 HTTP/1.1" 200 1495
[2026-04-21 17:01:10,345] [django.server::log_message::213] [INFO] "GET /api/dm/project?interaction=timer&include=task_count%2Ctask_number%2Cannotation_count%2Cnum_tasks_with_annotations%2Cqueue_total&project=2 HTTP/1.1" 200 1495
[2026-04-21 17:01:10,345] [django.server::log_message::213] [INFO] "GET /api/dm/project?interaction=timer&include=task_count%2Ctask_number%2Cannotation_count%2Cnum_tasks_with_annotations%2Cqueue_total&project=2 HTTP/1.1" 200 1495
[2026-04-21 17:01:31,071] [django.server::log_message::213] [INFO] "GET /api/dm/project?interaction=timer&include=task_count%2Ctask_number%2Cannotation_count%2Cnum_tasks_with_annotations%2Cqueue_total&project=2 HTTP/1.1" 200 1495
[2026-04-21 17:01:31,071] [django.server::log_message::213] [INFO] "GET /api/dm/project?interaction=timer&include=task_count%2Ctask_number%2Cannotation_count%2Cnum_tasks_with_annotations%2Cqueue_total&project=2 HTTP/1.1" 200 1495
[2026-04-21 17:01:51,841] [django.server::log_message::213] [INFO] "GET /api/dm/project?interaction=timer&include=task_count%2Ctask_number%2Cannotation_count%2Cnum_tasks_with_annotations%2Cqueue_total&project=2 HTTP/1.1" 200 1495
[2026-04-21 17:01:51,841] [django.server::log_message::213] [INFO] "GET /api/dm/project?interaction=timer&include=task_count%2Ctask_number%2Cannotation_count%2Cnum_tasks_with_annotations%2Cqueue_total&project=2 HTTP/1.1" 200 1495
[2026-04-21 17:02:11,003] [django.server::log_message::213] [INFO] "GET /api/dm/project?interaction=timer&include=task_count%2Ctask_number%2Cannotation_count%2Cnum_tasks_with_annotations%2Cqueue_total&project=2 HTTP/1.1" 200 1495
[2026-04-21 17:02:11,003] [django.server::log_message::213] [INFO] "GET /api/dm/project?interaction=timer&include=task_count%2Ctask_number%2Cannotation_count%2Cnum_tasks_with_annotations%2Cqueue_total&project=2 HTTP/1.1" 200 1495
[2026-04-21 17:02:31,666] [django.server::log_message::213] [INFO] "GET /api/dm/project?interaction=timer&include=task_count%2Ctask_number%2Cannotation_count%2Cnum_tasks_with_annotations%2Cqueue_total&project=2 HTTP/1.1" 200 1495
[2026-04-21 17:02:31,666] [django.server::log_message::213] [INFO] "GET /api/dm/project?interaction=timer&include=task_count%2Ctask_number%2Cannotation_count%2Cnum_tasks_with_annotations%2Cqueue_total&project=2 HTTP/1.1" 200 1495
[2026-04-21 17:02:52,385] [django.server::log_message::213] [INFO] "GET /api/dm/project?interaction=timer&include=task_count%2Ctask_number%2Cannotation_count%2Cnum_tasks_with_annotations%2Cqueue_total&project=2 HTTP/1.1" 200 1495
[2026-04-21 17:02:52,385] [django.server::log_message::213] [INFO] "GET /api/dm/project?interaction=timer&include=task_count%2Ctask_number%2Cannotation_count%2Cnum_tasks_with_annotations%2Cqueue_total&project=2 HTTP/1.1" 200 1495
[2026-04-21 17:03:11,486] [django.server::log_message::213] [INFO] "GET /api/dm/project?interaction=timer&include=task_count%2Ctask_number%2Cannotation_count%2Cnum_tasks_with_annotations%2Cqueue_total&project=2 HTTP/1.1" 200 1495
[2026-04-21 17:03:11,486] [django.server::log_message::213] [INFO] "GET /api/dm/project?interaction=timer&include=task_count%2Ctask_number%2Cannotation_count%2Cnum_tasks_with_annotations%2Cqueue_total&project=2 HTTP/1.1" 200 1495
[2026-04-21 17:03:32,321] [django.server::log_message::213] [INFO] "GET /api/dm/project?interaction=timer&include=task_count%2Ctask_number%2Cannotation_count%2Cnum_tasks_with_annotations%2Cqueue_total&project=2 HTTP/1.1" 200 1495
[2026-04-21 17:03:32,321] [django.server::log_message::213] [INFO] "GET /api/dm/project?interaction=timer&include=task_count%2Ctask_number%2Cannotation_count%2Cnum_tasks_with_annotations%2Cqueue_total&project=2 HTTP/1.1" 200 1495
[2026-04-21 17:03:51,473] [django.server::log_message::213] [INFO] "GET /api/dm/project?interaction=timer&include=task_count%2Ctask_number%2Cannotation_count%2Cnum_tasks_with_annotations%2Cqueue_total&project=2 HTTP/1.1" 200 1495
[2026-04-21 17:03:51,473] [django.server::log_message::213] [INFO] "GET /api/dm/project?interaction=timer&include=task_count%2Ctask_number%2Cannotation_count%2Cnum_tasks_with_annotations%2Cqueue_total&project=2 HTTP/1.1" 200 1495
[2026-04-21 17:04:12,138] [django.server::log_message::213] [INFO] "GET /api/dm/project?interaction=timer&include=task_count%2Ctask_number%2Cannotation_count%2Cnum_tasks_with_annotations%2Cqueue_total&project=2 HTTP/1.1" 200 1495
[2026-04-21 17:04:12,138] [django.server::log_message::213] [INFO] "GET /api/dm/project?interaction=timer&include=task_count%2Ctask_number%2Cannotation_count%2Cnum_tasks_with_annotations%2Cqueue_total&project=2 HTTP/1.1" 200 1495
[2026-04-21 17:04:32,866] [django.server::log_message::213] [INFO] "GET /api/dm/project?interaction=timer&include=task_count%2Ctask_number%2Cannotation_count%2Cnum_tasks_with_annotations%2Cqueue_total&project=2 HTTP/1.1" 200 1495
[2026-04-21 17:04:32,866] [django.server::log_message::213] [INFO] "GET /api/dm/project?interaction=timer&include=task_count%2Ctask_number%2Cannotation_count%2Cnum_tasks_with_annotations%2Cqueue_total&project=2 HTTP/1.1" 200 1495
[2026-04-21 17:04:52,191] [django.server::log_message::213] [INFO] "GET /api/dm/project?interaction=timer&include=task_count%2Ctask_number%2Cannotation_count%2Cnum_tasks_with_annotations%2Cqueue_total&project=2 HTTP/1.1" 200 1495
[2026-04-21 17:04:52,191] [django.server::log_message::213] [INFO] "GET /api/dm/project?interaction=timer&include=task_count%2Ctask_number%2Cannotation_count%2Cnum_tasks_with_annotations%2Cqueue_total&project=2 HTTP/1.1" 200 1495
[2026-04-21 17:05:12,876] [django.server::log_message::213] [INFO] "GET /api/dm/project?interaction=timer&include=task_count%2Ctask_number%2Cannotation_count%2Cnum_tasks_with_annotations%2Cqueue_total&project=2 HTTP/1.1" 200 1495
[2026-04-21 17:05:12,876] [django.server::log_message::213] [INFO] "GET /api/dm/project?interaction=timer&include=task_count%2Ctask_number%2Cannotation_count%2Cnum_tasks_with_annotations%2Cqueue_total&project=2 HTTP/1.1" 200 1495
[2026-04-21 17:05:33,591] [django.server::log_message::213] [INFO] "GET /api/dm/project?interaction=timer&include=task_count%2Ctask_number%2Cannotation_count%2Cnum_tasks_with_annotations%2Cqueue_total&project=2 HTTP/1.1" 200 1495
[2026-04-21 17:05:33,591] [django.server::log_message::213] [INFO] "GET /api/dm/project?interaction=timer&include=task_count%2Ctask_number%2Cannotation_count%2Cnum_tasks_with_annotations%2Cqueue_total&project=2 HTTP/1.1" 200 1495
[2026-04-21 17:05:52,789] [django.server::log_message::213] [INFO] "GET /api/dm/project?interaction=timer&include=task_count%2Ctask_number%2Cannotation_count%2Cnum_tasks_with_annotations%2Cqueue_total&project=2 HTTP/1.1" 200 1495
[2026-04-21 17:05:52,789] [django.server::log_message::213] [INFO] "GET /api/dm/project?interaction=timer&include=task_count%2Ctask_number%2Cannotation_count%2Cnum_tasks_with_annotations%2Cqueue_total&project=2 HTTP/1.1" 200 1495
[2026-04-21 17:06:13,461] [django.server::log_message::213] [INFO] "GET /api/dm/project?interaction=timer&include=task_count%2Ctask_number%2Cannotation_count%2Cnum_tasks_with_annotations%2Cqueue_total&project=2 HTTP/1.1" 200 1495
[2026-04-21 17:06:13,461] [django.server::log_message::213] [INFO] "GET /api/dm/project?interaction=timer&include=task_count%2Ctask_number%2Cannotation_count%2Cnum_tasks_with_annotations%2Cqueue_total&project=2 HTTP/1.1" 200 1495
[2026-04-21 17:06:34,268] [django.server::log_message::213] [INFO] "GET /api/dm/project?interaction=timer&include=task_count%2Ctask_number%2Cannotation_count%2Cnum_tasks_with_annotations%2Cqueue_total&project=2 HTTP/1.1" 200 1495
[2026-04-21 17:06:34,268] [django.server::log_message::213] [INFO] "GET /api/dm/project?interaction=timer&include=task_count%2Ctask_number%2Cannotation_count%2Cnum_tasks_with_annotations%2Cqueue_total&project=2 HTTP/1.1" 200 1495
[2026-04-21 17:06:53,418] [django.server::log_message::213] [INFO] "GET /api/dm/project?interaction=timer&include=task_count%2Ctask_number%2Cannotation_count%2Cnum_tasks_with_annotations%2Cqueue_total&project=2 HTTP/1.1" 200 1495
[2026-04-21 17:06:53,418] [django.server::log_message::213] [INFO] "GET /api/dm/project?interaction=timer&include=task_count%2Ctask_number%2Cannotation_count%2Cnum_tasks_with_annotations%2Cqueue_total&project=2 HTTP/1.1" 200 1495
[2026-04-21 17:07:14,093] [django.server::log_message::213] [INFO] "GET /api/dm/project?interaction=timer&include=task_count%2Ctask_number%2Cannotation_count%2Cnum_tasks_with_annotations%2Cqueue_total&project=2 HTTP/1.1" 200 1495
[2026-04-21 17:07:14,093] [django.server::log_message::213] [INFO] "GET /api/dm/project?interaction=timer&include=task_count%2Ctask_number%2Cannotation_count%2Cnum_tasks_with_annotations%2Cqueue_total&project=2 HTTP/1.1" 200 1495
[2026-04-21 17:07:34,832] [django.server::log_message::213] [INFO] "GET /api/dm/project?interaction=timer&include=task_count%2Ctask_number%2Cannotation_count%2Cnum_tasks_with_annotations%2Cqueue_total&project=2 HTTP/1.1" 200 1495
[2026-04-21 17:07:34,832] [django.server::log_message::213] [INFO] "GET /api/dm/project?interaction=timer&include=task_count%2Ctask_number%2Cannotation_count%2Cnum_tasks_with_annotations%2Cqueue_total&project=2 HTTP/1.1" 200 1495
[2026-04-21 17:07:53,981] [django.server::log_message::213] [INFO] "GET /api/dm/project?interaction=timer&include=task_count%2Ctask_number%2Cannotation_count%2Cnum_tasks_with_annotations%2Cqueue_total&project=2 HTTP/1.1" 200 1495
[2026-04-21 17:07:53,981] [django.server::log_message::213] [INFO] "GET /api/dm/project?interaction=timer&include=task_count%2Ctask_number%2Cannotation_count%2Cnum_tasks_with_annotations%2Cqueue_total&project=2 HTTP/1.1" 200 1495
[2026-04-21 17:08:14,654] [django.server::log_message::213] [INFO] "GET /api/dm/project?interaction=timer&include=task_count%2Ctask_number%2Cannotation_count%2Cnum_tasks_with_annotations%2Cqueue_total&project=2 HTTP/1.1" 200 1495
[2026-04-21 17:08:14,654] [django.server::log_message::213] [INFO] "GET /api/dm/project?interaction=timer&include=task_count%2Ctask_number%2Cannotation_count%2Cnum_tasks_with_annotations%2Cqueue_total&project=2 HTTP/1.1" 200 1495
[2026-04-21 17:08:33,772] [django.server::log_message::213] [INFO] "GET /api/dm/project?interaction=timer&include=task_count%2Ctask_number%2Cannotation_count%2Cnum_tasks_with_annotations%2Cqueue_total&project=2 HTTP/1.1" 200 1495
[2026-04-21 17:08:33,772] [django.server::log_message::213] [INFO] "GET /api/dm/project?interaction=timer&include=task_count%2Ctask_number%2Cannotation_count%2Cnum_tasks_with_annotations%2Cqueue_total&project=2 HTTP/1.1" 200 1495
[2026-04-21 17:08:54,457] [django.server::log_message::213] [INFO] "GET /api/dm/project?interaction=timer&include=task_count%2Ctask_number%2Cannotation_count%2Cnum_tasks_with_annotations%2Cqueue_total&project=2 HTTP/1.1" 200 1495
[2026-04-21 17:08:54,457] [django.server::log_message::213] [INFO] "GET /api/dm/project?interaction=timer&include=task_count%2Ctask_number%2Cannotation_count%2Cnum_tasks_with_annotations%2Cqueue_total&project=2 HTTP/1.1" 200 1495
[2026-04-21 17:09:15,170] [django.server::log_message::213] [INFO] "GET /api/dm/project?interaction=timer&include=task_count%2Ctask_number%2Cannotation_count%2Cnum_tasks_with_annotations%2Cqueue_total&project=2 HTTP/1.1" 200 1495
[2026-04-21 17:09:15,170] [django.server::log_message::213] [INFO] "GET /api/dm/project?interaction=timer&include=task_count%2Ctask_number%2Cannotation_count%2Cnum_tasks_with_annotations%2Cqueue_total&project=2 HTTP/1.1" 200 1495
[2026-04-21 17:09:34,436] [django.server::log_message::213] [INFO] "GET /api/dm/project?interaction=timer&include=task_count%2Ctask_number%2Cannotation_count%2Cnum_tasks_with_annotations%2Cqueue_total&project=2 HTTP/1.1" 200 1495
[2026-04-21 17:09:34,436] [django.server::log_message::213] [INFO] "GET /api/dm/project?interaction=timer&include=task_count%2Ctask_number%2Cannotation_count%2Cnum_tasks_with_annotations%2Cqueue_total&project=2 HTTP/1.1" 200 1495
[2026-04-21 17:09:55,234] [django.server::log_message::213] [INFO] "GET /api/dm/project?interaction=timer&include=task_count%2Ctask_number%2Cannotation_count%2Cnum_tasks_with_annotations%2Cqueue_total&project=2 HTTP/1.1" 200 1495
[2026-04-21 17:09:55,234] [django.server::log_message::213] [INFO] "GET /api/dm/project?interaction=timer&include=task_count%2Ctask_number%2Cannotation_count%2Cnum_tasks_with_annotations%2Cqueue_total&project=2 HTTP/1.1" 200 1495
[2026-04-21 17:10:15,942] [django.server::log_message::213] [INFO] "GET /api/dm/project?interaction=timer&include=task_count%2Ctask_number%2Cannotation_count%2Cnum_tasks_with_annotations%2Cqueue_total&project=2 HTTP/1.1" 200 1495
[2026-04-21 17:10:15,942] [django.server::log_message::213] [INFO] "GET /api/dm/project?interaction=timer&include=task_count%2Ctask_number%2Cannotation_count%2Cnum_tasks_with_annotations%2Cqueue_total&project=2 HTTP/1.1" 200 1495
[2026-04-21 17:10:35,070] [django.server::log_message::213] [INFO] "GET /api/dm/project?interaction=timer&include=task_count%2Ctask_number%2Cannotation_count%2Cnum_tasks_with_annotations%2Cqueue_total&project=2 HTTP/1.1" 200 1495
[2026-04-21 17:10:35,070] [django.server::log_message::213] [INFO] "GET /api/dm/project?interaction=timer&include=task_count%2Ctask_number%2Cannotation_count%2Cnum_tasks_with_annotations%2Cqueue_total&project=2 HTTP/1.1" 200 1495
[2026-04-21 17:10:55,761] [django.server::log_message::213] [INFO] "GET /api/dm/project?interaction=timer&include=task_count%2Ctask_number%2Cannotation_count%2Cnum_tasks_with_annotations%2Cqueue_total&project=2 HTTP/1.1" 200 1495
[2026-04-21 17:10:55,761] [django.server::log_message::213] [INFO] "GET /api/dm/project?interaction=timer&include=task_count%2Ctask_number%2Cannotation_count%2Cnum_tasks_with_annotations%2Cqueue_total&project=2 HTTP/1.1" 200 1495
[2026-04-21 17:11:16,444] [django.server::log_message::213] [INFO] "GET /api/dm/project?interaction=timer&include=task_count%2Ctask_number%2Cannotation_count%2Cnum_tasks_with_annotations%2Cqueue_total&project=2 HTTP/1.1" 200 1495
[2026-04-21 17:11:16,444] [django.server::log_message::213] [INFO] "GET /api/dm/project?interaction=timer&include=task_count%2Ctask_number%2Cannotation_count%2Cnum_tasks_with_annotations%2Cqueue_total&project=2 HTTP/1.1" 200 1495
[2026-04-21 17:11:35,566] [django.server::log_message::213] [INFO] "GET /api/dm/project?interaction=timer&include=task_count%2Ctask_number%2Cannotation_count%2Cnum_tasks_with_annotations%2Cqueue_total&project=2 HTTP/1.1" 200 1495
[2026-04-21 17:11:35,566] [django.server::log_message::213] [INFO] "GET /api/dm/project?interaction=timer&include=task_count%2Ctask_number%2Cannotation_count%2Cnum_tasks_with_annotations%2Cqueue_total&project=2 HTTP/1.1" 200 1495
[2026-04-21 17:11:56,291] [django.server::log_message::213] [INFO] "GET /api/dm/project?interaction=timer&include=task_count%2Ctask_number%2Cannotation_count%2Cnum_tasks_with_annotations%2Cqueue_total&project=2 HTTP/1.1" 200 1495
[2026-04-21 17:11:56,291] [django.server::log_message::213] [INFO] "GET /api/dm/project?interaction=timer&include=task_count%2Ctask_number%2Cannotation_count%2Cnum_tasks_with_annotations%2Cqueue_total&project=2 HTTP/1.1" 200 1495
[2026-04-21 17:12:15,398] [django.server::log_message::213] [INFO] "GET /api/dm/project?interaction=timer&include=task_count%2Ctask_number%2Cannotation_count%2Cnum_tasks_with_annotations%2Cqueue_total&project=2 HTTP/1.1" 200 1495
[2026-04-21 17:12:15,398] [django.server::log_message::213] [INFO] "GET /api/dm/project?interaction=timer&include=task_count%2Ctask_number%2Cannotation_count%2Cnum_tasks_with_annotations%2Cqueue_total&project=2 HTTP/1.1" 200 1495
[2026-04-21 17:12:36,144] [django.server::log_message::213] [INFO] "GET /api/dm/project?interaction=timer&include=task_count%2Ctask_number%2Cannotation_count%2Cnum_tasks_with_annotations%2Cqueue_total&project=2 HTTP/1.1" 200 1495
[2026-04-21 17:12:36,144] [django.server::log_message::213] [INFO] "GET /api/dm/project?interaction=timer&include=task_count%2Ctask_number%2Cannotation_count%2Cnum_tasks_with_annotations%2Cqueue_total&project=2 HTTP/1.1" 200 1495
[2026-04-21 17:12:56,843] [django.server::log_message::213] [INFO] "GET /api/dm/project?interaction=timer&include=task_count%2Ctask_number%2Cannotation_count%2Cnum_tasks_with_annotations%2Cqueue_total&project=2 HTTP/1.1" 200 1495
[2026-04-21 17:12:56,843] [django.server::log_message::213] [INFO] "GET /api/dm/project?interaction=timer&include=task_count%2Ctask_number%2Cannotation_count%2Cnum_tasks_with_annotations%2Cqueue_total&project=2 HTTP/1.1" 200 1495
[2026-04-21 17:13:15,961] [django.server::log_message::213] [INFO] "GET /api/dm/project?interaction=timer&include=task_count%2Ctask_number%2Cannotation_count%2Cnum_tasks_with_annotations%2Cqueue_total&project=2 HTTP/1.1" 200 1495
[2026-04-21 17:13:15,961] [django.server::log_message::213] [INFO] "GET /api/dm/project?interaction=timer&include=task_count%2Ctask_number%2Cannotation_count%2Cnum_tasks_with_annotations%2Cqueue_total&project=2 HTTP/1.1" 200 1495
[2026-04-21 17:13:36,634] [django.server::log_message::213] [INFO] "GET /api/dm/project?interaction=timer&include=task_count%2Ctask_number%2Cannotation_count%2Cnum_tasks_with_annotations%2Cqueue_total&project=2 HTTP/1.1" 200 1495
[2026-04-21 17:13:36,634] [django.server::log_message::213] [INFO] "GET /api/dm/project?interaction=timer&include=task_count%2Ctask_number%2Cannotation_count%2Cnum_tasks_with_annotations%2Cqueue_total&project=2 HTTP/1.1" 200 1495
[2026-04-21 17:13:57,337] [django.server::log_message::213] [INFO] "GET /api/dm/project?interaction=timer&include=task_count%2Ctask_number%2Cannotation_count%2Cnum_tasks_with_annotations%2Cqueue_total&project=2 HTTP/1.1" 200 1495
[2026-04-21 17:13:57,337] [django.server::log_message::213] [INFO] "GET /api/dm/project?interaction=timer&include=task_count%2Ctask_number%2Cannotation_count%2Cnum_tasks_with_annotations%2Cqueue_total&project=2 HTTP/1.1" 200 1495
[2026-04-21 17:14:16,619] [django.server::log_message::213] [INFO] "GET /api/dm/project?interaction=timer&include=task_count%2Ctask_number%2Cannotation_count%2Cnum_tasks_with_annotations%2Cqueue_total&project=2 HTTP/1.1" 200 1495
[2026-04-21 17:14:16,619] [django.server::log_message::213] [INFO] "GET /api/dm/project?interaction=timer&include=task_count%2Ctask_number%2Cannotation_count%2Cnum_tasks_with_annotations%2Cqueue_total&project=2 HTTP/1.1" 200 1495
[2026-04-21 17:14:37,266] [django.server::log_message::213] [INFO] "GET /api/dm/project?interaction=timer&include=task_count%2Ctask_number%2Cannotation_count%2Cnum_tasks_with_annotations%2Cqueue_total&project=2 HTTP/1.1" 200 1495
[2026-04-21 17:14:37,266] [django.server::log_message::213] [INFO] "GET /api/dm/project?interaction=timer&include=task_count%2Ctask_number%2Cannotation_count%2Cnum_tasks_with_annotations%2Cqueue_total&project=2 HTTP/1.1" 200 1495
[2026-04-21 17:14:57,999] [django.server::log_message::213] [INFO] "GET /api/dm/project?interaction=timer&include=task_count%2Ctask_number%2Cannotation_count%2Cnum_tasks_with_annotations%2Cqueue_total&project=2 HTTP/1.1" 200 1495
[2026-04-21 17:14:57,999] [django.server::log_message::213] [INFO] "GET /api/dm/project?interaction=timer&include=task_count%2Ctask_number%2Cannotation_count%2Cnum_tasks_with_annotations%2Cqueue_total&project=2 HTTP/1.1" 200 1495
[2026-04-21 17:15:17,127] [django.server::log_message::213] [INFO] "GET /api/dm/project?interaction=timer&include=task_count%2Ctask_number%2Cannotation_count%2Cnum_tasks_with_annotations%2Cqueue_total&project=2 HTTP/1.1" 200 1495
[2026-04-21 17:15:17,127] [django.server::log_message::213] [INFO] "GET /api/dm/project?interaction=timer&include=task_count%2Ctask_number%2Cannotation_count%2Cnum_tasks_with_annotations%2Cqueue_total&project=2 HTTP/1.1" 200 1495
[2026-04-21 17:15:37,826] [django.server::log_message::213] [INFO] "GET /api/dm/project?interaction=timer&include=task_count%2Ctask_number%2Cannotation_count%2Cnum_tasks_with_annotations%2Cqueue_total&project=2 HTTP/1.1" 200 1495
[2026-04-21 17:15:37,826] [django.server::log_message::213] [INFO] "GET /api/dm/project?interaction=timer&include=task_count%2Ctask_number%2Cannotation_count%2Cnum_tasks_with_annotations%2Cqueue_total&project=2 HTTP/1.1" 200 1495
[2026-04-21 17:15:57,057] [django.server::log_message::213] [INFO] "GET /api/dm/project?interaction=timer&include=task_count%2Ctask_number%2Cannotation_count%2Cnum_tasks_with_annotations%2Cqueue_total&project=2 HTTP/1.1" 200 1495
[2026-04-21 17:15:57,057] [django.server::log_message::213] [INFO] "GET /api/dm/project?interaction=timer&include=task_count%2Ctask_number%2Cannotation_count%2Cnum_tasks_with_annotations%2Cqueue_total&project=2 HTTP/1.1" 200 1495
[2026-04-21 17:16:17,732] [django.server::log_message::213] [INFO] "GET /api/dm/project?interaction=timer&include=task_count%2Ctask_number%2Cannotation_count%2Cnum_tasks_with_annotations%2Cqueue_total&project=2 HTTP/1.1" 200 1495
[2026-04-21 17:16:17,732] [django.server::log_message::213] [INFO] "GET /api/dm/project?interaction=timer&include=task_count%2Ctask_number%2Cannotation_count%2Cnum_tasks_with_annotations%2Cqueue_total&project=2 HTTP/1.1" 200 1495
[2026-04-21 17:16:38,434] [django.server::log_message::213] [INFO] "GET /api/dm/project?interaction=timer&include=task_count%2Ctask_number%2Cannotation_count%2Cnum_tasks_with_annotations%2Cqueue_total&project=2 HTTP/1.1" 200 1495
[2026-04-21 17:16:38,434] [django.server::log_message::213] [INFO] "GET /api/dm/project?interaction=timer&include=task_count%2Ctask_number%2Cannotation_count%2Cnum_tasks_with_annotations%2Cqueue_total&project=2 HTTP/1.1" 200 1495
[2026-04-21 17:16:57,531] [django.server::log_message::213] [INFO] "GET /api/dm/project?interaction=timer&include=task_count%2Ctask_number%2Cannotation_count%2Cnum_tasks_with_annotations%2Cqueue_total&project=2 HTTP/1.1" 200 1495
[2026-04-21 17:16:57,531] [django.server::log_message::213] [INFO] "GET /api/dm/project?interaction=timer&include=task_count%2Ctask_number%2Cannotation_count%2Cnum_tasks_with_annotations%2Cqueue_total&project=2 HTTP/1.1" 200 1495
[2026-04-21 17:17:18,186] [django.server::log_message::213] [INFO] "GET /api/dm/project?interaction=timer&include=task_count%2Ctask_number%2Cannotation_count%2Cnum_tasks_with_annotations%2Cqueue_total&project=2 HTTP/1.1" 200 1495
[2026-04-21 17:17:18,186] [django.server::log_message::213] [INFO] "GET /api/dm/project?interaction=timer&include=task_count%2Ctask_number%2Cannotation_count%2Cnum_tasks_with_annotations%2Cqueue_total&project=2 HTTP/1.1" 200 1495
[2026-04-21 17:17:38,877] [django.server::log_message::213] [INFO] "GET /api/dm/project?interaction=timer&include=task_count%2Ctask_number%2Cannotation_count%2Cnum_tasks_with_annotations%2Cqueue_total&project=2 HTTP/1.1" 200 1495
[2026-04-21 17:17:38,877] [django.server::log_message::213] [INFO] "GET /api/dm/project?interaction=timer&include=task_count%2Ctask_number%2Cannotation_count%2Cnum_tasks_with_annotations%2Cqueue_total&project=2 HTTP/1.1" 200 1495
[2026-04-21 17:17:57,972] [django.server::log_message::213] [INFO] "GET /api/dm/project?interaction=timer&include=task_count%2Ctask_number%2Cannotation_count%2Cnum_tasks_with_annotations%2Cqueue_total&project=2 HTTP/1.1" 200 1495
[2026-04-21 17:17:57,972] [django.server::log_message::213] [INFO] "GET /api/dm/project?interaction=timer&include=task_count%2Ctask_number%2Cannotation_count%2Cnum_tasks_with_annotations%2Cqueue_total&project=2 HTTP/1.1" 200 1495
[2026-04-21 17:18:18,629] [django.server::log_message::213] [INFO] "GET /api/dm/project?interaction=timer&include=task_count%2Ctask_number%2Cannotation_count%2Cnum_tasks_with_annotations%2Cqueue_total&project=2 HTTP/1.1" 200 1495
[2026-04-21 17:18:18,629] [django.server::log_message::213] [INFO] "GET /api/dm/project?interaction=timer&include=task_count%2Ctask_number%2Cannotation_count%2Cnum_tasks_with_annotations%2Cqueue_total&project=2 HTTP/1.1" 200 1495
[2026-04-21 17:18:39,375] [django.server::log_message::213] [INFO] "GET /api/dm/project?interaction=timer&include=task_count%2Ctask_number%2Cannotation_count%2Cnum_tasks_with_annotations%2Cqueue_total&project=2 HTTP/1.1" 200 1495
[2026-04-21 17:18:39,375] [django.server::log_message::213] [INFO] "GET /api/dm/project?interaction=timer&include=task_count%2Ctask_number%2Cannotation_count%2Cnum_tasks_with_annotations%2Cqueue_total&project=2 HTTP/1.1" 200 1495
[2026-04-21 17:18:58,541] [django.server::log_message::213] [INFO] "GET /api/dm/project?interaction=timer&include=task_count%2Ctask_number%2Cannotation_count%2Cnum_tasks_with_annotations%2Cqueue_total&project=2 HTTP/1.1" 200 1495
[2026-04-21 17:18:58,541] [django.server::log_message::213] [INFO] "GET /api/dm/project?interaction=timer&include=task_count%2Ctask_number%2Cannotation_count%2Cnum_tasks_with_annotations%2Cqueue_total&project=2 HTTP/1.1" 200 1495
[2026-04-21 17:19:19,375] [django.server::log_message::213] [INFO] "GET /api/dm/project?interaction=timer&include=task_count%2Ctask_number%2Cannotation_count%2Cnum_tasks_with_annotations%2Cqueue_total&project=2 HTTP/1.1" 200 1495
[2026-04-21 17:19:19,375] [django.server::log_message::213] [INFO] "GET /api/dm/project?interaction=timer&include=task_count%2Ctask_number%2Cannotation_count%2Cnum_tasks_with_annotations%2Cqueue_total&project=2 HTTP/1.1" 200 1495
[2026-04-21 17:19:38,463] [django.server::log_message::213] [INFO] "GET /api/dm/project?interaction=timer&include=task_count%2Ctask_number%2Cannotation_count%2Cnum_tasks_with_annotations%2Cqueue_total&project=2 HTTP/1.1" 200 1495
[2026-04-21 17:19:38,463] [django.server::log_message::213] [INFO] "GET /api/dm/project?interaction=timer&include=task_count%2Ctask_number%2Cannotation_count%2Cnum_tasks_with_annotations%2Cqueue_total&project=2 HTTP/1.1" 200 1495
[2026-04-21 17:19:59,145] [django.server::log_message::213] [INFO] "GET /api/dm/project?interaction=timer&include=task_count%2Ctask_number%2Cannotation_count%2Cnum_tasks_with_annotations%2Cqueue_total&project=2 HTTP/1.1" 200 1495
[2026-04-21 17:19:59,145] [django.server::log_message::213] [INFO] "GET /api/dm/project?interaction=timer&include=task_count%2Ctask_number%2Cannotation_count%2Cnum_tasks_with_annotations%2Cqueue_total&project=2 HTTP/1.1" 200 1495
[2026-04-21 17:20:19,835] [django.server::log_message::213] [INFO] "GET /api/dm/project?interaction=timer&include=task_count%2Ctask_number%2Cannotation_count%2Cnum_tasks_with_annotations%2Cqueue_total&project=2 HTTP/1.1" 200 1495
[2026-04-21 17:20:19,835] [django.server::log_message::213] [INFO] "GET /api/dm/project?interaction=timer&include=task_count%2Ctask_number%2Cannotation_count%2Cnum_tasks_with_annotations%2Cqueue_total&project=2 HTTP/1.1" 200 1495
[2026-04-21 17:20:38,976] [django.server::log_message::213] [INFO] "GET /api/dm/project?interaction=timer&include=task_count%2Ctask_number%2Cannotation_count%2Cnum_tasks_with_annotations%2Cqueue_total&project=2 HTTP/1.1" 200 1495
[2026-04-21 17:20:38,976] [django.server::log_message::213] [INFO] "GET /api/dm/project?interaction=timer&include=task_count%2Ctask_number%2Cannotation_count%2Cnum_tasks_with_annotations%2Cqueue_total&project=2 HTTP/1.1" 200 1495
[2026-04-21 17:20:59,712] [django.server::log_message::213] [INFO] "GET /api/dm/project?interaction=timer&include=task_count%2Ctask_number%2Cannotation_count%2Cnum_tasks_with_annotations%2Cqueue_total&project=2 HTTP/1.1" 200 1495
[2026-04-21 17:20:59,712] [django.server::log_message::213] [INFO] "GET /api/dm/project?interaction=timer&include=task_count%2Ctask_number%2Cannotation_count%2Cnum_tasks_with_annotations%2Cqueue_total&project=2 HTTP/1.1" 200 1495
[2026-04-21 17:21:20,391] [django.server::log_message::213] [INFO] "GET /api/dm/project?interaction=timer&include=task_count%2Ctask_number%2Cannotation_count%2Cnum_tasks_with_annotations%2Cqueue_total&project=2 HTTP/1.1" 200 1495
[2026-04-21 17:21:20,391] [django.server::log_message::213] [INFO] "GET /api/dm/project?interaction=timer&include=task_count%2Ctask_number%2Cannotation_count%2Cnum_tasks_with_annotations%2Cqueue_total&project=2 HTTP/1.1" 200 1495
[2026-04-21 17:21:39,496] [django.server::log_message::213] [INFO] "GET /api/dm/project?interaction=timer&include=task_count%2Ctask_number%2Cannotation_count%2Cnum_tasks_with_annotations%2Cqueue_total&project=2 HTTP/1.1" 200 1495
[2026-04-21 17:21:39,496] [django.server::log_message::213] [INFO] "GET /api/dm/project?interaction=timer&include=task_count%2Ctask_number%2Cannotation_count%2Cnum_tasks_with_annotations%2Cqueue_total&project=2 HTTP/1.1" 200 1495
[2026-04-21 17:22:00,200] [django.server::log_message::213] [INFO] "GET /api/dm/project?interaction=timer&include=task_count%2Ctask_number%2Cannotation_count%2Cnum_tasks_with_annotations%2Cqueue_total&project=2 HTTP/1.1" 200 1495
[2026-04-21 17:22:00,200] [django.server::log_message::213] [INFO] "GET /api/dm/project?interaction=timer&include=task_count%2Ctask_number%2Cannotation_count%2Cnum_tasks_with_annotations%2Cqueue_total&project=2 HTTP/1.1" 200 1495
[2026-04-21 17:22:20,961] [django.server::log_message::213] [INFO] "GET /api/dm/project?interaction=timer&include=task_count%2Ctask_number%2Cannotation_count%2Cnum_tasks_with_annotations%2Cqueue_total&project=2 HTTP/1.1" 200 1495
[2026-04-21 17:22:20,961] [django.server::log_message::213] [INFO] "GET /api/dm/project?interaction=timer&include=task_count%2Ctask_number%2Cannotation_count%2Cnum_tasks_with_annotations%2Cqueue_total&project=2 HTTP/1.1" 200 1495
[2026-04-21 17:22:40,092] [django.server::log_message::213] [INFO] "GET /api/dm/project?interaction=timer&include=task_count%2Ctask_number%2Cannotation_count%2Cnum_tasks_with_annotations%2Cqueue_total&project=2 HTTP/1.1" 200 1495
[2026-04-21 17:22:40,092] [django.server::log_message::213] [INFO] "GET /api/dm/project?interaction=timer&include=task_count%2Ctask_number%2Cannotation_count%2Cnum_tasks_with_annotations%2Cqueue_total&project=2 HTTP/1.1" 200 1495
[2026-04-21 17:23:00,813] [django.server::log_message::213] [INFO] "GET /api/dm/project?interaction=timer&include=task_count%2Ctask_number%2Cannotation_count%2Cnum_tasks_with_annotations%2Cqueue_total&project=2 HTTP/1.1" 200 1495
[2026-04-21 17:23:00,813] [django.server::log_message::213] [INFO] "GET /api/dm/project?interaction=timer&include=task_count%2Ctask_number%2Cannotation_count%2Cnum_tasks_with_annotations%2Cqueue_total&project=2 HTTP/1.1" 200 1495
[2026-04-21 17:23:21,491] [django.server::log_message::213] [INFO] "GET /api/dm/project?interaction=timer&include=task_count%2Ctask_number%2Cannotation_count%2Cnum_tasks_with_annotations%2Cqueue_total&project=2 HTTP/1.1" 200 1495
[2026-04-21 17:23:21,491] [django.server::log_message::213] [INFO] "GET /api/dm/project?interaction=timer&include=task_count%2Ctask_number%2Cannotation_count%2Cnum_tasks_with_annotations%2Cqueue_total&project=2 HTTP/1.1" 200 1495
[2026-04-21 17:23:40,639] [django.server::log_message::213] [INFO] "GET /api/dm/project?interaction=timer&include=task_count%2Ctask_number%2Cannotation_count%2Cnum_tasks_with_annotations%2Cqueue_total&project=2 HTTP/1.1" 200 1495
[2026-04-21 17:23:40,639] [django.server::log_message::213] [INFO] "GET /api/dm/project?interaction=timer&include=task_count%2Ctask_number%2Cannotation_count%2Cnum_tasks_with_annotations%2Cqueue_total&project=2 HTTP/1.1" 200 1495
[2026-04-21 17:24:01,348] [django.server::log_message::213] [INFO] "GET /api/dm/project?interaction=timer&include=task_count%2Ctask_number%2Cannotation_count%2Cnum_tasks_with_annotations%2Cqueue_total&project=2 HTTP/1.1" 200 1495
[2026-04-21 17:24:01,348] [django.server::log_message::213] [INFO] "GET /api/dm/project?interaction=timer&include=task_count%2Ctask_number%2Cannotation_count%2Cnum_tasks_with_annotations%2Cqueue_total&project=2 HTTP/1.1" 200 1495
[2026-04-21 17:24:20,518] [django.server::log_message::213] [INFO] "GET /api/dm/project?interaction=timer&include=task_count%2Ctask_number%2Cannotation_count%2Cnum_tasks_with_annotations%2Cqueue_total&project=2 HTTP/1.1" 200 1495
[2026-04-21 17:24:20,518] [django.server::log_message::213] [INFO] "GET /api/dm/project?interaction=timer&include=task_count%2Ctask_number%2Cannotation_count%2Cnum_tasks_with_annotations%2Cqueue_total&project=2 HTTP/1.1" 200 1495
[2026-04-21 17:24:41,380] [django.server::log_message::213] [INFO] "GET /api/dm/project?interaction=timer&include=task_count%2Ctask_number%2Cannotation_count%2Cnum_tasks_with_annotations%2Cqueue_total&project=2 HTTP/1.1" 200 1495
[2026-04-21 17:24:41,380] [django.server::log_message::213] [INFO] "GET /api/dm/project?interaction=timer&include=task_count%2Ctask_number%2Cannotation_count%2Cnum_tasks_with_annotations%2Cqueue_total&project=2 HTTP/1.1" 200 1495
[2026-04-21 17:25:02,073] [django.server::log_message::213] [INFO] "GET /api/dm/project?interaction=timer&include=task_count%2Ctask_number%2Cannotation_count%2Cnum_tasks_with_annotations%2Cqueue_total&project=2 HTTP/1.1" 200 1495
[2026-04-21 17:25:02,073] [django.server::log_message::213] [INFO] "GET /api/dm/project?interaction=timer&include=task_count%2Ctask_number%2Cannotation_count%2Cnum_tasks_with_annotations%2Cqueue_total&project=2 HTTP/1.1" 200 1495
[2026-04-21 17:25:21,204] [django.server::log_message::213] [INFO] "GET /api/dm/project?interaction=timer&include=task_count%2Ctask_number%2Cannotation_count%2Cnum_tasks_with_annotations%2Cqueue_total&project=2 HTTP/1.1" 200 1495
[2026-04-21 17:25:21,204] [django.server::log_message::213] [INFO] "GET /api/dm/project?interaction=timer&include=task_count%2Ctask_number%2Cannotation_count%2Cnum_tasks_with_annotations%2Cqueue_total&project=2 HTTP/1.1" 200 1495
[2026-04-21 17:25:41,920] [django.server::log_message::213] [INFO] "GET /api/dm/project?interaction=timer&include=task_count%2Ctask_number%2Cannotation_count%2Cnum_tasks_with_annotations%2Cqueue_total&project=2 HTTP/1.1" 200 1495
[2026-04-21 17:25:41,920] [django.server::log_message::213] [INFO] "GET /api/dm/project?interaction=timer&include=task_count%2Ctask_number%2Cannotation_count%2Cnum_tasks_with_annotations%2Cqueue_total&project=2 HTTP/1.1" 200 1495
[2026-04-21 17:26:02,648] [django.server::log_message::213] [INFO] "GET /api/dm/project?interaction=timer&include=task_count%2Ctask_number%2Cannotation_count%2Cnum_tasks_with_annotations%2Cqueue_total&project=2 HTTP/1.1" 200 1495
[2026-04-21 17:26:02,648] [django.server::log_message::213] [INFO] "GET /api/dm/project?interaction=timer&include=task_count%2Ctask_number%2Cannotation_count%2Cnum_tasks_with_annotations%2Cqueue_total&project=2 HTTP/1.1" 200 1495
[2026-04-21 17:26:21,747] [django.server::log_message::213] [INFO] "GET /api/dm/project?interaction=timer&include=task_count%2Ctask_number%2Cannotation_count%2Cnum_tasks_with_annotations%2Cqueue_total&project=2 HTTP/1.1" 200 1495
[2026-04-21 17:26:21,747] [django.server::log_message::213] [INFO] "GET /api/dm/project?interaction=timer&include=task_count%2Ctask_number%2Cannotation_count%2Cnum_tasks_with_annotations%2Cqueue_total&project=2 HTTP/1.1" 200 1495
[2026-04-21 17:26:42,473] [django.server::log_message::213] [INFO] "GET /api/dm/project?interaction=timer&include=task_count%2Ctask_number%2Cannotation_count%2Cnum_tasks_with_annotations%2Cqueue_total&project=2 HTTP/1.1" 200 1495
[2026-04-21 17:26:42,473] [django.server::log_message::213] [INFO] "GET /api/dm/project?interaction=timer&include=task_count%2Ctask_number%2Cannotation_count%2Cnum_tasks_with_annotations%2Cqueue_total&project=2 HTTP/1.1" 200 1495
[2026-04-21 17:27:03,192] [django.server::log_message::213] [INFO] "GET /api/dm/project?interaction=timer&include=task_count%2Ctask_number%2Cannotation_count%2Cnum_tasks_with_annotations%2Cqueue_total&project=2 HTTP/1.1" 200 1495
[2026-04-21 17:27:03,192] [django.server::log_message::213] [INFO] "GET /api/dm/project?interaction=timer&include=task_count%2Ctask_number%2Cannotation_count%2Cnum_tasks_with_annotations%2Cqueue_total&project=2 HTTP/1.1" 200 1495
[2026-04-21 17:27:22,325] [django.server::log_message::213] [INFO] "GET /api/dm/project?interaction=timer&include=task_count%2Ctask_number%2Cannotation_count%2Cnum_tasks_with_annotations%2Cqueue_total&project=2 HTTP/1.1" 200 1495
[2026-04-21 17:27:22,325] [django.server::log_message::213] [INFO] "GET /api/dm/project?interaction=timer&include=task_count%2Ctask_number%2Cannotation_count%2Cnum_tasks_with_annotations%2Cqueue_total&project=2 HTTP/1.1" 200 1495
[2026-04-21 17:27:43,024] [django.server::log_message::213] [INFO] "GET /api/dm/project?interaction=timer&include=task_count%2Ctask_number%2Cannotation_count%2Cnum_tasks_with_annotations%2Cqueue_total&project=2 HTTP/1.1" 200 1495
[2026-04-21 17:27:43,024] [django.server::log_message::213] [INFO] "GET /api/dm/project?interaction=timer&include=task_count%2Ctask_number%2Cannotation_count%2Cnum_tasks_with_annotations%2Cqueue_total&project=2 HTTP/1.1" 200 1495
[2026-04-21 17:28:02,102] [django.server::log_message::213] [INFO] "GET /api/dm/project?interaction=timer&include=task_count%2Ctask_number%2Cannotation_count%2Cnum_tasks_with_annotations%2Cqueue_total&project=2 HTTP/1.1" 200 1495
[2026-04-21 17:28:02,102] [django.server::log_message::213] [INFO] "GET /api/dm/project?interaction=timer&include=task_count%2Ctask_number%2Cannotation_count%2Cnum_tasks_with_annotations%2Cqueue_total&project=2 HTTP/1.1" 200 1495
[2026-04-21 17:28:22,824] [django.server::log_message::213] [INFO] "GET /api/dm/project?interaction=timer&include=task_count%2Ctask_number%2Cannotation_count%2Cnum_tasks_with_annotations%2Cqueue_total&project=2 HTTP/1.1" 200 1495
[2026-04-21 17:28:22,824] [django.server::log_message::213] [INFO] "GET /api/dm/project?interaction=timer&include=task_count%2Ctask_number%2Cannotation_count%2Cnum_tasks_with_annotations%2Cqueue_total&project=2 HTTP/1.1" 200 1495
[2026-04-21 17:28:43,526] [django.server::log_message::213] [INFO] "GET /api/dm/project?interaction=timer&include=task_count%2Ctask_number%2Cannotation_count%2Cnum_tasks_with_annotations%2Cqueue_total&project=2 HTTP/1.1" 200 1495
[2026-04-21 17:28:43,526] [django.server::log_message::213] [INFO] "GET /api/dm/project?interaction=timer&include=task_count%2Ctask_number%2Cannotation_count%2Cnum_tasks_with_annotations%2Cqueue_total&project=2 HTTP/1.1" 200 1495
[2026-04-21 17:29:02,631] [django.server::log_message::213] [INFO] "GET /api/dm/project?interaction=timer&include=task_count%2Ctask_number%2Cannotation_count%2Cnum_tasks_with_annotations%2Cqueue_total&project=2 HTTP/1.1" 200 1495
[2026-04-21 17:29:02,631] [django.server::log_message::213] [INFO] "GET /api/dm/project?interaction=timer&include=task_count%2Ctask_number%2Cannotation_count%2Cnum_tasks_with_annotations%2Cqueue_total&project=2 HTTP/1.1" 200 1495
[2026-04-21 17:29:23,342] [django.server::log_message::213] [INFO] "GET /api/dm/project?interaction=timer&include=task_count%2Ctask_number%2Cannotation_count%2Cnum_tasks_with_annotations%2Cqueue_total&project=2 HTTP/1.1" 200 1495
[2026-04-21 17:29:23,342] [django.server::log_message::213] [INFO] "GET /api/dm/project?interaction=timer&include=task_count%2Ctask_number%2Cannotation_count%2Cnum_tasks_with_annotations%2Cqueue_total&project=2 HTTP/1.1" 200 1495
[2026-04-21 17:29:44,119] [django.server::log_message::213] [INFO] "GET /api/dm/project?interaction=timer&include=task_count%2Ctask_number%2Cannotation_count%2Cnum_tasks_with_annotations%2Cqueue_total&project=2 HTTP/1.1" 200 1495
[2026-04-21 17:29:44,119] [django.server::log_message::213] [INFO] "GET /api/dm/project?interaction=timer&include=task_count%2Ctask_number%2Cannotation_count%2Cnum_tasks_with_annotations%2Cqueue_total&project=2 HTTP/1.1" 200 1495
[2026-04-21 17:30:03,222] [django.server::log_message::213] [INFO] "GET /api/dm/project?interaction=timer&include=task_count%2Ctask_number%2Cannotation_count%2Cnum_tasks_with_annotations%2Cqueue_total&project=2 HTTP/1.1" 200 1495
[2026-04-21 17:30:03,222] [django.server::log_message::213] [INFO] "GET /api/dm/project?interaction=timer&include=task_count%2Ctask_number%2Cannotation_count%2Cnum_tasks_with_annotations%2Cqueue_total&project=2 HTTP/1.1" 200 1495
[2026-04-21 17:30:23,992] [django.server::log_message::213] [INFO] "GET /api/dm/project?interaction=timer&include=task_count%2Ctask_number%2Cannotation_count%2Cnum_tasks_with_annotations%2Cqueue_total&project=2 HTTP/1.1" 200 1495
[2026-04-21 17:30:23,992] [django.server::log_message::213] [INFO] "GET /api/dm/project?interaction=timer&include=task_count%2Ctask_number%2Cannotation_count%2Cnum_tasks_with_annotations%2Cqueue_total&project=2 HTTP/1.1" 200 1495
[2026-04-21 17:30:44,673] [django.server::log_message::213] [INFO] "GET /api/dm/project?interaction=timer&include=task_count%2Ctask_number%2Cannotation_count%2Cnum_tasks_with_annotations%2Cqueue_total&project=2 HTTP/1.1" 200 1495
[2026-04-21 17:30:44,673] [django.server::log_message::213] [INFO] "GET /api/dm/project?interaction=timer&include=task_count%2Ctask_number%2Cannotation_count%2Cnum_tasks_with_annotations%2Cqueue_total&project=2 HTTP/1.1" 200 1495
[2026-04-21 17:31:03,766] [django.server::log_message::213] [INFO] "GET /api/dm/project?interaction=timer&include=task_count%2Ctask_number%2Cannotation_count%2Cnum_tasks_with_annotations%2Cqueue_total&project=2 HTTP/1.1" 200 1495
[2026-04-21 17:31:03,766] [django.server::log_message::213] [INFO] "GET /api/dm/project?interaction=timer&include=task_count%2Ctask_number%2Cannotation_count%2Cnum_tasks_with_annotations%2Cqueue_total&project=2 HTTP/1.1" 200 1495
[2026-04-21 17:31:24,459] [django.server::log_message::213] [INFO] "GET /api/dm/project?interaction=timer&include=task_count%2Ctask_number%2Cannotation_count%2Cnum_tasks_with_annotations%2Cqueue_total&project=2 HTTP/1.1" 200 1495
[2026-04-21 17:31:24,459] [django.server::log_message::213] [INFO] "GET /api/dm/project?interaction=timer&include=task_count%2Ctask_number%2Cannotation_count%2Cnum_tasks_with_annotations%2Cqueue_total&project=2 HTTP/1.1" 200 1495
[2026-04-21 17:31:43,479] [django.server::log_message::213] [INFO] "GET /api/dm/project?interaction=timer&include=task_count%2Ctask_number%2Cannotation_count%2Cnum_tasks_with_annotations%2Cqueue_total&project=2 HTTP/1.1" 200 1495
[2026-04-21 17:31:43,479] [django.server::log_message::213] [INFO] "GET /api/dm/project?interaction=timer&include=task_count%2Ctask_number%2Cannotation_count%2Cnum_tasks_with_annotations%2Cqueue_total&project=2 HTTP/1.1" 200 1495
[2026-04-21 17:32:04,334] [django.server::log_message::213] [INFO] "GET /api/dm/project?interaction=timer&include=task_count%2Ctask_number%2Cannotation_count%2Cnum_tasks_with_annotations%2Cqueue_total&project=2 HTTP/1.1" 200 1495
[2026-04-21 17:32:04,334] [django.server::log_message::213] [INFO] "GET /api/dm/project?interaction=timer&include=task_count%2Ctask_number%2Cannotation_count%2Cnum_tasks_with_annotations%2Cqueue_total&project=2 HTTP/1.1" 200 1495
[2026-04-21 17:32:25,103] [django.server::log_message::213] [INFO] "GET /api/dm/project?interaction=timer&include=task_count%2Ctask_number%2Cannotation_count%2Cnum_tasks_with_annotations%2Cqueue_total&project=2 HTTP/1.1" 200 1495
[2026-04-21 17:32:25,103] [django.server::log_message::213] [INFO] "GET /api/dm/project?interaction=timer&include=task_count%2Ctask_number%2Cannotation_count%2Cnum_tasks_with_annotations%2Cqueue_total&project=2 HTTP/1.1" 200 1495
[2026-04-21 17:32:44,247] [django.server::log_message::213] [INFO] "GET /api/dm/project?interaction=timer&include=task_count%2Ctask_number%2Cannotation_count%2Cnum_tasks_with_annotations%2Cqueue_total&project=2 HTTP/1.1" 200 1495
[2026-04-21 17:32:44,247] [django.server::log_message::213] [INFO] "GET /api/dm/project?interaction=timer&include=task_count%2Ctask_number%2Cannotation_count%2Cnum_tasks_with_annotations%2Cqueue_total&project=2 HTTP/1.1" 200 1495
[2026-04-21 17:33:04,943] [django.server::log_message::213] [INFO] "GET /api/dm/project?interaction=timer&include=task_count%2Ctask_number%2Cannotation_count%2Cnum_tasks_with_annotations%2Cqueue_total&project=2 HTTP/1.1" 200 1495
[2026-04-21 17:33:04,943] [django.server::log_message::213] [INFO] "GET /api/dm/project?interaction=timer&include=task_count%2Ctask_number%2Cannotation_count%2Cnum_tasks_with_annotations%2Cqueue_total&project=2 HTTP/1.1" 200 1495
[2026-04-21 17:33:25,699] [django.server::log_message::213] [INFO] "GET /api/dm/project?interaction=timer&include=task_count%2Ctask_number%2Cannotation_count%2Cnum_tasks_with_annotations%2Cqueue_total&project=2 HTTP/1.1" 200 1495
[2026-04-21 17:33:25,699] [django.server::log_message::213] [INFO] "GET /api/dm/project?interaction=timer&include=task_count%2Ctask_number%2Cannotation_count%2Cnum_tasks_with_annotations%2Cqueue_total&project=2 HTTP/1.1" 200 1495
[2026-04-21 17:33:44,782] [django.server::log_message::213] [INFO] "GET /api/dm/project?interaction=timer&include=task_count%2Ctask_number%2Cannotation_count%2Cnum_tasks_with_annotations%2Cqueue_total&project=2 HTTP/1.1" 200 1495
[2026-04-21 17:33:44,782] [django.server::log_message::213] [INFO] "GET /api/dm/project?interaction=timer&include=task_count%2Ctask_number%2Cannotation_count%2Cnum_tasks_with_annotations%2Cqueue_total&project=2 HTTP/1.1" 200 1495
[2026-04-21 17:34:05,573] [django.server::log_message::213] [INFO] "GET /api/dm/project?interaction=timer&include=task_count%2Ctask_number%2Cannotation_count%2Cnum_tasks_with_annotations%2Cqueue_total&project=2 HTTP/1.1" 200 1495
[2026-04-21 17:34:05,573] [django.server::log_message::213] [INFO] "GET /api/dm/project?interaction=timer&include=task_count%2Ctask_number%2Cannotation_count%2Cnum_tasks_with_annotations%2Cqueue_total&project=2 HTTP/1.1" 200 1495
[2026-04-21 17:34:26,252] [django.server::log_message::213] [INFO] "GET /api/dm/project?interaction=timer&include=task_count%2Ctask_number%2Cannotation_count%2Cnum_tasks_with_annotations%2Cqueue_total&project=2 HTTP/1.1" 200 1495
[2026-04-21 17:34:26,252] [django.server::log_message::213] [INFO] "GET /api/dm/project?interaction=timer&include=task_count%2Ctask_number%2Cannotation_count%2Cnum_tasks_with_annotations%2Cqueue_total&project=2 HTTP/1.1" 200 1495
[2026-04-21 17:34:45,353] [django.server::log_message::213] [INFO] "GET /api/dm/project?interaction=timer&include=task_count%2Ctask_number%2Cannotation_count%2Cnum_tasks_with_annotations%2Cqueue_total&project=2 HTTP/1.1" 200 1495
[2026-04-21 17:34:45,353] [django.server::log_message::213] [INFO] "GET /api/dm/project?interaction=timer&include=task_count%2Ctask_number%2Cannotation_count%2Cnum_tasks_with_annotations%2Cqueue_total&project=2 HTTP/1.1" 200 1495
[2026-04-21 17:35:06,055] [django.server::log_message::213] [INFO] "GET /api/dm/project?interaction=timer&include=task_count%2Ctask_number%2Cannotation_count%2Cnum_tasks_with_annotations%2Cqueue_total&project=2 HTTP/1.1" 200 1495
[2026-04-21 17:35:06,055] [django.server::log_message::213] [INFO] "GET /api/dm/project?interaction=timer&include=task_count%2Ctask_number%2Cannotation_count%2Cnum_tasks_with_annotations%2Cqueue_total&project=2 HTTP/1.1" 200 1495
[2026-04-21 17:35:25,159] [django.server::log_message::213] [INFO] "GET /api/dm/project?interaction=timer&include=task_count%2Ctask_number%2Cannotation_count%2Cnum_tasks_with_annotations%2Cqueue_total&project=2 HTTP/1.1" 200 1495
[2026-04-21 17:35:25,159] [django.server::log_message::213] [INFO] "GET /api/dm/project?interaction=timer&include=task_count%2Ctask_number%2Cannotation_count%2Cnum_tasks_with_annotations%2Cqueue_total&project=2 HTTP/1.1" 200 1495
[2026-04-21 17:35:45,839] [django.server::log_message::213] [INFO] "GET /api/dm/project?interaction=timer&include=task_count%2Ctask_number%2Cannotation_count%2Cnum_tasks_with_annotations%2Cqueue_total&project=2 HTTP/1.1" 200 1495
[2026-04-21 17:35:45,839] [django.server::log_message::213] [INFO] "GET /api/dm/project?interaction=timer&include=task_count%2Ctask_number%2Cannotation_count%2Cnum_tasks_with_annotations%2Cqueue_total&project=2 HTTP/1.1" 200 1495
[2026-04-21 17:36:06,582] [django.server::log_message::213] [INFO] "GET /api/dm/project?interaction=timer&include=task_count%2Ctask_number%2Cannotation_count%2Cnum_tasks_with_annotations%2Cqueue_total&project=2 HTTP/1.1" 200 1495
[2026-04-21 17:36:06,582] [django.server::log_message::213] [INFO] "GET /api/dm/project?interaction=timer&include=task_count%2Ctask_number%2Cannotation_count%2Cnum_tasks_with_annotations%2Cqueue_total&project=2 HTTP/1.1" 200 1495
[2026-04-21 17:36:25,625] [django.server::log_message::213] [INFO] "GET /api/dm/project?interaction=timer&include=task_count%2Ctask_number%2Cannotation_count%2Cnum_tasks_with_annotations%2Cqueue_total&project=2 HTTP/1.1" 200 1495
[2026-04-21 17:36:25,625] [django.server::log_message::213] [INFO] "GET /api/dm/project?interaction=timer&include=task_count%2Ctask_number%2Cannotation_count%2Cnum_tasks_with_annotations%2Cqueue_total&project=2 HTTP/1.1" 200 1495
[2026-04-21 17:36:46,445] [django.server::log_message::213] [INFO] "GET /api/dm/project?interaction=timer&include=task_count%2Ctask_number%2Cannotation_count%2Cnum_tasks_with_annotations%2Cqueue_total&project=2 HTTP/1.1" 200 1495
[2026-04-21 17:36:46,445] [django.server::log_message::213] [INFO] "GET /api/dm/project?interaction=timer&include=task_count%2Ctask_number%2Cannotation_count%2Cnum_tasks_with_annotations%2Cqueue_total&project=2 HTTP/1.1" 200 1495
[2026-04-21 17:37:07,309] [django.server::log_message::213] [INFO] "GET /api/dm/project?interaction=timer&include=task_count%2Ctask_number%2Cannotation_count%2Cnum_tasks_with_annotations%2Cqueue_total&project=2 HTTP/1.1" 200 1495
[2026-04-21 17:37:07,309] [django.server::log_message::213] [INFO] "GET /api/dm/project?interaction=timer&include=task_count%2Ctask_number%2Cannotation_count%2Cnum_tasks_with_annotations%2Cqueue_total&project=2 HTTP/1.1" 200 1495
[2026-04-21 17:37:26,447] [django.server::log_message::213] [INFO] "GET /api/dm/project?interaction=timer&include=task_count%2Ctask_number%2Cannotation_count%2Cnum_tasks_with_annotations%2Cqueue_total&project=2 HTTP/1.1" 200 1495
[2026-04-21 17:37:26,447] [django.server::log_message::213] [INFO] "GET /api/dm/project?interaction=timer&include=task_count%2Ctask_number%2Cannotation_count%2Cnum_tasks_with_annotations%2Cqueue_total&project=2 HTTP/1.1" 200 1495
[2026-04-21 17:37:47,677] [django.server::log_message::213] [INFO] "GET /api/dm/project?interaction=timer&include=task_count%2Ctask_number%2Cannotation_count%2Cnum_tasks_with_annotations%2Cqueue_total&project=2 HTTP/1.1" 200 1495
[2026-04-21 17:37:47,677] [django.server::log_message::213] [INFO] "GET /api/dm/project?interaction=timer&include=task_count%2Ctask_number%2Cannotation_count%2Cnum_tasks_with_annotations%2Cqueue_total&project=2 HTTP/1.1" 200 1495
[2026-04-21 17:38:08,366] [django.server::log_message::213] [INFO] "GET /api/dm/project?interaction=timer&include=task_count%2Ctask_number%2Cannotation_count%2Cnum_tasks_with_annotations%2Cqueue_total&project=2 HTTP/1.1" 200 1495
[2026-04-21 17:38:08,366] [django.server::log_message::213] [INFO] "GET /api/dm/project?interaction=timer&include=task_count%2Ctask_number%2Cannotation_count%2Cnum_tasks_with_annotations%2Cqueue_total&project=2 HTTP/1.1" 200 1495
[2026-04-21 17:38:27,420] [django.server::log_message::213] [INFO] "GET /api/dm/project?interaction=timer&include=task_count%2Ctask_number%2Cannotation_count%2Cnum_tasks_with_annotations%2Cqueue_total&project=2 HTTP/1.1" 200 1495
[2026-04-21 17:38:27,420] [django.server::log_message::213] [INFO] "GET /api/dm/project?interaction=timer&include=task_count%2Ctask_number%2Cannotation_count%2Cnum_tasks_with_annotations%2Cqueue_total&project=2 HTTP/1.1" 200 1495
[2026-04-21 17:38:48,328] [django.server::log_message::213] [INFO] "GET /api/dm/project?interaction=timer&include=task_count%2Ctask_number%2Cannotation_count%2Cnum_tasks_with_annotations%2Cqueue_total&project=2 HTTP/1.1" 200 1495
[2026-04-21 17:38:48,328] [django.server::log_message::213] [INFO] "GET /api/dm/project?interaction=timer&include=task_count%2Ctask_number%2Cannotation_count%2Cnum_tasks_with_annotations%2Cqueue_total&project=2 HTTP/1.1" 200 1495
[2026-04-21 17:39:07,407] [django.server::log_message::213] [INFO] "GET /api/dm/project?interaction=timer&include=task_count%2Ctask_number%2Cannotation_count%2Cnum_tasks_with_annotations%2Cqueue_total&project=2 HTTP/1.1" 200 1495
[2026-04-21 17:39:07,407] [django.server::log_message::213] [INFO] "GET /api/dm/project?interaction=timer&include=task_count%2Ctask_number%2Cannotation_count%2Cnum_tasks_with_annotations%2Cqueue_total&project=2 HTTP/1.1" 200 1495
[2026-04-21 17:39:28,116] [django.server::log_message::213] [INFO] "GET /api/dm/project?interaction=timer&include=task_count%2Ctask_number%2Cannotation_count%2Cnum_tasks_with_annotations%2Cqueue_total&project=2 HTTP/1.1" 200 1495
[2026-04-21 17:39:28,116] [django.server::log_message::213] [INFO] "GET /api/dm/project?interaction=timer&include=task_count%2Ctask_number%2Cannotation_count%2Cnum_tasks_with_annotations%2Cqueue_total&project=2 HTTP/1.1" 200 1495
[2026-04-21 17:39:48,834] [django.server::log_message::213] [INFO] "GET /api/dm/project?interaction=timer&include=task_count%2Ctask_number%2Cannotation_count%2Cnum_tasks_with_annotations%2Cqueue_total&project=2 HTTP/1.1" 200 1495
[2026-04-21 17:39:48,834] [django.server::log_message::213] [INFO] "GET /api/dm/project?interaction=timer&include=task_count%2Ctask_number%2Cannotation_count%2Cnum_tasks_with_annotations%2Cqueue_total&project=2 HTTP/1.1" 200 1495
[2026-04-21 17:40:07,885] [django.server::log_message::213] [INFO] "GET /api/dm/project?interaction=timer&include=task_count%2Ctask_number%2Cannotation_count%2Cnum_tasks_with_annotations%2Cqueue_total&project=2 HTTP/1.1" 200 1495
[2026-04-21 17:40:07,885] [django.server::log_message::213] [INFO] "GET /api/dm/project?interaction=timer&include=task_count%2Ctask_number%2Cannotation_count%2Cnum_tasks_with_annotations%2Cqueue_total&project=2 HTTP/1.1" 200 1495
[2026-04-21 17:40:28,654] [django.server::log_message::213] [INFO] "GET /api/dm/project?interaction=timer&include=task_count%2Ctask_number%2Cannotation_count%2Cnum_tasks_with_annotations%2Cqueue_total&project=2 HTTP/1.1" 200 1495
[2026-04-21 17:40:28,654] [django.server::log_message::213] [INFO] "GET /api/dm/project?interaction=timer&include=task_count%2Ctask_number%2Cannotation_count%2Cnum_tasks_with_annotations%2Cqueue_total&project=2 HTTP/1.1" 200 1495
[2026-04-21 17:40:49,548] [django.server::log_message::213] [INFO] "GET /api/dm/project?interaction=timer&include=task_count%2Ctask_number%2Cannotation_count%2Cnum_tasks_with_annotations%2Cqueue_total&project=2 HTTP/1.1" 200 1495
[2026-04-21 17:40:49,548] [django.server::log_message::213] [INFO] "GET /api/dm/project?interaction=timer&include=task_count%2Ctask_number%2Cannotation_count%2Cnum_tasks_with_annotations%2Cqueue_total&project=2 HTTP/1.1" 200 1495
[2026-04-21 17:41:08,644] [django.server::log_message::213] [INFO] "GET /api/dm/project?interaction=timer&include=task_count%2Ctask_number%2Cannotation_count%2Cnum_tasks_with_annotations%2Cqueue_total&project=2 HTTP/1.1" 200 1495
[2026-04-21 17:41:08,644] [django.server::log_message::213] [INFO] "GET /api/dm/project?interaction=timer&include=task_count%2Ctask_number%2Cannotation_count%2Cnum_tasks_with_annotations%2Cqueue_total&project=2 HTTP/1.1" 200 1495
[2026-04-21 17:41:29,331] [django.server::log_message::213] [INFO] "GET /api/dm/project?interaction=timer&include=task_count%2Ctask_number%2Cannotation_count%2Cnum_tasks_with_annotations%2Cqueue_total&project=2 HTTP/1.1" 200 1495
[2026-04-21 17:41:29,331] [django.server::log_message::213] [INFO] "GET /api/dm/project?interaction=timer&include=task_count%2Ctask_number%2Cannotation_count%2Cnum_tasks_with_annotations%2Cqueue_total&project=2 HTTP/1.1" 200 1495
[2026-04-21 17:41:50,126] [django.server::log_message::213] [INFO] "GET /api/dm/project?interaction=timer&include=task_count%2Ctask_number%2Cannotation_count%2Cnum_tasks_with_annotations%2Cqueue_total&project=2 HTTP/1.1" 200 1495
[2026-04-21 17:41:50,126] [django.server::log_message::213] [INFO] "GET /api/dm/project?interaction=timer&include=task_count%2Ctask_number%2Cannotation_count%2Cnum_tasks_with_annotations%2Cqueue_total&project=2 HTTP/1.1" 200 1495
[2026-04-21 17:42:09,203] [django.server::log_message::213] [INFO] "GET /api/dm/project?interaction=timer&include=task_count%2Ctask_number%2Cannotation_count%2Cnum_tasks_with_annotations%2Cqueue_total&project=2 HTTP/1.1" 200 1495
[2026-04-21 17:42:09,203] [django.server::log_message::213] [INFO] "GET /api/dm/project?interaction=timer&include=task_count%2Ctask_number%2Cannotation_count%2Cnum_tasks_with_annotations%2Cqueue_total&project=2 HTTP/1.1" 200 1495
[2026-04-21 17:42:29,915] [django.server::log_message::213] [INFO] "GET /api/dm/project?interaction=timer&include=task_count%2Ctask_number%2Cannotation_count%2Cnum_tasks_with_annotations%2Cqueue_total&project=2 HTTP/1.1" 200 1495
[2026-04-21 17:42:29,915] [django.server::log_message::213] [INFO] "GET /api/dm/project?interaction=timer&include=task_count%2Ctask_number%2Cannotation_count%2Cnum_tasks_with_annotations%2Cqueue_total&project=2 HTTP/1.1" 200 1495
[2026-04-21 17:42:50,623] [django.server::log_message::213] [INFO] "GET /api/dm/project?interaction=timer&include=task_count%2Ctask_number%2Cannotation_count%2Cnum_tasks_with_annotations%2Cqueue_total&project=2 HTTP/1.1" 200 1495
[2026-04-21 17:42:50,623] [django.server::log_message::213] [INFO] "GET /api/dm/project?interaction=timer&include=task_count%2Ctask_number%2Cannotation_count%2Cnum_tasks_with_annotations%2Cqueue_total&project=2 HTTP/1.1" 200 1495
[2026-04-21 17:43:09,746] [django.server::log_message::213] [INFO] "GET /api/dm/project?interaction=timer&include=task_count%2Ctask_number%2Cannotation_count%2Cnum_tasks_with_annotations%2Cqueue_total&project=2 HTTP/1.1" 200 1495
[2026-04-21 17:43:09,746] [django.server::log_message::213] [INFO] "GET /api/dm/project?interaction=timer&include=task_count%2Ctask_number%2Cannotation_count%2Cnum_tasks_with_annotations%2Cqueue_total&project=2 HTTP/1.1" 200 1495
[2026-04-21 17:43:30,505] [django.server::log_message::213] [INFO] "GET /api/dm/project?interaction=timer&include=task_count%2Ctask_number%2Cannotation_count%2Cnum_tasks_with_annotations%2Cqueue_total&project=2 HTTP/1.1" 200 1495
[2026-04-21 17:43:30,505] [django.server::log_message::213] [INFO] "GET /api/dm/project?interaction=timer&include=task_count%2Ctask_number%2Cannotation_count%2Cnum_tasks_with_annotations%2Cqueue_total&project=2 HTTP/1.1" 200 1495
[2026-04-21 17:43:49,607] [django.server::log_message::213] [INFO] "GET /api/dm/project?interaction=timer&include=task_count%2Ctask_number%2Cannotation_count%2Cnum_tasks_with_annotations%2Cqueue_total&project=2 HTTP/1.1" 200 1495
[2026-04-21 17:43:49,607] [django.server::log_message::213] [INFO] "GET /api/dm/project?interaction=timer&include=task_count%2Ctask_number%2Cannotation_count%2Cnum_tasks_with_annotations%2Cqueue_total&project=2 HTTP/1.1" 200 1495
[2026-04-21 17:44:10,298] [django.server::log_message::213] [INFO] "GET /api/dm/project?interaction=timer&include=task_count%2Ctask_number%2Cannotation_count%2Cnum_tasks_with_annotations%2Cqueue_total&project=2 HTTP/1.1" 200 1495
[2026-04-21 17:44:10,298] [django.server::log_message::213] [INFO] "GET /api/dm/project?interaction=timer&include=task_count%2Ctask_number%2Cannotation_count%2Cnum_tasks_with_annotations%2Cqueue_total&project=2 HTTP/1.1" 200 1495
[2026-04-21 17:44:31,036] [django.server::log_message::213] [INFO] "GET /api/dm/project?interaction=timer&include=task_count%2Ctask_number%2Cannotation_count%2Cnum_tasks_with_annotations%2Cqueue_total&project=2 HTTP/1.1" 200 1495
[2026-04-21 17:44:31,036] [django.server::log_message::213] [INFO] "GET /api/dm/project?interaction=timer&include=task_count%2Ctask_number%2Cannotation_count%2Cnum_tasks_with_annotations%2Cqueue_total&project=2 HTTP/1.1" 200 1495
[2026-04-21 17:44:50,105] [django.server::log_message::213] [INFO] "GET /api/dm/project?interaction=timer&include=task_count%2Ctask_number%2Cannotation_count%2Cnum_tasks_with_annotations%2Cqueue_total&project=2 HTTP/1.1" 200 1495
[2026-04-21 17:44:50,105] [django.server::log_message::213] [INFO] "GET /api/dm/project?interaction=timer&include=task_count%2Ctask_number%2Cannotation_count%2Cnum_tasks_with_annotations%2Cqueue_total&project=2 HTTP/1.1" 200 1495
[2026-04-21 17:45:10,876] [django.server::log_message::213] [INFO] "GET /api/dm/project?interaction=timer&include=task_count%2Ctask_number%2Cannotation_count%2Cnum_tasks_with_annotations%2Cqueue_total&project=2 HTTP/1.1" 200 1495
[2026-04-21 17:45:10,876] [django.server::log_message::213] [INFO] "GET /api/dm/project?interaction=timer&include=task_count%2Ctask_number%2Cannotation_count%2Cnum_tasks_with_annotations%2Cqueue_total&project=2 HTTP/1.1" 200 1495
[2026-04-21 17:45:31,601] [django.server::log_message::213] [INFO] "GET /api/dm/project?interaction=timer&include=task_count%2Ctask_number%2Cannotation_count%2Cnum_tasks_with_annotations%2Cqueue_total&project=2 HTTP/1.1" 200 1495
[2026-04-21 17:45:31,601] [django.server::log_message::213] [INFO] "GET /api/dm/project?interaction=timer&include=task_count%2Ctask_number%2Cannotation_count%2Cnum_tasks_with_annotations%2Cqueue_total&project=2 HTTP/1.1" 200 1495
[2026-04-21 17:45:50,687] [django.server::log_message::213] [INFO] "GET /api/dm/project?interaction=timer&include=task_count%2Ctask_number%2Cannotation_count%2Cnum_tasks_with_annotations%2Cqueue_total&project=2 HTTP/1.1" 200 1495
[2026-04-21 17:45:50,687] [django.server::log_message::213] [INFO] "GET /api/dm/project?interaction=timer&include=task_count%2Ctask_number%2Cannotation_count%2Cnum_tasks_with_annotations%2Cqueue_total&project=2 HTTP/1.1" 200 1495
[2026-04-21 17:46:11,372] [django.server::log_message::213] [INFO] "GET /api/dm/project?interaction=timer&include=task_count%2Ctask_number%2Cannotation_count%2Cnum_tasks_with_annotations%2Cqueue_total&project=2 HTTP/1.1" 200 1495
[2026-04-21 17:46:11,372] [django.server::log_message::213] [INFO] "GET /api/dm/project?interaction=timer&include=task_count%2Ctask_number%2Cannotation_count%2Cnum_tasks_with_annotations%2Cqueue_total&project=2 HTTP/1.1" 200 1495
[2026-04-21 17:46:32,081] [django.server::log_message::213] [INFO] "GET /api/dm/project?interaction=timer&include=task_count%2Ctask_number%2Cannotation_count%2Cnum_tasks_with_annotations%2Cqueue_total&project=2 HTTP/1.1" 200 1495
[2026-04-21 17:46:32,081] [django.server::log_message::213] [INFO] "GET /api/dm/project?interaction=timer&include=task_count%2Ctask_number%2Cannotation_count%2Cnum_tasks_with_annotations%2Cqueue_total&project=2 HTTP/1.1" 200 1495
[2026-04-21 17:46:51,200] [django.server::log_message::213] [INFO] "GET /api/dm/project?interaction=timer&include=task_count%2Ctask_number%2Cannotation_count%2Cnum_tasks_with_annotations%2Cqueue_total&project=2 HTTP/1.1" 200 1495
[2026-04-21 17:46:51,200] [django.server::log_message::213] [INFO] "GET /api/dm/project?interaction=timer&include=task_count%2Ctask_number%2Cannotation_count%2Cnum_tasks_with_annotations%2Cqueue_total&project=2 HTTP/1.1" 200 1495
[2026-04-21 17:47:11,930] [django.server::log_message::213] [INFO] "GET /api/dm/project?interaction=timer&include=task_count%2Ctask_number%2Cannotation_count%2Cnum_tasks_with_annotations%2Cqueue_total&project=2 HTTP/1.1" 200 1495
[2026-04-21 17:47:11,930] [django.server::log_message::213] [INFO] "GET /api/dm/project?interaction=timer&include=task_count%2Ctask_number%2Cannotation_count%2Cnum_tasks_with_annotations%2Cqueue_total&project=2 HTTP/1.1" 200 1495
[2026-04-21 17:47:31,006] [django.server::log_message::213] [INFO] "GET /api/dm/project?interaction=timer&include=task_count%2Ctask_number%2Cannotation_count%2Cnum_tasks_with_annotations%2Cqueue_total&project=2 HTTP/1.1" 200 1495
[2026-04-21 17:47:31,006] [django.server::log_message::213] [INFO] "GET /api/dm/project?interaction=timer&include=task_count%2Ctask_number%2Cannotation_count%2Cnum_tasks_with_annotations%2Cqueue_total&project=2 HTTP/1.1" 200 1495
[2026-04-21 17:47:51,718] [django.server::log_message::213] [INFO] "GET /api/dm/project?interaction=timer&include=task_count%2Ctask_number%2Cannotation_count%2Cnum_tasks_with_annotations%2Cqueue_total&project=2 HTTP/1.1" 200 1495
[2026-04-21 17:47:51,718] [django.server::log_message::213] [INFO] "GET /api/dm/project?interaction=timer&include=task_count%2Ctask_number%2Cannotation_count%2Cnum_tasks_with_annotations%2Cqueue_total&project=2 HTTP/1.1" 200 1495
[2026-04-21 17:48:12,497] [django.server::log_message::213] [INFO] "GET /api/dm/project?interaction=timer&include=task_count%2Ctask_number%2Cannotation_count%2Cnum_tasks_with_annotations%2Cqueue_total&project=2 HTTP/1.1" 200 1495
[2026-04-21 17:48:12,497] [django.server::log_message::213] [INFO] "GET /api/dm/project?interaction=timer&include=task_count%2Ctask_number%2Cannotation_count%2Cnum_tasks_with_annotations%2Cqueue_total&project=2 HTTP/1.1" 200 1495
[2026-04-21 17:48:31,605] [django.server::log_message::213] [INFO] "GET /api/dm/project?interaction=timer&include=task_count%2Ctask_number%2Cannotation_count%2Cnum_tasks_with_annotations%2Cqueue_total&project=2 HTTP/1.1" 200 1495
[2026-04-21 17:48:31,605] [django.server::log_message::213] [INFO] "GET /api/dm/project?interaction=timer&include=task_count%2Ctask_number%2Cannotation_count%2Cnum_tasks_with_annotations%2Cqueue_total&project=2 HTTP/1.1" 200 1495
[2026-04-21 17:48:52,320] [django.server::log_message::213] [INFO] "GET /api/dm/project?interaction=timer&include=task_count%2Ctask_number%2Cannotation_count%2Cnum_tasks_with_annotations%2Cqueue_total&project=2 HTTP/1.1" 200 1495
[2026-04-21 17:48:52,320] [django.server::log_message::213] [INFO] "GET /api/dm/project?interaction=timer&include=task_count%2Ctask_number%2Cannotation_count%2Cnum_tasks_with_annotations%2Cqueue_total&project=2 HTTP/1.1" 200 1495
[2026-04-21 17:49:13,066] [django.server::log_message::213] [INFO] "GET /api/dm/project?interaction=timer&include=task_count%2Ctask_number%2Cannotation_count%2Cnum_tasks_with_annotations%2Cqueue_total&project=2 HTTP/1.1" 200 1495
[2026-04-21 17:49:13,066] [django.server::log_message::213] [INFO] "GET /api/dm/project?interaction=timer&include=task_count%2Ctask_number%2Cannotation_count%2Cnum_tasks_with_annotations%2Cqueue_total&project=2 HTTP/1.1" 200 1495
[2026-04-21 17:49:32,202] [django.server::log_message::213] [INFO] "GET /api/dm/project?interaction=timer&include=task_count%2Ctask_number%2Cannotation_count%2Cnum_tasks_with_annotations%2Cqueue_total&project=2 HTTP/1.1" 200 1495
[2026-04-21 17:49:32,202] [django.server::log_message::213] [INFO] "GET /api/dm/project?interaction=timer&include=task_count%2Ctask_number%2Cannotation_count%2Cnum_tasks_with_annotations%2Cqueue_total&project=2 HTTP/1.1" 200 1495
[2026-04-21 17:49:52,892] [django.server::log_message::213] [INFO] "GET /api/dm/project?interaction=timer&include=task_count%2Ctask_number%2Cannotation_count%2Cnum_tasks_with_annotations%2Cqueue_total&project=2 HTTP/1.1" 200 1495
[2026-04-21 17:49:52,892] [django.server::log_message::213] [INFO] "GET /api/dm/project?interaction=timer&include=task_count%2Ctask_number%2Cannotation_count%2Cnum_tasks_with_annotations%2Cqueue_total&project=2 HTTP/1.1" 200 1495
[2026-04-21 17:50:13,656] [django.server::log_message::213] [INFO] "GET /api/dm/project?interaction=timer&include=task_count%2Ctask_number%2Cannotation_count%2Cnum_tasks_with_annotations%2Cqueue_total&project=2 HTTP/1.1" 200 1495
[2026-04-21 17:50:13,656] [django.server::log_message::213] [INFO] "GET /api/dm/project?interaction=timer&include=task_count%2Ctask_number%2Cannotation_count%2Cnum_tasks_with_annotations%2Cqueue_total&project=2 HTTP/1.1" 200 1495
[2026-04-21 17:50:32,762] [django.server::log_message::213] [INFO] "GET /api/dm/project?interaction=timer&include=task_count%2Ctask_number%2Cannotation_count%2Cnum_tasks_with_annotations%2Cqueue_total&project=2 HTTP/1.1" 200 1495
[2026-04-21 17:50:32,762] [django.server::log_message::213] [INFO] "GET /api/dm/project?interaction=timer&include=task_count%2Ctask_number%2Cannotation_count%2Cnum_tasks_with_annotations%2Cqueue_total&project=2 HTTP/1.1" 200 1495
[2026-04-21 17:50:53,494] [django.server::log_message::213] [INFO] "GET /api/dm/project?interaction=timer&include=task_count%2Ctask_number%2Cannotation_count%2Cnum_tasks_with_annotations%2Cqueue_total&project=2 HTTP/1.1" 200 1495
[2026-04-21 17:50:53,494] [django.server::log_message::213] [INFO] "GET /api/dm/project?interaction=timer&include=task_count%2Ctask_number%2Cannotation_count%2Cnum_tasks_with_annotations%2Cqueue_total&project=2 HTTP/1.1" 200 1495
[2026-04-21 17:51:12,601] [django.server::log_message::213] [INFO] "GET /api/dm/project?interaction=timer&include=task_count%2Ctask_number%2Cannotation_count%2Cnum_tasks_with_annotations%2Cqueue_total&project=2 HTTP/1.1" 200 1495
[2026-04-21 17:51:12,601] [django.server::log_message::213] [INFO] "GET /api/dm/project?interaction=timer&include=task_count%2Ctask_number%2Cannotation_count%2Cnum_tasks_with_annotations%2Cqueue_total&project=2 HTTP/1.1" 200 1495
[2026-04-21 17:51:33,343] [django.server::log_message::213] [INFO] "GET /api/dm/project?interaction=timer&include=task_count%2Ctask_number%2Cannotation_count%2Cnum_tasks_with_annotations%2Cqueue_total&project=2 HTTP/1.1" 200 1495
[2026-04-21 17:51:33,343] [django.server::log_message::213] [INFO] "GET /api/dm/project?interaction=timer&include=task_count%2Ctask_number%2Cannotation_count%2Cnum_tasks_with_annotations%2Cqueue_total&project=2 HTTP/1.1" 200 1495
[2026-04-21 17:51:54,080] [django.server::log_message::213] [INFO] "GET /api/dm/project?interaction=timer&include=task_count%2Ctask_number%2Cannotation_count%2Cnum_tasks_with_annotations%2Cqueue_total&project=2 HTTP/1.1" 200 1495
[2026-04-21 17:51:54,080] [django.server::log_message::213] [INFO] "GET /api/dm/project?interaction=timer&include=task_count%2Ctask_number%2Cannotation_count%2Cnum_tasks_with_annotations%2Cqueue_total&project=2 HTTP/1.1" 200 1495
[2026-04-21 17:52:13,162] [django.server::log_message::213] [INFO] "GET /api/dm/project?interaction=timer&include=task_count%2Ctask_number%2Cannotation_count%2Cnum_tasks_with_annotations%2Cqueue_total&project=2 HTTP/1.1" 200 1495
[2026-04-21 17:52:13,162] [django.server::log_message::213] [INFO] "GET /api/dm/project?interaction=timer&include=task_count%2Ctask_number%2Cannotation_count%2Cnum_tasks_with_annotations%2Cqueue_total&project=2 HTTP/1.1" 200 1495
[2026-04-21 17:52:33,888] [django.server::log_message::213] [INFO] "GET /api/dm/project?interaction=timer&include=task_count%2Ctask_number%2Cannotation_count%2Cnum_tasks_with_annotations%2Cqueue_total&project=2 HTTP/1.1" 200 1495
[2026-04-21 17:52:33,888] [django.server::log_message::213] [INFO] "GET /api/dm/project?interaction=timer&include=task_count%2Ctask_number%2Cannotation_count%2Cnum_tasks_with_annotations%2Cqueue_total&project=2 HTTP/1.1" 200 1495
[2026-04-21 17:52:54,595] [django.server::log_message::213] [INFO] "GET /api/dm/project?interaction=timer&include=task_count%2Ctask_number%2Cannotation_count%2Cnum_tasks_with_annotations%2Cqueue_total&project=2 HTTP/1.1" 200 1495
[2026-04-21 17:52:54,595] [django.server::log_message::213] [INFO] "GET /api/dm/project?interaction=timer&include=task_count%2Ctask_number%2Cannotation_count%2Cnum_tasks_with_annotations%2Cqueue_total&project=2 HTTP/1.1" 200 1495
[2026-04-21 17:53:13,645] [django.server::log_message::213] [INFO] "GET /api/dm/project?interaction=timer&include=task_count%2Ctask_number%2Cannotation_count%2Cnum_tasks_with_annotations%2Cqueue_total&project=2 HTTP/1.1" 200 1495
[2026-04-21 17:53:13,645] [django.server::log_message::213] [INFO] "GET /api/dm/project?interaction=timer&include=task_count%2Ctask_number%2Cannotation_count%2Cnum_tasks_with_annotations%2Cqueue_total&project=2 HTTP/1.1" 200 1495
[2026-04-21 17:53:34,462] [django.server::log_message::213] [INFO] "GET /api/dm/project?interaction=timer&include=task_count%2Ctask_number%2Cannotation_count%2Cnum_tasks_with_annotations%2Cqueue_total&project=2 HTTP/1.1" 200 1495
[2026-04-21 17:53:34,462] [django.server::log_message::213] [INFO] "GET /api/dm/project?interaction=timer&include=task_count%2Ctask_number%2Cannotation_count%2Cnum_tasks_with_annotations%2Cqueue_total&project=2 HTTP/1.1" 200 1495
[2026-04-21 17:53:55,176] [django.server::log_message::213] [INFO] "GET /api/dm/project?interaction=timer&include=task_count%2Ctask_number%2Cannotation_count%2Cnum_tasks_with_annotations%2Cqueue_total&project=2 HTTP/1.1" 200 1495
[2026-04-21 17:53:55,176] [django.server::log_message::213] [INFO] "GET /api/dm/project?interaction=timer&include=task_count%2Ctask_number%2Cannotation_count%2Cnum_tasks_with_annotations%2Cqueue_total&project=2 HTTP/1.1" 200 1495
[2026-04-21 17:54:14,274] [django.server::log_message::213] [INFO] "GET /api/dm/project?interaction=timer&include=task_count%2Ctask_number%2Cannotation_count%2Cnum_tasks_with_annotations%2Cqueue_total&project=2 HTTP/1.1" 200 1495
[2026-04-21 17:54:14,274] [django.server::log_message::213] [INFO] "GET /api/dm/project?interaction=timer&include=task_count%2Ctask_number%2Cannotation_count%2Cnum_tasks_with_annotations%2Cqueue_total&project=2 HTTP/1.1" 200 1495
[2026-04-21 17:54:34,967] [django.server::log_message::213] [INFO] "GET /api/dm/project?interaction=timer&include=task_count%2Ctask_number%2Cannotation_count%2Cnum_tasks_with_annotations%2Cqueue_total&project=2 HTTP/1.1" 200 1495
[2026-04-21 17:54:34,967] [django.server::log_message::213] [INFO] "GET /api/dm/project?interaction=timer&include=task_count%2Ctask_number%2Cannotation_count%2Cnum_tasks_with_annotations%2Cqueue_total&project=2 HTTP/1.1" 200 1495
[2026-04-21 17:54:54,160] [django.server::log_message::213] [INFO] "GET /api/dm/project?interaction=timer&include=task_count%2Ctask_number%2Cannotation_count%2Cnum_tasks_with_annotations%2Cqueue_total&project=2 HTTP/1.1" 200 1495
[2026-04-21 17:54:54,160] [django.server::log_message::213] [INFO] "GET /api/dm/project?interaction=timer&include=task_count%2Ctask_number%2Cannotation_count%2Cnum_tasks_with_annotations%2Cqueue_total&project=2 HTTP/1.1" 200 1495
[2026-04-21 17:55:14,915] [django.server::log_message::213] [INFO] "GET /api/dm/project?interaction=timer&include=task_count%2Ctask_number%2Cannotation_count%2Cnum_tasks_with_annotations%2Cqueue_total&project=2 HTTP/1.1" 200 1495
[2026-04-21 17:55:14,915] [django.server::log_message::213] [INFO] "GET /api/dm/project?interaction=timer&include=task_count%2Ctask_number%2Cannotation_count%2Cnum_tasks_with_annotations%2Cqueue_total&project=2 HTTP/1.1" 200 1495
[2026-04-21 17:55:35,741] [django.server::log_message::213] [INFO] "GET /api/dm/project?interaction=timer&include=task_count%2Ctask_number%2Cannotation_count%2Cnum_tasks_with_annotations%2Cqueue_total&project=2 HTTP/1.1" 200 1495
[2026-04-21 17:55:35,741] [django.server::log_message::213] [INFO] "GET /api/dm/project?interaction=timer&include=task_count%2Ctask_number%2Cannotation_count%2Cnum_tasks_with_annotations%2Cqueue_total&project=2 HTTP/1.1" 200 1495
[2026-04-21 17:55:54,852] [django.server::log_message::213] [INFO] "GET /api/dm/project?interaction=timer&include=task_count%2Ctask_number%2Cannotation_count%2Cnum_tasks_with_annotations%2Cqueue_total&project=2 HTTP/1.1" 200 1495
[2026-04-21 17:55:54,852] [django.server::log_message::213] [INFO] "GET /api/dm/project?interaction=timer&include=task_count%2Ctask_number%2Cannotation_count%2Cnum_tasks_with_annotations%2Cqueue_total&project=2 HTTP/1.1" 200 1495
[2026-04-21 17:56:15,639] [django.server::log_message::213] [INFO] "GET /api/dm/project?interaction=timer&include=task_count%2Ctask_number%2Cannotation_count%2Cnum_tasks_with_annotations%2Cqueue_total&project=2 HTTP/1.1" 200 1495
[2026-04-21 17:56:15,639] [django.server::log_message::213] [INFO] "GET /api/dm/project?interaction=timer&include=task_count%2Ctask_number%2Cannotation_count%2Cnum_tasks_with_annotations%2Cqueue_total&project=2 HTTP/1.1" 200 1495
[2026-04-21 17:56:36,342] [django.server::log_message::213] [INFO] "GET /api/dm/project?interaction=timer&include=task_count%2Ctask_number%2Cannotation_count%2Cnum_tasks_with_annotations%2Cqueue_total&project=2 HTTP/1.1" 200 1495
[2026-04-21 17:56:36,342] [django.server::log_message::213] [INFO] "GET /api/dm/project?interaction=timer&include=task_count%2Ctask_number%2Cannotation_count%2Cnum_tasks_with_annotations%2Cqueue_total&project=2 HTTP/1.1" 200 1495
[2026-04-21 17:56:55,507] [django.server::log_message::213] [INFO] "GET /api/dm/project?interaction=timer&include=task_count%2Ctask_number%2Cannotation_count%2Cnum_tasks_with_annotations%2Cqueue_total&project=2 HTTP/1.1" 200 1495
[2026-04-21 17:56:55,507] [django.server::log_message::213] [INFO] "GET /api/dm/project?interaction=timer&include=task_count%2Ctask_number%2Cannotation_count%2Cnum_tasks_with_annotations%2Cqueue_total&project=2 HTTP/1.1" 200 1495
[2026-04-21 17:57:16,235] [django.server::log_message::213] [INFO] "GET /api/dm/project?interaction=timer&include=task_count%2Ctask_number%2Cannotation_count%2Cnum_tasks_with_annotations%2Cqueue_total&project=2 HTTP/1.1" 200 1495
[2026-04-21 17:57:16,235] [django.server::log_message::213] [INFO] "GET /api/dm/project?interaction=timer&include=task_count%2Ctask_number%2Cannotation_count%2Cnum_tasks_with_annotations%2Cqueue_total&project=2 HTTP/1.1" 200 1495
[2026-04-21 17:57:36,958] [django.server::log_message::213] [INFO] "GET /api/dm/project?interaction=timer&include=task_count%2Ctask_number%2Cannotation_count%2Cnum_tasks_with_annotations%2Cqueue_total&project=2 HTTP/1.1" 200 1495
[2026-04-21 17:57:36,958] [django.server::log_message::213] [INFO] "GET /api/dm/project?interaction=timer&include=task_count%2Ctask_number%2Cannotation_count%2Cnum_tasks_with_annotations%2Cqueue_total&project=2 HTTP/1.1" 200 1495
[2026-04-21 17:57:56,092] [django.server::log_message::213] [INFO] "GET /api/dm/project?interaction=timer&include=task_count%2Ctask_number%2Cannotation_count%2Cnum_tasks_with_annotations%2Cqueue_total&project=2 HTTP/1.1" 200 1495
[2026-04-21 17:57:56,092] [django.server::log_message::213] [INFO] "GET /api/dm/project?interaction=timer&include=task_count%2Ctask_number%2Cannotation_count%2Cnum_tasks_with_annotations%2Cqueue_total&project=2 HTTP/1.1" 200 1495
[2026-04-21 17:58:16,810] [django.server::log_message::213] [INFO] "GET /api/dm/project?interaction=timer&include=task_count%2Ctask_number%2Cannotation_count%2Cnum_tasks_with_annotations%2Cqueue_total&project=2 HTTP/1.1" 200 1495
[2026-04-21 17:58:16,810] [django.server::log_message::213] [INFO] "GET /api/dm/project?interaction=timer&include=task_count%2Ctask_number%2Cannotation_count%2Cnum_tasks_with_annotations%2Cqueue_total&project=2 HTTP/1.1" 200 1495
[2026-04-21 17:58:35,869] [django.server::log_message::213] [INFO] "GET /api/dm/project?interaction=timer&include=task_count%2Ctask_number%2Cannotation_count%2Cnum_tasks_with_annotations%2Cqueue_total&project=2 HTTP/1.1" 200 1495
[2026-04-21 17:58:35,869] [django.server::log_message::213] [INFO] "GET /api/dm/project?interaction=timer&include=task_count%2Ctask_number%2Cannotation_count%2Cnum_tasks_with_annotations%2Cqueue_total&project=2 HTTP/1.1" 200 1495
[2026-04-21 17:58:56,549] [django.server::log_message::213] [INFO] "GET /api/dm/project?interaction=timer&include=task_count%2Ctask_number%2Cannotation_count%2Cnum_tasks_with_annotations%2Cqueue_total&project=2 HTTP/1.1" 200 1495
[2026-04-21 17:58:56,549] [django.server::log_message::213] [INFO] "GET /api/dm/project?interaction=timer&include=task_count%2Ctask_number%2Cannotation_count%2Cnum_tasks_with_annotations%2Cqueue_total&project=2 HTTP/1.1" 200 1495
[2026-04-21 17:59:17,241] [django.server::log_message::213] [INFO] "GET /api/dm/project?interaction=timer&include=task_count%2Ctask_number%2Cannotation_count%2Cnum_tasks_with_annotations%2Cqueue_total&project=2 HTTP/1.1" 200 1495
[2026-04-21 17:59:17,241] [django.server::log_message::213] [INFO] "GET /api/dm/project?interaction=timer&include=task_count%2Ctask_number%2Cannotation_count%2Cnum_tasks_with_annotations%2Cqueue_total&project=2 HTTP/1.1" 200 1495
[2026-04-21 17:59:36,381] [django.server::log_message::213] [INFO] "GET /api/dm/project?interaction=timer&include=task_count%2Ctask_number%2Cannotation_count%2Cnum_tasks_with_annotations%2Cqueue_total&project=2 HTTP/1.1" 200 1495
[2026-04-21 17:59:36,381] [django.server::log_message::213] [INFO] "GET /api/dm/project?interaction=timer&include=task_count%2Ctask_number%2Cannotation_count%2Cnum_tasks_with_annotations%2Cqueue_total&project=2 HTTP/1.1" 200 1495
[2026-04-21 17:59:57,107] [django.server::log_message::213] [INFO] "GET /api/dm/project?interaction=timer&include=task_count%2Ctask_number%2Cannotation_count%2Cnum_tasks_with_annotations%2Cqueue_total&project=2 HTTP/1.1" 200 1495
[2026-04-21 17:59:57,107] [django.server::log_message::213] [INFO] "GET /api/dm/project?interaction=timer&include=task_count%2Ctask_number%2Cannotation_count%2Cnum_tasks_with_annotations%2Cqueue_total&project=2 HTTP/1.1" 200 1495
[2026-04-21 18:00:17,869] [django.server::log_message::213] [INFO] "GET /api/dm/project?interaction=timer&include=task_count%2Ctask_number%2Cannotation_count%2Cnum_tasks_with_annotations%2Cqueue_total&project=2 HTTP/1.1" 200 1495
[2026-04-21 18:00:17,869] [django.server::log_message::213] [INFO] "GET /api/dm/project?interaction=timer&include=task_count%2Ctask_number%2Cannotation_count%2Cnum_tasks_with_annotations%2Cqueue_total&project=2 HTTP/1.1" 200 1495
[2026-04-21 18:00:36,943] [django.server::log_message::213] [INFO] "GET /api/dm/project?interaction=timer&include=task_count%2Ctask_number%2Cannotation_count%2Cnum_tasks_with_annotations%2Cqueue_total&project=2 HTTP/1.1" 200 1495
[2026-04-21 18:00:36,943] [django.server::log_message::213] [INFO] "GET /api/dm/project?interaction=timer&include=task_count%2Ctask_number%2Cannotation_count%2Cnum_tasks_with_annotations%2Cqueue_total&project=2 HTTP/1.1" 200 1495
[2026-04-21 18:00:57,630] [django.server::log_message::213] [INFO] "GET /api/dm/project?interaction=timer&include=task_count%2Ctask_number%2Cannotation_count%2Cnum_tasks_with_annotations%2Cqueue_total&project=2 HTTP/1.1" 200 1495
[2026-04-21 18:00:57,630] [django.server::log_message::213] [INFO] "GET /api/dm/project?interaction=timer&include=task_count%2Ctask_number%2Cannotation_count%2Cnum_tasks_with_annotations%2Cqueue_total&project=2 HTTP/1.1" 200 1495
[2026-04-21 18:01:18,636] [django.server::log_message::213] [INFO] "GET /api/dm/project?interaction=timer&include=task_count%2Ctask_number%2Cannotation_count%2Cnum_tasks_with_annotations%2Cqueue_total&project=2 HTTP/1.1" 200 1495
[2026-04-21 18:01:18,636] [django.server::log_message::213] [INFO] "GET /api/dm/project?interaction=timer&include=task_count%2Ctask_number%2Cannotation_count%2Cnum_tasks_with_annotations%2Cqueue_total&project=2 HTTP/1.1" 200 1495
[2026-04-21 18:01:37,994] [django.server::log_message::213] [INFO] "GET /api/dm/project?interaction=timer&include=task_count%2Ctask_number%2Cannotation_count%2Cnum_tasks_with_annotations%2Cqueue_total&project=2 HTTP/1.1" 200 1495
[2026-04-21 18:01:37,994] [django.server::log_message::213] [INFO] "GET /api/dm/project?interaction=timer&include=task_count%2Ctask_number%2Cannotation_count%2Cnum_tasks_with_annotations%2Cqueue_total&project=2 HTTP/1.1" 200 1495
[2026-04-21 18:01:59,133] [django.server::log_message::213] [INFO] "GET /api/dm/project?interaction=timer&include=task_count%2Ctask_number%2Cannotation_count%2Cnum_tasks_with_annotations%2Cqueue_total&project=2 HTTP/1.1" 200 1495
[2026-04-21 18:01:59,133] [django.server::log_message::213] [INFO] "GET /api/dm/project?interaction=timer&include=task_count%2Ctask_number%2Cannotation_count%2Cnum_tasks_with_annotations%2Cqueue_total&project=2 HTTP/1.1" 200 1495
[2026-04-21 18:02:20,883] [django.server::log_message::213] [INFO] "GET /api/dm/project?interaction=timer&include=task_count%2Ctask_number%2Cannotation_count%2Cnum_tasks_with_annotations%2Cqueue_total&project=2 HTTP/1.1" 200 1495
[2026-04-21 18:02:20,883] [django.server::log_message::213] [INFO] "GET /api/dm/project?interaction=timer&include=task_count%2Ctask_number%2Cannotation_count%2Cnum_tasks_with_annotations%2Cqueue_total&project=2 HTTP/1.1" 200 1495
[2026-04-21 18:02:40,433] [django.server::log_message::213] [INFO] "GET /api/dm/project?interaction=timer&include=task_count%2Ctask_number%2Cannotation_count%2Cnum_tasks_with_annotations%2Cqueue_total&project=2 HTTP/1.1" 200 1495
[2026-04-21 18:02:40,433] [django.server::log_message::213] [INFO] "GET /api/dm/project?interaction=timer&include=task_count%2Ctask_number%2Cannotation_count%2Cnum_tasks_with_annotations%2Cqueue_total&project=2 HTTP/1.1" 200 1495
[2026-04-21 18:03:01,830] [django.server::log_message::213] [INFO] "GET /api/dm/project?interaction=timer&include=task_count%2Ctask_number%2Cannotation_count%2Cnum_tasks_with_annotations%2Cqueue_total&project=2 HTTP/1.1" 200 1495
[2026-04-21 18:03:01,830] [django.server::log_message::213] [INFO] "GET /api/dm/project?interaction=timer&include=task_count%2Ctask_number%2Cannotation_count%2Cnum_tasks_with_annotations%2Cqueue_total&project=2 HTTP/1.1" 200 1495
[2026-04-21 18:03:21,381] [django.server::log_message::213] [INFO] "GET /api/dm/project?interaction=timer&include=task_count%2Ctask_number%2Cannotation_count%2Cnum_tasks_with_annotations%2Cqueue_total&project=2 HTTP/1.1" 200 1495
[2026-04-21 18:03:21,381] [django.server::log_message::213] [INFO] "GET /api/dm/project?interaction=timer&include=task_count%2Ctask_number%2Cannotation_count%2Cnum_tasks_with_annotations%2Cqueue_total&project=2 HTTP/1.1" 200 1495
[2026-04-21 18:03:42,358] [django.server::log_message::213] [INFO] "GET /api/dm/project?interaction=timer&include=task_count%2Ctask_number%2Cannotation_count%2Cnum_tasks_with_annotations%2Cqueue_total&project=2 HTTP/1.1" 200 1495
[2026-04-21 18:03:42,358] [django.server::log_message::213] [INFO] "GET /api/dm/project?interaction=timer&include=task_count%2Ctask_number%2Cannotation_count%2Cnum_tasks_with_annotations%2Cqueue_total&project=2 HTTP/1.1" 200 1495
[2026-04-21 18:04:03,655] [django.server::log_message::213] [INFO] "GET /api/dm/project?interaction=timer&include=task_count%2Ctask_number%2Cannotation_count%2Cnum_tasks_with_annotations%2Cqueue_total&project=2 HTTP/1.1" 200 1495
[2026-04-21 18:04:03,655] [django.server::log_message::213] [INFO] "GET /api/dm/project?interaction=timer&include=task_count%2Ctask_number%2Cannotation_count%2Cnum_tasks_with_annotations%2Cqueue_total&project=2 HTTP/1.1" 200 1495
[2026-04-21 18:04:23,117] [django.server::log_message::213] [INFO] "GET /api/dm/project?interaction=timer&include=task_count%2Ctask_number%2Cannotation_count%2Cnum_tasks_with_annotations%2Cqueue_total&project=2 HTTP/1.1" 200 1495
[2026-04-21 18:04:23,117] [django.server::log_message::213] [INFO] "GET /api/dm/project?interaction=timer&include=task_count%2Ctask_number%2Cannotation_count%2Cnum_tasks_with_annotations%2Cqueue_total&project=2 HTTP/1.1" 200 1495
[2026-04-21 18:04:44,231] [django.server::log_message::213] [INFO] "GET /api/dm/project?interaction=timer&include=task_count%2Ctask_number%2Cannotation_count%2Cnum_tasks_with_annotations%2Cqueue_total&project=2 HTTP/1.1" 200 1495
[2026-04-21 18:04:44,231] [django.server::log_message::213] [INFO] "GET /api/dm/project?interaction=timer&include=task_count%2Ctask_number%2Cannotation_count%2Cnum_tasks_with_annotations%2Cqueue_total&project=2 HTTP/1.1" 200 1495
[2026-04-21 18:05:05,155] [django.server::log_message::213] [INFO] "GET /api/dm/project?interaction=timer&include=task_count%2Ctask_number%2Cannotation_count%2Cnum_tasks_with_annotations%2Cqueue_total&project=2 HTTP/1.1" 200 1495
[2026-04-21 18:05:05,155] [django.server::log_message::213] [INFO] "GET /api/dm/project?interaction=timer&include=task_count%2Ctask_number%2Cannotation_count%2Cnum_tasks_with_annotations%2Cqueue_total&project=2 HTTP/1.1" 200 1495
[2026-04-21 18:05:24,297] [django.server::log_message::213] [INFO] "GET /api/dm/project?interaction=timer&include=task_count%2Ctask_number%2Cannotation_count%2Cnum_tasks_with_annotations%2Cqueue_total&project=2 HTTP/1.1" 200 1495
[2026-04-21 18:05:24,297] [django.server::log_message::213] [INFO] "GET /api/dm/project?interaction=timer&include=task_count%2Ctask_number%2Cannotation_count%2Cnum_tasks_with_annotations%2Cqueue_total&project=2 HTTP/1.1" 200 1495
[2026-04-21 18:05:45,186] [django.server::log_message::213] [INFO] "GET /api/dm/project?interaction=timer&include=task_count%2Ctask_number%2Cannotation_count%2Cnum_tasks_with_annotations%2Cqueue_total&project=2 HTTP/1.1" 200 1495
[2026-04-21 18:05:45,186] [django.server::log_message::213] [INFO] "GET /api/dm/project?interaction=timer&include=task_count%2Ctask_number%2Cannotation_count%2Cnum_tasks_with_annotations%2Cqueue_total&project=2 HTTP/1.1" 200 1495
[2026-04-21 18:06:05,906] [django.server::log_message::213] [INFO] "GET /api/dm/project?interaction=timer&include=task_count%2Ctask_number%2Cannotation_count%2Cnum_tasks_with_annotations%2Cqueue_total&project=2 HTTP/1.1" 200 1495
[2026-04-21 18:06:05,906] [django.server::log_message::213] [INFO] "GET /api/dm/project?interaction=timer&include=task_count%2Ctask_number%2Cannotation_count%2Cnum_tasks_with_annotations%2Cqueue_total&project=2 HTTP/1.1" 200 1495
[2026-04-21 18:06:25,048] [django.server::log_message::213] [INFO] "GET /api/dm/project?interaction=timer&include=task_count%2Ctask_number%2Cannotation_count%2Cnum_tasks_with_annotations%2Cqueue_total&project=2 HTTP/1.1" 200 1495
[2026-04-21 18:06:25,048] [django.server::log_message::213] [INFO] "GET /api/dm/project?interaction=timer&include=task_count%2Ctask_number%2Cannotation_count%2Cnum_tasks_with_annotations%2Cqueue_total&project=2 HTTP/1.1" 200 1495
[2026-04-21 18:06:45,801] [django.server::log_message::213] [INFO] "GET /api/dm/project?interaction=timer&include=task_count%2Ctask_number%2Cannotation_count%2Cnum_tasks_with_annotations%2Cqueue_total&project=2 HTTP/1.1" 200 1495
[2026-04-21 18:06:45,801] [django.server::log_message::213] [INFO] "GET /api/dm/project?interaction=timer&include=task_count%2Ctask_number%2Cannotation_count%2Cnum_tasks_with_annotations%2Cqueue_total&project=2 HTTP/1.1" 200 1495
[2026-04-21 18:07:06,596] [django.server::log_message::213] [INFO] "GET /api/dm/project?interaction=timer&include=task_count%2Ctask_number%2Cannotation_count%2Cnum_tasks_with_annotations%2Cqueue_total&project=2 HTTP/1.1" 200 1495
[2026-04-21 18:07:06,596] [django.server::log_message::213] [INFO] "GET /api/dm/project?interaction=timer&include=task_count%2Ctask_number%2Cannotation_count%2Cnum_tasks_with_annotations%2Cqueue_total&project=2 HTTP/1.1" 200 1495
[2026-04-21 18:07:25,719] [django.server::log_message::213] [INFO] "GET /api/dm/project?interaction=timer&include=task_count%2Ctask_number%2Cannotation_count%2Cnum_tasks_with_annotations%2Cqueue_total&project=2 HTTP/1.1" 200 1495
[2026-04-21 18:07:25,719] [django.server::log_message::213] [INFO] "GET /api/dm/project?interaction=timer&include=task_count%2Ctask_number%2Cannotation_count%2Cnum_tasks_with_annotations%2Cqueue_total&project=2 HTTP/1.1" 200 1495
[2026-04-21 18:07:46,501] [django.server::log_message::213] [INFO] "GET /api/dm/project?interaction=timer&include=task_count%2Ctask_number%2Cannotation_count%2Cnum_tasks_with_annotations%2Cqueue_total&project=2 HTTP/1.1" 200 1495
[2026-04-21 18:07:46,501] [django.server::log_message::213] [INFO] "GET /api/dm/project?interaction=timer&include=task_count%2Ctask_number%2Cannotation_count%2Cnum_tasks_with_annotations%2Cqueue_total&project=2 HTTP/1.1" 200 1495
[2026-04-21 18:08:05,545] [django.server::log_message::213] [INFO] "GET /api/dm/project?interaction=timer&include=task_count%2Ctask_number%2Cannotation_count%2Cnum_tasks_with_annotations%2Cqueue_total&project=2 HTTP/1.1" 200 1495
[2026-04-21 18:08:05,545] [django.server::log_message::213] [INFO] "GET /api/dm/project?interaction=timer&include=task_count%2Ctask_number%2Cannotation_count%2Cnum_tasks_with_annotations%2Cqueue_total&project=2 HTTP/1.1" 200 1495
[2026-04-21 18:08:26,331] [django.server::log_message::213] [INFO] "GET /api/dm/project?interaction=timer&include=task_count%2Ctask_number%2Cannotation_count%2Cnum_tasks_with_annotations%2Cqueue_total&project=2 HTTP/1.1" 200 1495
[2026-04-21 18:08:26,331] [django.server::log_message::213] [INFO] "GET /api/dm/project?interaction=timer&include=task_count%2Ctask_number%2Cannotation_count%2Cnum_tasks_with_annotations%2Cqueue_total&project=2 HTTP/1.1" 200 1495
[2026-04-21 18:08:47,069] [django.server::log_message::213] [INFO] "GET /api/dm/project?interaction=timer&include=task_count%2Ctask_number%2Cannotation_count%2Cnum_tasks_with_annotations%2Cqueue_total&project=2 HTTP/1.1" 200 1495
[2026-04-21 18:08:47,069] [django.server::log_message::213] [INFO] "GET /api/dm/project?interaction=timer&include=task_count%2Ctask_number%2Cannotation_count%2Cnum_tasks_with_annotations%2Cqueue_total&project=2 HTTP/1.1" 200 1495
[2026-04-21 18:09:06,157] [django.server::log_message::213] [INFO] "GET /api/dm/project?interaction=timer&include=task_count%2Ctask_number%2Cannotation_count%2Cnum_tasks_with_annotations%2Cqueue_total&project=2 HTTP/1.1" 200 1495
[2026-04-21 18:09:06,157] [django.server::log_message::213] [INFO] "GET /api/dm/project?interaction=timer&include=task_count%2Ctask_number%2Cannotation_count%2Cnum_tasks_with_annotations%2Cqueue_total&project=2 HTTP/1.1" 200 1495
[2026-04-21 18:09:26,853] [django.server::log_message::213] [INFO] "GET /api/dm/project?interaction=timer&include=task_count%2Ctask_number%2Cannotation_count%2Cnum_tasks_with_annotations%2Cqueue_total&project=2 HTTP/1.1" 200 1495
[2026-04-21 18:09:26,853] [django.server::log_message::213] [INFO] "GET /api/dm/project?interaction=timer&include=task_count%2Ctask_number%2Cannotation_count%2Cnum_tasks_with_annotations%2Cqueue_total&project=2 HTTP/1.1" 200 1495
[2026-04-21 18:09:47,568] [django.server::log_message::213] [INFO] "GET /api/dm/project?interaction=timer&include=task_count%2Ctask_number%2Cannotation_count%2Cnum_tasks_with_annotations%2Cqueue_total&project=2 HTTP/1.1" 200 1495
[2026-04-21 18:09:47,568] [django.server::log_message::213] [INFO] "GET /api/dm/project?interaction=timer&include=task_count%2Ctask_number%2Cannotation_count%2Cnum_tasks_with_annotations%2Cqueue_total&project=2 HTTP/1.1" 200 1495
[2026-04-21 18:10:06,687] [django.server::log_message::213] [INFO] "GET /api/dm/project?interaction=timer&include=task_count%2Ctask_number%2Cannotation_count%2Cnum_tasks_with_annotations%2Cqueue_total&project=2 HTTP/1.1" 200 1495
[2026-04-21 18:10:06,687] [django.server::log_message::213] [INFO] "GET /api/dm/project?interaction=timer&include=task_count%2Ctask_number%2Cannotation_count%2Cnum_tasks_with_annotations%2Cqueue_total&project=2 HTTP/1.1" 200 1495
[2026-04-21 18:10:27,414] [django.server::log_message::213] [INFO] "GET /api/dm/project?interaction=timer&include=task_count%2Ctask_number%2Cannotation_count%2Cnum_tasks_with_annotations%2Cqueue_total&project=2 HTTP/1.1" 200 1495
[2026-04-21 18:10:27,414] [django.server::log_message::213] [INFO] "GET /api/dm/project?interaction=timer&include=task_count%2Ctask_number%2Cannotation_count%2Cnum_tasks_with_annotations%2Cqueue_total&project=2 HTTP/1.1" 200 1495
[2026-04-21 18:10:48,164] [django.server::log_message::213] [INFO] "GET /api/dm/project?interaction=timer&include=task_count%2Ctask_number%2Cannotation_count%2Cnum_tasks_with_annotations%2Cqueue_total&project=2 HTTP/1.1" 200 1495
[2026-04-21 18:10:48,164] [django.server::log_message::213] [INFO] "GET /api/dm/project?interaction=timer&include=task_count%2Ctask_number%2Cannotation_count%2Cnum_tasks_with_annotations%2Cqueue_total&project=2 HTTP/1.1" 200 1495
[2026-04-21 18:11:07,220] [django.server::log_message::213] [INFO] "GET /api/dm/project?interaction=timer&include=task_count%2Ctask_number%2Cannotation_count%2Cnum_tasks_with_annotations%2Cqueue_total&project=2 HTTP/1.1" 200 1495
[2026-04-21 18:11:07,220] [django.server::log_message::213] [INFO] "GET /api/dm/project?interaction=timer&include=task_count%2Ctask_number%2Cannotation_count%2Cnum_tasks_with_annotations%2Cqueue_total&project=2 HTTP/1.1" 200 1495
[2026-04-21 18:11:28,029] [django.server::log_message::213] [INFO] "GET /api/dm/project?interaction=timer&include=task_count%2Ctask_number%2Cannotation_count%2Cnum_tasks_with_annotations%2Cqueue_total&project=2 HTTP/1.1" 200 1495
[2026-04-21 18:11:28,029] [django.server::log_message::213] [INFO] "GET /api/dm/project?interaction=timer&include=task_count%2Ctask_number%2Cannotation_count%2Cnum_tasks_with_annotations%2Cqueue_total&project=2 HTTP/1.1" 200 1495
[2026-04-21 18:11:47,169] [django.server::log_message::213] [INFO] "GET /api/dm/project?interaction=timer&include=task_count%2Ctask_number%2Cannotation_count%2Cnum_tasks_with_annotations%2Cqueue_total&project=2 HTTP/1.1" 200 1495
[2026-04-21 18:11:47,169] [django.server::log_message::213] [INFO] "GET /api/dm/project?interaction=timer&include=task_count%2Ctask_number%2Cannotation_count%2Cnum_tasks_with_annotations%2Cqueue_total&project=2 HTTP/1.1" 200 1495
[2026-04-21 18:12:07,889] [django.server::log_message::213] [INFO] "GET /api/dm/project?interaction=timer&include=task_count%2Ctask_number%2Cannotation_count%2Cnum_tasks_with_annotations%2Cqueue_total&project=2 HTTP/1.1" 200 1495
[2026-04-21 18:12:07,889] [django.server::log_message::213] [INFO] "GET /api/dm/project?interaction=timer&include=task_count%2Ctask_number%2Cannotation_count%2Cnum_tasks_with_annotations%2Cqueue_total&project=2 HTTP/1.1" 200 1495
[2026-04-21 18:12:28,728] [django.server::log_message::213] [INFO] "GET /api/dm/project?interaction=timer&include=task_count%2Ctask_number%2Cannotation_count%2Cnum_tasks_with_annotations%2Cqueue_total&project=2 HTTP/1.1" 200 1495
[2026-04-21 18:12:28,728] [django.server::log_message::213] [INFO] "GET /api/dm/project?interaction=timer&include=task_count%2Ctask_number%2Cannotation_count%2Cnum_tasks_with_annotations%2Cqueue_total&project=2 HTTP/1.1" 200 1495
[2026-04-21 18:12:48,010] [django.server::log_message::213] [INFO] "GET /api/dm/project?interaction=timer&include=task_count%2Ctask_number%2Cannotation_count%2Cnum_tasks_with_annotations%2Cqueue_total&project=2 HTTP/1.1" 200 1495
[2026-04-21 18:12:48,010] [django.server::log_message::213] [INFO] "GET /api/dm/project?interaction=timer&include=task_count%2Ctask_number%2Cannotation_count%2Cnum_tasks_with_annotations%2Cqueue_total&project=2 HTTP/1.1" 200 1495
[2026-04-21 18:13:08,753] [django.server::log_message::213] [INFO] "GET /api/dm/project?interaction=timer&include=task_count%2Ctask_number%2Cannotation_count%2Cnum_tasks_with_annotations%2Cqueue_total&project=2 HTTP/1.1" 200 1495
[2026-04-21 18:13:08,753] [django.server::log_message::213] [INFO] "GET /api/dm/project?interaction=timer&include=task_count%2Ctask_number%2Cannotation_count%2Cnum_tasks_with_annotations%2Cqueue_total&project=2 HTTP/1.1" 200 1495
[2026-04-21 18:13:29,643] [django.server::log_message::213] [INFO] "GET /api/dm/project?interaction=timer&include=task_count%2Ctask_number%2Cannotation_count%2Cnum_tasks_with_annotations%2Cqueue_total&project=2 HTTP/1.1" 200 1495
[2026-04-21 18:13:29,643] [django.server::log_message::213] [INFO] "GET /api/dm/project?interaction=timer&include=task_count%2Ctask_number%2Cannotation_count%2Cnum_tasks_with_annotations%2Cqueue_total&project=2 HTTP/1.1" 200 1495
[2026-04-21 18:13:48,594] [django.server::log_message::213] [INFO] "GET /api/dm/project?interaction=timer&include=task_count%2Ctask_number%2Cannotation_count%2Cnum_tasks_with_annotations%2Cqueue_total&project=2 HTTP/1.1" 200 1495
[2026-04-21 18:13:48,594] [django.server::log_message::213] [INFO] "GET /api/dm/project?interaction=timer&include=task_count%2Ctask_number%2Cannotation_count%2Cnum_tasks_with_annotations%2Cqueue_total&project=2 HTTP/1.1" 200 1495
[2026-04-21 18:14:09,412] [django.server::log_message::213] [INFO] "GET /api/dm/project?interaction=timer&include=task_count%2Ctask_number%2Cannotation_count%2Cnum_tasks_with_annotations%2Cqueue_total&project=2 HTTP/1.1" 200 1495
[2026-04-21 18:14:09,412] [django.server::log_message::213] [INFO] "GET /api/dm/project?interaction=timer&include=task_count%2Ctask_number%2Cannotation_count%2Cnum_tasks_with_annotations%2Cqueue_total&project=2 HTTP/1.1" 200 1495
[2026-04-21 18:14:30,186] [django.server::log_message::213] [INFO] "GET /api/dm/project?interaction=timer&include=task_count%2Ctask_number%2Cannotation_count%2Cnum_tasks_with_annotations%2Cqueue_total&project=2 HTTP/1.1" 200 1495
[2026-04-21 18:14:30,186] [django.server::log_message::213] [INFO] "GET /api/dm/project?interaction=timer&include=task_count%2Ctask_number%2Cannotation_count%2Cnum_tasks_with_annotations%2Cqueue_total&project=2 HTTP/1.1" 200 1495
[2026-04-21 18:14:49,331] [django.server::log_message::213] [INFO] "GET /api/dm/project?interaction=timer&include=task_count%2Ctask_number%2Cannotation_count%2Cnum_tasks_with_annotations%2Cqueue_total&project=2 HTTP/1.1" 200 1495
[2026-04-21 18:14:49,331] [django.server::log_message::213] [INFO] "GET /api/dm/project?interaction=timer&include=task_count%2Ctask_number%2Cannotation_count%2Cnum_tasks_with_annotations%2Cqueue_total&project=2 HTTP/1.1" 200 1495
[2026-04-21 18:15:10,161] [django.server::log_message::213] [INFO] "GET /api/dm/project?interaction=timer&include=task_count%2Ctask_number%2Cannotation_count%2Cnum_tasks_with_annotations%2Cqueue_total&project=2 HTTP/1.1" 200 1495
[2026-04-21 18:15:10,161] [django.server::log_message::213] [INFO] "GET /api/dm/project?interaction=timer&include=task_count%2Ctask_number%2Cannotation_count%2Cnum_tasks_with_annotations%2Cqueue_total&project=2 HTTP/1.1" 200 1495
[2026-04-21 18:15:29,279] [django.server::log_message::213] [INFO] "GET /api/dm/project?interaction=timer&include=task_count%2Ctask_number%2Cannotation_count%2Cnum_tasks_with_annotations%2Cqueue_total&project=2 HTTP/1.1" 200 1495
[2026-04-21 18:15:29,279] [django.server::log_message::213] [INFO] "GET /api/dm/project?interaction=timer&include=task_count%2Ctask_number%2Cannotation_count%2Cnum_tasks_with_annotations%2Cqueue_total&project=2 HTTP/1.1" 200 1495
[2026-04-21 18:15:50,014] [django.server::log_message::213] [INFO] "GET /api/dm/project?interaction=timer&include=task_count%2Ctask_number%2Cannotation_count%2Cnum_tasks_with_annotations%2Cqueue_total&project=2 HTTP/1.1" 200 1495
[2026-04-21 18:15:50,014] [django.server::log_message::213] [INFO] "GET /api/dm/project?interaction=timer&include=task_count%2Ctask_number%2Cannotation_count%2Cnum_tasks_with_annotations%2Cqueue_total&project=2 HTTP/1.1" 200 1495
[2026-04-21 18:16:10,834] [django.server::log_message::213] [INFO] "GET /api/dm/project?interaction=timer&include=task_count%2Ctask_number%2Cannotation_count%2Cnum_tasks_with_annotations%2Cqueue_total&project=2 HTTP/1.1" 200 1495
[2026-04-21 18:16:10,834] [django.server::log_message::213] [INFO] "GET /api/dm/project?interaction=timer&include=task_count%2Ctask_number%2Cannotation_count%2Cnum_tasks_with_annotations%2Cqueue_total&project=2 HTTP/1.1" 200 1495
[2026-04-21 18:16:29,908] [django.server::log_message::213] [INFO] "GET /api/dm/project?interaction=timer&include=task_count%2Ctask_number%2Cannotation_count%2Cnum_tasks_with_annotations%2Cqueue_total&project=2 HTTP/1.1" 200 1495
[2026-04-21 18:16:29,908] [django.server::log_message::213] [INFO] "GET /api/dm/project?interaction=timer&include=task_count%2Ctask_number%2Cannotation_count%2Cnum_tasks_with_annotations%2Cqueue_total&project=2 HTTP/1.1" 200 1495
[2026-04-21 18:16:50,596] [django.server::log_message::213] [INFO] "GET /api/dm/project?interaction=timer&include=task_count%2Ctask_number%2Cannotation_count%2Cnum_tasks_with_annotations%2Cqueue_total&project=2 HTTP/1.1" 200 1495
[2026-04-21 18:16:50,596] [django.server::log_message::213] [INFO] "GET /api/dm/project?interaction=timer&include=task_count%2Ctask_number%2Cannotation_count%2Cnum_tasks_with_annotations%2Cqueue_total&project=2 HTTP/1.1" 200 1495
[2026-04-21 18:17:11,361] [django.server::log_message::213] [INFO] "GET /api/dm/project?interaction=timer&include=task_count%2Ctask_number%2Cannotation_count%2Cnum_tasks_with_annotations%2Cqueue_total&project=2 HTTP/1.1" 200 1495
[2026-04-21 18:17:11,361] [django.server::log_message::213] [INFO] "GET /api/dm/project?interaction=timer&include=task_count%2Ctask_number%2Cannotation_count%2Cnum_tasks_with_annotations%2Cqueue_total&project=2 HTTP/1.1" 200 1495
[2026-04-21 18:17:30,381] [django.server::log_message::213] [INFO] "GET /api/dm/project?interaction=timer&include=task_count%2Ctask_number%2Cannotation_count%2Cnum_tasks_with_annotations%2Cqueue_total&project=2 HTTP/1.1" 200 1495
[2026-04-21 18:17:30,381] [django.server::log_message::213] [INFO] "GET /api/dm/project?interaction=timer&include=task_count%2Ctask_number%2Cannotation_count%2Cnum_tasks_with_annotations%2Cqueue_total&project=2 HTTP/1.1" 200 1495
[2026-04-21 18:17:51,120] [django.server::log_message::213] [INFO] "GET /api/dm/project?interaction=timer&include=task_count%2Ctask_number%2Cannotation_count%2Cnum_tasks_with_annotations%2Cqueue_total&project=2 HTTP/1.1" 200 1495
[2026-04-21 18:17:51,120] [django.server::log_message::213] [INFO] "GET /api/dm/project?interaction=timer&include=task_count%2Ctask_number%2Cannotation_count%2Cnum_tasks_with_annotations%2Cqueue_total&project=2 HTTP/1.1" 200 1495
[2026-04-21 18:18:11,855] [django.server::log_message::213] [INFO] "GET /api/dm/project?interaction=timer&include=task_count%2Ctask_number%2Cannotation_count%2Cnum_tasks_with_annotations%2Cqueue_total&project=2 HTTP/1.1" 200 1495
[2026-04-21 18:18:11,855] [django.server::log_message::213] [INFO] "GET /api/dm/project?interaction=timer&include=task_count%2Ctask_number%2Cannotation_count%2Cnum_tasks_with_annotations%2Cqueue_total&project=2 HTTP/1.1" 200 1495
[2026-04-21 18:18:30,906] [django.server::log_message::213] [INFO] "GET /api/dm/project?interaction=timer&include=task_count%2Ctask_number%2Cannotation_count%2Cnum_tasks_with_annotations%2Cqueue_total&project=2 HTTP/1.1" 200 1495
[2026-04-21 18:18:30,906] [django.server::log_message::213] [INFO] "GET /api/dm/project?interaction=timer&include=task_count%2Ctask_number%2Cannotation_count%2Cnum_tasks_with_annotations%2Cqueue_total&project=2 HTTP/1.1" 200 1495
[2026-04-21 18:18:51,626] [django.server::log_message::213] [INFO] "GET /api/dm/project?interaction=timer&include=task_count%2Ctask_number%2Cannotation_count%2Cnum_tasks_with_annotations%2Cqueue_total&project=2 HTTP/1.1" 200 1495
[2026-04-21 18:18:51,626] [django.server::log_message::213] [INFO] "GET /api/dm/project?interaction=timer&include=task_count%2Ctask_number%2Cannotation_count%2Cnum_tasks_with_annotations%2Cqueue_total&project=2 HTTP/1.1" 200 1495
[2026-04-21 18:19:10,699] [django.server::log_message::213] [INFO] "GET /api/dm/project?interaction=timer&include=task_count%2Ctask_number%2Cannotation_count%2Cnum_tasks_with_annotations%2Cqueue_total&project=2 HTTP/1.1" 200 1495
[2026-04-21 18:19:10,699] [django.server::log_message::213] [INFO] "GET /api/dm/project?interaction=timer&include=task_count%2Ctask_number%2Cannotation_count%2Cnum_tasks_with_annotations%2Cqueue_total&project=2 HTTP/1.1" 200 1495
[2026-04-21 18:19:31,424] [django.server::log_message::213] [INFO] "GET /api/dm/project?interaction=timer&include=task_count%2Ctask_number%2Cannotation_count%2Cnum_tasks_with_annotations%2Cqueue_total&project=2 HTTP/1.1" 200 1495
[2026-04-21 18:19:31,424] [django.server::log_message::213] [INFO] "GET /api/dm/project?interaction=timer&include=task_count%2Ctask_number%2Cannotation_count%2Cnum_tasks_with_annotations%2Cqueue_total&project=2 HTTP/1.1" 200 1495
[2026-04-21 18:19:52,196] [django.server::log_message::213] [INFO] "GET /api/dm/project?interaction=timer&include=task_count%2Ctask_number%2Cannotation_count%2Cnum_tasks_with_annotations%2Cqueue_total&project=2 HTTP/1.1" 200 1495
[2026-04-21 18:19:52,196] [django.server::log_message::213] [INFO] "GET /api/dm/project?interaction=timer&include=task_count%2Ctask_number%2Cannotation_count%2Cnum_tasks_with_annotations%2Cqueue_total&project=2 HTTP/1.1" 200 1495
[2026-04-21 18:20:11,192] [django.server::log_message::213] [INFO] "GET /api/dm/project?interaction=timer&include=task_count%2Ctask_number%2Cannotation_count%2Cnum_tasks_with_annotations%2Cqueue_total&project=2 HTTP/1.1" 200 1495
[2026-04-21 18:20:11,192] [django.server::log_message::213] [INFO] "GET /api/dm/project?interaction=timer&include=task_count%2Ctask_number%2Cannotation_count%2Cnum_tasks_with_annotations%2Cqueue_total&project=2 HTTP/1.1" 200 1495
[2026-04-21 18:20:31,956] [django.server::log_message::213] [INFO] "GET /api/dm/project?interaction=timer&include=task_count%2Ctask_number%2Cannotation_count%2Cnum_tasks_with_annotations%2Cqueue_total&project=2 HTTP/1.1" 200 1495
[2026-04-21 18:20:31,956] [django.server::log_message::213] [INFO] "GET /api/dm/project?interaction=timer&include=task_count%2Ctask_number%2Cannotation_count%2Cnum_tasks_with_annotations%2Cqueue_total&project=2 HTTP/1.1" 200 1495
[2026-04-21 18:20:52,756] [django.server::log_message::213] [INFO] "GET /api/dm/project?interaction=timer&include=task_count%2Ctask_number%2Cannotation_count%2Cnum_tasks_with_annotations%2Cqueue_total&project=2 HTTP/1.1" 200 1495
[2026-04-21 18:20:52,756] [django.server::log_message::213] [INFO] "GET /api/dm/project?interaction=timer&include=task_count%2Ctask_number%2Cannotation_count%2Cnum_tasks_with_annotations%2Cqueue_total&project=2 HTTP/1.1" 200 1495
[2026-04-21 18:21:11,836] [django.server::log_message::213] [INFO] "GET /api/dm/project?interaction=timer&include=task_count%2Ctask_number%2Cannotation_count%2Cnum_tasks_with_annotations%2Cqueue_total&project=2 HTTP/1.1" 200 1495
[2026-04-21 18:21:11,836] [django.server::log_message::213] [INFO] "GET /api/dm/project?interaction=timer&include=task_count%2Ctask_number%2Cannotation_count%2Cnum_tasks_with_annotations%2Cqueue_total&project=2 HTTP/1.1" 200 1495
[2026-04-21 18:21:32,565] [django.server::log_message::213] [INFO] "GET /api/dm/project?interaction=timer&include=task_count%2Ctask_number%2Cannotation_count%2Cnum_tasks_with_annotations%2Cqueue_total&project=2 HTTP/1.1" 200 1495
[2026-04-21 18:21:32,565] [django.server::log_message::213] [INFO] "GET /api/dm/project?interaction=timer&include=task_count%2Ctask_number%2Cannotation_count%2Cnum_tasks_with_annotations%2Cqueue_total&project=2 HTTP/1.1" 200 1495
[2026-04-21 18:21:53,310] [django.server::log_message::213] [INFO] "GET /api/dm/project?interaction=timer&include=task_count%2Ctask_number%2Cannotation_count%2Cnum_tasks_with_annotations%2Cqueue_total&project=2 HTTP/1.1" 200 1495
[2026-04-21 18:21:53,310] [django.server::log_message::213] [INFO] "GET /api/dm/project?interaction=timer&include=task_count%2Ctask_number%2Cannotation_count%2Cnum_tasks_with_annotations%2Cqueue_total&project=2 HTTP/1.1" 200 1495
[2026-04-21 18:22:12,350] [django.server::log_message::213] [INFO] "GET /api/dm/project?interaction=timer&include=task_count%2Ctask_number%2Cannotation_count%2Cnum_tasks_with_annotations%2Cqueue_total&project=2 HTTP/1.1" 200 1495
[2026-04-21 18:22:12,350] [django.server::log_message::213] [INFO] "GET /api/dm/project?interaction=timer&include=task_count%2Ctask_number%2Cannotation_count%2Cnum_tasks_with_annotations%2Cqueue_total&project=2 HTTP/1.1" 200 1495
[2026-04-21 18:22:33,160] [django.server::log_message::213] [INFO] "GET /api/dm/project?interaction=timer&include=task_count%2Ctask_number%2Cannotation_count%2Cnum_tasks_with_annotations%2Cqueue_total&project=2 HTTP/1.1" 200 1495
[2026-04-21 18:22:33,160] [django.server::log_message::213] [INFO] "GET /api/dm/project?interaction=timer&include=task_count%2Ctask_number%2Cannotation_count%2Cnum_tasks_with_annotations%2Cqueue_total&project=2 HTTP/1.1" 200 1495
[2026-04-21 18:22:52,249] [django.server::log_message::213] [INFO] "GET /api/dm/project?interaction=timer&include=task_count%2Ctask_number%2Cannotation_count%2Cnum_tasks_with_annotations%2Cqueue_total&project=2 HTTP/1.1" 200 1495
[2026-04-21 18:22:52,249] [django.server::log_message::213] [INFO] "GET /api/dm/project?interaction=timer&include=task_count%2Ctask_number%2Cannotation_count%2Cnum_tasks_with_annotations%2Cqueue_total&project=2 HTTP/1.1" 200 1495
[2026-04-21 18:23:12,967] [django.server::log_message::213] [INFO] "GET /api/dm/project?interaction=timer&include=task_count%2Ctask_number%2Cannotation_count%2Cnum_tasks_with_annotations%2Cqueue_total&project=2 HTTP/1.1" 200 1495
[2026-04-21 18:23:12,967] [django.server::log_message::213] [INFO] "GET /api/dm/project?interaction=timer&include=task_count%2Ctask_number%2Cannotation_count%2Cnum_tasks_with_annotations%2Cqueue_total&project=2 HTTP/1.1" 200 1495
[2026-04-21 18:23:33,704] [django.server::log_message::213] [INFO] "GET /api/dm/project?interaction=timer&include=task_count%2Ctask_number%2Cannotation_count%2Cnum_tasks_with_annotations%2Cqueue_total&project=2 HTTP/1.1" 200 1495
[2026-04-21 18:23:33,704] [django.server::log_message::213] [INFO] "GET /api/dm/project?interaction=timer&include=task_count%2Ctask_number%2Cannotation_count%2Cnum_tasks_with_annotations%2Cqueue_total&project=2 HTTP/1.1" 200 1495
[2026-04-21 18:23:52,812] [django.server::log_message::213] [INFO] "GET /api/dm/project?interaction=timer&include=task_count%2Ctask_number%2Cannotation_count%2Cnum_tasks_with_annotations%2Cqueue_total&project=2 HTTP/1.1" 200 1495
[2026-04-21 18:23:52,812] [django.server::log_message::213] [INFO] "GET /api/dm/project?interaction=timer&include=task_count%2Ctask_number%2Cannotation_count%2Cnum_tasks_with_annotations%2Cqueue_total&project=2 HTTP/1.1" 200 1495
[2026-04-21 18:24:13,570] [django.server::log_message::213] [INFO] "GET /api/dm/project?interaction=timer&include=task_count%2Ctask_number%2Cannotation_count%2Cnum_tasks_with_annotations%2Cqueue_total&project=2 HTTP/1.1" 200 1495
[2026-04-21 18:24:13,570] [django.server::log_message::213] [INFO] "GET /api/dm/project?interaction=timer&include=task_count%2Ctask_number%2Cannotation_count%2Cnum_tasks_with_annotations%2Cqueue_total&project=2 HTTP/1.1" 200 1495
[2026-04-21 18:24:34,309] [django.server::log_message::213] [INFO] "GET /api/dm/project?interaction=timer&include=task_count%2Ctask_number%2Cannotation_count%2Cnum_tasks_with_annotations%2Cqueue_total&project=2 HTTP/1.1" 200 1495
[2026-04-21 18:24:34,309] [django.server::log_message::213] [INFO] "GET /api/dm/project?interaction=timer&include=task_count%2Ctask_number%2Cannotation_count%2Cnum_tasks_with_annotations%2Cqueue_total&project=2 HTTP/1.1" 200 1495
[2026-04-21 18:24:53,392] [django.server::log_message::213] [INFO] "GET /api/dm/project?interaction=timer&include=task_count%2Ctask_number%2Cannotation_count%2Cnum_tasks_with_annotations%2Cqueue_total&project=2 HTTP/1.1" 200 1495
[2026-04-21 18:24:53,392] [django.server::log_message::213] [INFO] "GET /api/dm/project?interaction=timer&include=task_count%2Ctask_number%2Cannotation_count%2Cnum_tasks_with_annotations%2Cqueue_total&project=2 HTTP/1.1" 200 1495
[2026-04-21 18:25:14,223] [django.server::log_message::213] [INFO] "GET /api/dm/project?interaction=timer&include=task_count%2Ctask_number%2Cannotation_count%2Cnum_tasks_with_annotations%2Cqueue_total&project=2 HTTP/1.1" 200 1495
[2026-04-21 18:25:14,223] [django.server::log_message::213] [INFO] "GET /api/dm/project?interaction=timer&include=task_count%2Ctask_number%2Cannotation_count%2Cnum_tasks_with_annotations%2Cqueue_total&project=2 HTTP/1.1" 200 1495
[2026-04-21 18:25:34,977] [django.server::log_message::213] [INFO] "GET /api/dm/project?interaction=timer&include=task_count%2Ctask_number%2Cannotation_count%2Cnum_tasks_with_annotations%2Cqueue_total&project=2 HTTP/1.1" 200 1495
[2026-04-21 18:25:34,977] [django.server::log_message::213] [INFO] "GET /api/dm/project?interaction=timer&include=task_count%2Ctask_number%2Cannotation_count%2Cnum_tasks_with_annotations%2Cqueue_total&project=2 HTTP/1.1" 200 1495
[2026-04-21 18:25:54,023] [django.server::log_message::213] [INFO] "GET /api/dm/project?interaction=timer&include=task_count%2Ctask_number%2Cannotation_count%2Cnum_tasks_with_annotations%2Cqueue_total&project=2 HTTP/1.1" 200 1495
[2026-04-21 18:25:54,023] [django.server::log_message::213] [INFO] "GET /api/dm/project?interaction=timer&include=task_count%2Ctask_number%2Cannotation_count%2Cnum_tasks_with_annotations%2Cqueue_total&project=2 HTTP/1.1" 200 1495
[2026-04-21 18:26:14,834] [django.server::log_message::213] [INFO] "GET /api/dm/project?interaction=timer&include=task_count%2Ctask_number%2Cannotation_count%2Cnum_tasks_with_annotations%2Cqueue_total&project=2 HTTP/1.1" 200 1495
[2026-04-21 18:26:14,834] [django.server::log_message::213] [INFO] "GET /api/dm/project?interaction=timer&include=task_count%2Ctask_number%2Cannotation_count%2Cnum_tasks_with_annotations%2Cqueue_total&project=2 HTTP/1.1" 200 1495
[2026-04-21 18:26:33,868] [django.server::log_message::213] [INFO] "GET /api/dm/project?interaction=timer&include=task_count%2Ctask_number%2Cannotation_count%2Cnum_tasks_with_annotations%2Cqueue_total&project=2 HTTP/1.1" 200 1495
[2026-04-21 18:26:33,868] [django.server::log_message::213] [INFO] "GET /api/dm/project?interaction=timer&include=task_count%2Ctask_number%2Cannotation_count%2Cnum_tasks_with_annotations%2Cqueue_total&project=2 HTTP/1.1" 200 1495
[2026-04-21 18:26:54,712] [django.server::log_message::213] [INFO] "GET /api/dm/project?interaction=timer&include=task_count%2Ctask_number%2Cannotation_count%2Cnum_tasks_with_annotations%2Cqueue_total&project=2 HTTP/1.1" 200 1495
[2026-04-21 18:26:54,712] [django.server::log_message::213] [INFO] "GET /api/dm/project?interaction=timer&include=task_count%2Ctask_number%2Cannotation_count%2Cnum_tasks_with_annotations%2Cqueue_total&project=2 HTTP/1.1" 200 1495
[2026-04-21 18:27:15,447] [django.server::log_message::213] [INFO] "GET /api/dm/project?interaction=timer&include=task_count%2Ctask_number%2Cannotation_count%2Cnum_tasks_with_annotations%2Cqueue_total&project=2 HTTP/1.1" 200 1495
[2026-04-21 18:27:15,447] [django.server::log_message::213] [INFO] "GET /api/dm/project?interaction=timer&include=task_count%2Ctask_number%2Cannotation_count%2Cnum_tasks_with_annotations%2Cqueue_total&project=2 HTTP/1.1" 200 1495
[2026-04-21 18:27:34,518] [django.server::log_message::213] [INFO] "GET /api/dm/project?interaction=timer&include=task_count%2Ctask_number%2Cannotation_count%2Cnum_tasks_with_annotations%2Cqueue_total&project=2 HTTP/1.1" 200 1495
[2026-04-21 18:27:34,518] [django.server::log_message::213] [INFO] "GET /api/dm/project?interaction=timer&include=task_count%2Ctask_number%2Cannotation_count%2Cnum_tasks_with_annotations%2Cqueue_total&project=2 HTTP/1.1" 200 1495
[2026-04-21 18:27:55,230] [django.server::log_message::213] [INFO] "GET /api/dm/project?interaction=timer&include=task_count%2Ctask_number%2Cannotation_count%2Cnum_tasks_with_annotations%2Cqueue_total&project=2 HTTP/1.1" 200 1495
[2026-04-21 18:27:55,230] [django.server::log_message::213] [INFO] "GET /api/dm/project?interaction=timer&include=task_count%2Ctask_number%2Cannotation_count%2Cnum_tasks_with_annotations%2Cqueue_total&project=2 HTTP/1.1" 200 1495
[2026-04-21 18:28:15,962] [django.server::log_message::213] [INFO] "GET /api/dm/project?interaction=timer&include=task_count%2Ctask_number%2Cannotation_count%2Cnum_tasks_with_annotations%2Cqueue_total&project=2 HTTP/1.1" 200 1495
[2026-04-21 18:28:15,962] [django.server::log_message::213] [INFO] "GET /api/dm/project?interaction=timer&include=task_count%2Ctask_number%2Cannotation_count%2Cnum_tasks_with_annotations%2Cqueue_total&project=2 HTTP/1.1" 200 1495
[2026-04-21 18:28:35,037] [django.server::log_message::213] [INFO] "GET /api/dm/project?interaction=timer&include=task_count%2Ctask_number%2Cannotation_count%2Cnum_tasks_with_annotations%2Cqueue_total&project=2 HTTP/1.1" 200 1495
[2026-04-21 18:28:35,037] [django.server::log_message::213] [INFO] "GET /api/dm/project?interaction=timer&include=task_count%2Ctask_number%2Cannotation_count%2Cnum_tasks_with_annotations%2Cqueue_total&project=2 HTTP/1.1" 200 1495
[2026-04-21 18:28:55,852] [django.server::log_message::213] [INFO] "GET /api/dm/project?interaction=timer&include=task_count%2Ctask_number%2Cannotation_count%2Cnum_tasks_with_annotations%2Cqueue_total&project=2 HTTP/1.1" 200 1495
[2026-04-21 18:28:55,852] [django.server::log_message::213] [INFO] "GET /api/dm/project?interaction=timer&include=task_count%2Ctask_number%2Cannotation_count%2Cnum_tasks_with_annotations%2Cqueue_total&project=2 HTTP/1.1" 200 1495
[2026-04-21 18:29:16,597] [django.server::log_message::213] [INFO] "GET /api/dm/project?interaction=timer&include=task_count%2Ctask_number%2Cannotation_count%2Cnum_tasks_with_annotations%2Cqueue_total&project=2 HTTP/1.1" 200 1495
[2026-04-21 18:29:16,597] [django.server::log_message::213] [INFO] "GET /api/dm/project?interaction=timer&include=task_count%2Ctask_number%2Cannotation_count%2Cnum_tasks_with_annotations%2Cqueue_total&project=2 HTTP/1.1" 200 1495
[2026-04-21 18:29:35,681] [django.server::log_message::213] [INFO] "GET /api/dm/project?interaction=timer&include=task_count%2Ctask_number%2Cannotation_count%2Cnum_tasks_with_annotations%2Cqueue_total&project=2 HTTP/1.1" 200 1495
[2026-04-21 18:29:35,681] [django.server::log_message::213] [INFO] "GET /api/dm/project?interaction=timer&include=task_count%2Ctask_number%2Cannotation_count%2Cnum_tasks_with_annotations%2Cqueue_total&project=2 HTTP/1.1" 200 1495
[2026-04-21 18:29:56,445] [django.server::log_message::213] [INFO] "GET /api/dm/project?interaction=timer&include=task_count%2Ctask_number%2Cannotation_count%2Cnum_tasks_with_annotations%2Cqueue_total&project=2 HTTP/1.1" 200 1495
[2026-04-21 18:29:56,445] [django.server::log_message::213] [INFO] "GET /api/dm/project?interaction=timer&include=task_count%2Ctask_number%2Cannotation_count%2Cnum_tasks_with_annotations%2Cqueue_total&project=2 HTTP/1.1" 200 1495
[2026-04-21 18:30:15,603] [django.server::log_message::213] [INFO] "GET /api/dm/project?interaction=timer&include=task_count%2Ctask_number%2Cannotation_count%2Cnum_tasks_with_annotations%2Cqueue_total&project=2 HTTP/1.1" 200 1495
[2026-04-21 18:30:15,603] [django.server::log_message::213] [INFO] "GET /api/dm/project?interaction=timer&include=task_count%2Ctask_number%2Cannotation_count%2Cnum_tasks_with_annotations%2Cqueue_total&project=2 HTTP/1.1" 200 1495
[2026-04-21 18:30:36,340] [django.server::log_message::213] [INFO] "GET /api/dm/project?interaction=timer&include=task_count%2Ctask_number%2Cannotation_count%2Cnum_tasks_with_annotations%2Cqueue_total&project=2 HTTP/1.1" 200 1495
[2026-04-21 18:30:36,340] [django.server::log_message::213] [INFO] "GET /api/dm/project?interaction=timer&include=task_count%2Ctask_number%2Cannotation_count%2Cnum_tasks_with_annotations%2Cqueue_total&project=2 HTTP/1.1" 200 1495
[2026-04-21 18:30:57,090] [django.server::log_message::213] [INFO] "GET /api/dm/project?interaction=timer&include=task_count%2Ctask_number%2Cannotation_count%2Cnum_tasks_with_annotations%2Cqueue_total&project=2 HTTP/1.1" 200 1495
[2026-04-21 18:30:57,090] [django.server::log_message::213] [INFO] "GET /api/dm/project?interaction=timer&include=task_count%2Ctask_number%2Cannotation_count%2Cnum_tasks_with_annotations%2Cqueue_total&project=2 HTTP/1.1" 200 1495
[2026-04-21 18:31:16,172] [django.server::log_message::213] [INFO] "GET /api/dm/project?interaction=timer&include=task_count%2Ctask_number%2Cannotation_count%2Cnum_tasks_with_annotations%2Cqueue_total&project=2 HTTP/1.1" 200 1495
[2026-04-21 18:31:16,172] [django.server::log_message::213] [INFO] "GET /api/dm/project?interaction=timer&include=task_count%2Ctask_number%2Cannotation_count%2Cnum_tasks_with_annotations%2Cqueue_total&project=2 HTTP/1.1" 200 1495
[2026-04-21 18:31:36,954] [django.server::log_message::213] [INFO] "GET /api/dm/project?interaction=timer&include=task_count%2Ctask_number%2Cannotation_count%2Cnum_tasks_with_annotations%2Cqueue_total&project=2 HTTP/1.1" 200 1495
[2026-04-21 18:31:36,954] [django.server::log_message::213] [INFO] "GET /api/dm/project?interaction=timer&include=task_count%2Ctask_number%2Cannotation_count%2Cnum_tasks_with_annotations%2Cqueue_total&project=2 HTTP/1.1" 200 1495
[2026-04-21 18:31:57,750] [django.server::log_message::213] [INFO] "GET /api/dm/project?interaction=timer&include=task_count%2Ctask_number%2Cannotation_count%2Cnum_tasks_with_annotations%2Cqueue_total&project=2 HTTP/1.1" 200 1495
[2026-04-21 18:31:57,750] [django.server::log_message::213] [INFO] "GET /api/dm/project?interaction=timer&include=task_count%2Ctask_number%2Cannotation_count%2Cnum_tasks_with_annotations%2Cqueue_total&project=2 HTTP/1.1" 200 1495
[2026-04-21 18:32:16,799] [django.server::log_message::213] [INFO] "GET /api/dm/project?interaction=timer&include=task_count%2Ctask_number%2Cannotation_count%2Cnum_tasks_with_annotations%2Cqueue_total&project=2 HTTP/1.1" 200 1495
[2026-04-21 18:32:16,799] [django.server::log_message::213] [INFO] "GET /api/dm/project?interaction=timer&include=task_count%2Ctask_number%2Cannotation_count%2Cnum_tasks_with_annotations%2Cqueue_total&project=2 HTTP/1.1" 200 1495
[2026-04-21 18:32:37,564] [django.server::log_message::213] [INFO] "GET /api/dm/project?interaction=timer&include=task_count%2Ctask_number%2Cannotation_count%2Cnum_tasks_with_annotations%2Cqueue_total&project=2 HTTP/1.1" 200 1495
[2026-04-21 18:32:37,564] [django.server::log_message::213] [INFO] "GET /api/dm/project?interaction=timer&include=task_count%2Ctask_number%2Cannotation_count%2Cnum_tasks_with_annotations%2Cqueue_total&project=2 HTTP/1.1" 200 1495
[2026-04-21 18:32:58,303] [django.server::log_message::213] [INFO] "GET /api/dm/project?interaction=timer&include=task_count%2Ctask_number%2Cannotation_count%2Cnum_tasks_with_annotations%2Cqueue_total&project=2 HTTP/1.1" 200 1495
[2026-04-21 18:32:58,303] [django.server::log_message::213] [INFO] "GET /api/dm/project?interaction=timer&include=task_count%2Ctask_number%2Cannotation_count%2Cnum_tasks_with_annotations%2Cqueue_total&project=2 HTTP/1.1" 200 1495
[2026-04-21 18:33:17,474] [django.server::log_message::213] [INFO] "GET /api/dm/project?interaction=timer&include=task_count%2Ctask_number%2Cannotation_count%2Cnum_tasks_with_annotations%2Cqueue_total&project=2 HTTP/1.1" 200 1495
[2026-04-21 18:33:17,474] [django.server::log_message::213] [INFO] "GET /api/dm/project?interaction=timer&include=task_count%2Ctask_number%2Cannotation_count%2Cnum_tasks_with_annotations%2Cqueue_total&project=2 HTTP/1.1" 200 1495
[2026-04-21 18:33:38,248] [django.server::log_message::213] [INFO] "GET /api/dm/project?interaction=timer&include=task_count%2Ctask_number%2Cannotation_count%2Cnum_tasks_with_annotations%2Cqueue_total&project=2 HTTP/1.1" 200 1495
[2026-04-21 18:33:38,248] [django.server::log_message::213] [INFO] "GET /api/dm/project?interaction=timer&include=task_count%2Ctask_number%2Cannotation_count%2Cnum_tasks_with_annotations%2Cqueue_total&project=2 HTTP/1.1" 200 1495
[2026-04-21 18:33:57,332] [django.server::log_message::213] [INFO] "GET /api/dm/project?interaction=timer&include=task_count%2Ctask_number%2Cannotation_count%2Cnum_tasks_with_annotations%2Cqueue_total&project=2 HTTP/1.1" 200 1495
[2026-04-21 18:33:57,332] [django.server::log_message::213] [INFO] "GET /api/dm/project?interaction=timer&include=task_count%2Ctask_number%2Cannotation_count%2Cnum_tasks_with_annotations%2Cqueue_total&project=2 HTTP/1.1" 200 1495
[2026-04-21 18:34:18,063] [django.server::log_message::213] [INFO] "GET /api/dm/project?interaction=timer&include=task_count%2Ctask_number%2Cannotation_count%2Cnum_tasks_with_annotations%2Cqueue_total&project=2 HTTP/1.1" 200 1495
[2026-04-21 18:34:18,063] [django.server::log_message::213] [INFO] "GET /api/dm/project?interaction=timer&include=task_count%2Ctask_number%2Cannotation_count%2Cnum_tasks_with_annotations%2Cqueue_total&project=2 HTTP/1.1" 200 1495
[2026-04-21 18:34:38,989] [django.server::log_message::213] [INFO] "GET /api/dm/project?interaction=timer&include=task_count%2Ctask_number%2Cannotation_count%2Cnum_tasks_with_annotations%2Cqueue_total&project=2 HTTP/1.1" 200 1495
[2026-04-21 18:34:38,989] [django.server::log_message::213] [INFO] "GET /api/dm/project?interaction=timer&include=task_count%2Ctask_number%2Cannotation_count%2Cnum_tasks_with_annotations%2Cqueue_total&project=2 HTTP/1.1" 200 1495
[2026-04-21 18:34:58,063] [django.server::log_message::213] [INFO] "GET /api/dm/project?interaction=timer&include=task_count%2Ctask_number%2Cannotation_count%2Cnum_tasks_with_annotations%2Cqueue_total&project=2 HTTP/1.1" 200 1495
[2026-04-21 18:34:58,063] [django.server::log_message::213] [INFO] "GET /api/dm/project?interaction=timer&include=task_count%2Ctask_number%2Cannotation_count%2Cnum_tasks_with_annotations%2Cqueue_total&project=2 HTTP/1.1" 200 1495
[2026-04-21 18:35:18,937] [django.server::log_message::213] [INFO] "GET /api/dm/project?interaction=timer&include=task_count%2Ctask_number%2Cannotation_count%2Cnum_tasks_with_annotations%2Cqueue_total&project=2 HTTP/1.1" 200 1495
[2026-04-21 18:35:18,937] [django.server::log_message::213] [INFO] "GET /api/dm/project?interaction=timer&include=task_count%2Ctask_number%2Cannotation_count%2Cnum_tasks_with_annotations%2Cqueue_total&project=2 HTTP/1.1" 200 1495
[2026-04-21 18:35:39,756] [django.server::log_message::213] [INFO] "GET /api/dm/project?interaction=timer&include=task_count%2Ctask_number%2Cannotation_count%2Cnum_tasks_with_annotations%2Cqueue_total&project=2 HTTP/1.1" 200 1495
[2026-04-21 18:35:39,756] [django.server::log_message::213] [INFO] "GET /api/dm/project?interaction=timer&include=task_count%2Ctask_number%2Cannotation_count%2Cnum_tasks_with_annotations%2Cqueue_total&project=2 HTTP/1.1" 200 1495
[2026-04-21 18:35:58,841] [django.server::log_message::213] [INFO] "GET /api/dm/project?interaction=timer&include=task_count%2Ctask_number%2Cannotation_count%2Cnum_tasks_with_annotations%2Cqueue_total&project=2 HTTP/1.1" 200 1495
[2026-04-21 18:35:58,841] [django.server::log_message::213] [INFO] "GET /api/dm/project?interaction=timer&include=task_count%2Ctask_number%2Cannotation_count%2Cnum_tasks_with_annotations%2Cqueue_total&project=2 HTTP/1.1" 200 1495
[2026-04-21 18:36:19,551] [django.server::log_message::213] [INFO] "GET /api/dm/project?interaction=timer&include=task_count%2Ctask_number%2Cannotation_count%2Cnum_tasks_with_annotations%2Cqueue_total&project=2 HTTP/1.1" 200 1495
[2026-04-21 18:36:19,551] [django.server::log_message::213] [INFO] "GET /api/dm/project?interaction=timer&include=task_count%2Ctask_number%2Cannotation_count%2Cnum_tasks_with_annotations%2Cqueue_total&project=2 HTTP/1.1" 200 1495
[2026-04-21 18:36:40,290] [django.server::log_message::213] [INFO] "GET /api/dm/project?interaction=timer&include=task_count%2Ctask_number%2Cannotation_count%2Cnum_tasks_with_annotations%2Cqueue_total&project=2 HTTP/1.1" 200 1495
[2026-04-21 18:36:40,290] [django.server::log_message::213] [INFO] "GET /api/dm/project?interaction=timer&include=task_count%2Ctask_number%2Cannotation_count%2Cnum_tasks_with_annotations%2Cqueue_total&project=2 HTTP/1.1" 200 1495
[2026-04-21 18:36:59,314] [django.server::log_message::213] [INFO] "GET /api/dm/project?interaction=timer&include=task_count%2Ctask_number%2Cannotation_count%2Cnum_tasks_with_annotations%2Cqueue_total&project=2 HTTP/1.1" 200 1495
[2026-04-21 18:36:59,314] [django.server::log_message::213] [INFO] "GET /api/dm/project?interaction=timer&include=task_count%2Ctask_number%2Cannotation_count%2Cnum_tasks_with_annotations%2Cqueue_total&project=2 HTTP/1.1" 200 1495
[2026-04-21 18:37:20,303] [django.server::log_message::213] [INFO] "GET /api/dm/project?interaction=timer&include=task_count%2Ctask_number%2Cannotation_count%2Cnum_tasks_with_annotations%2Cqueue_total&project=2 HTTP/1.1" 200 1495
[2026-04-21 18:37:20,303] [django.server::log_message::213] [INFO] "GET /api/dm/project?interaction=timer&include=task_count%2Ctask_number%2Cannotation_count%2Cnum_tasks_with_annotations%2Cqueue_total&project=2 HTTP/1.1" 200 1495
[2026-04-21 18:37:39,345] [django.server::log_message::213] [INFO] "GET /api/dm/project?interaction=timer&include=task_count%2Ctask_number%2Cannotation_count%2Cnum_tasks_with_annotations%2Cqueue_total&project=2 HTTP/1.1" 200 1495
[2026-04-21 18:37:39,345] [django.server::log_message::213] [INFO] "GET /api/dm/project?interaction=timer&include=task_count%2Ctask_number%2Cannotation_count%2Cnum_tasks_with_annotations%2Cqueue_total&project=2 HTTP/1.1" 200 1495
[2026-04-21 18:38:00,116] [django.server::log_message::213] [INFO] "GET /api/dm/project?interaction=timer&include=task_count%2Ctask_number%2Cannotation_count%2Cnum_tasks_with_annotations%2Cqueue_total&project=2 HTTP/1.1" 200 1495
[2026-04-21 18:38:00,116] [django.server::log_message::213] [INFO] "GET /api/dm/project?interaction=timer&include=task_count%2Ctask_number%2Cannotation_count%2Cnum_tasks_with_annotations%2Cqueue_total&project=2 HTTP/1.1" 200 1495
[2026-04-21 18:38:20,806] [django.server::log_message::213] [INFO] "GET /api/dm/project?interaction=timer&include=task_count%2Ctask_number%2Cannotation_count%2Cnum_tasks_with_annotations%2Cqueue_total&project=2 HTTP/1.1" 200 1495
[2026-04-21 18:38:20,806] [django.server::log_message::213] [INFO] "GET /api/dm/project?interaction=timer&include=task_count%2Ctask_number%2Cannotation_count%2Cnum_tasks_with_annotations%2Cqueue_total&project=2 HTTP/1.1" 200 1495
[2026-04-21 18:38:39,929] [django.server::log_message::213] [INFO] "GET /api/dm/project?interaction=timer&include=task_count%2Ctask_number%2Cannotation_count%2Cnum_tasks_with_annotations%2Cqueue_total&project=2 HTTP/1.1" 200 1495
[2026-04-21 18:38:39,929] [django.server::log_message::213] [INFO] "GET /api/dm/project?interaction=timer&include=task_count%2Ctask_number%2Cannotation_count%2Cnum_tasks_with_annotations%2Cqueue_total&project=2 HTTP/1.1" 200 1495
[2026-04-21 18:39:00,694] [django.server::log_message::213] [INFO] "GET /api/dm/project?interaction=timer&include=task_count%2Ctask_number%2Cannotation_count%2Cnum_tasks_with_annotations%2Cqueue_total&project=2 HTTP/1.1" 200 1495
[2026-04-21 18:39:00,694] [django.server::log_message::213] [INFO] "GET /api/dm/project?interaction=timer&include=task_count%2Ctask_number%2Cannotation_count%2Cnum_tasks_with_annotations%2Cqueue_total&project=2 HTTP/1.1" 200 1495
[2026-04-21 18:39:21,424] [django.server::log_message::213] [INFO] "GET /api/dm/project?interaction=timer&include=task_count%2Ctask_number%2Cannotation_count%2Cnum_tasks_with_annotations%2Cqueue_total&project=2 HTTP/1.1" 200 1495
[2026-04-21 18:39:21,424] [django.server::log_message::213] [INFO] "GET /api/dm/project?interaction=timer&include=task_count%2Ctask_number%2Cannotation_count%2Cnum_tasks_with_annotations%2Cqueue_total&project=2 HTTP/1.1" 200 1495
[2026-04-21 18:39:40,472] [django.server::log_message::213] [INFO] "GET /api/dm/project?interaction=timer&include=task_count%2Ctask_number%2Cannotation_count%2Cnum_tasks_with_annotations%2Cqueue_total&project=2 HTTP/1.1" 200 1495
[2026-04-21 18:39:40,472] [django.server::log_message::213] [INFO] "GET /api/dm/project?interaction=timer&include=task_count%2Ctask_number%2Cannotation_count%2Cnum_tasks_with_annotations%2Cqueue_total&project=2 HTTP/1.1" 200 1495
[2026-04-21 18:40:01,264] [django.server::log_message::213] [INFO] "GET /api/dm/project?interaction=timer&include=task_count%2Ctask_number%2Cannotation_count%2Cnum_tasks_with_annotations%2Cqueue_total&project=2 HTTP/1.1" 200 1495
[2026-04-21 18:40:01,264] [django.server::log_message::213] [INFO] "GET /api/dm/project?interaction=timer&include=task_count%2Ctask_number%2Cannotation_count%2Cnum_tasks_with_annotations%2Cqueue_total&project=2 HTTP/1.1" 200 1495
[2026-04-21 18:40:22,001] [django.server::log_message::213] [INFO] "GET /api/dm/project?interaction=timer&include=task_count%2Ctask_number%2Cannotation_count%2Cnum_tasks_with_annotations%2Cqueue_total&project=2 HTTP/1.1" 200 1495
[2026-04-21 18:40:22,001] [django.server::log_message::213] [INFO] "GET /api/dm/project?interaction=timer&include=task_count%2Ctask_number%2Cannotation_count%2Cnum_tasks_with_annotations%2Cqueue_total&project=2 HTTP/1.1" 200 1495
[2026-04-21 18:40:41,094] [django.server::log_message::213] [INFO] "GET /api/dm/project?interaction=timer&include=task_count%2Ctask_number%2Cannotation_count%2Cnum_tasks_with_annotations%2Cqueue_total&project=2 HTTP/1.1" 200 1495
[2026-04-21 18:40:41,094] [django.server::log_message::213] [INFO] "GET /api/dm/project?interaction=timer&include=task_count%2Ctask_number%2Cannotation_count%2Cnum_tasks_with_annotations%2Cqueue_total&project=2 HTTP/1.1" 200 1495
[2026-04-21 18:41:01,825] [django.server::log_message::213] [INFO] "GET /api/dm/project?interaction=timer&include=task_count%2Ctask_number%2Cannotation_count%2Cnum_tasks_with_annotations%2Cqueue_total&project=2 HTTP/1.1" 200 1495
[2026-04-21 18:41:01,825] [django.server::log_message::213] [INFO] "GET /api/dm/project?interaction=timer&include=task_count%2Ctask_number%2Cannotation_count%2Cnum_tasks_with_annotations%2Cqueue_total&project=2 HTTP/1.1" 200 1495
[2026-04-21 18:41:20,912] [django.server::log_message::213] [INFO] "GET /api/dm/project?interaction=timer&include=task_count%2Ctask_number%2Cannotation_count%2Cnum_tasks_with_annotations%2Cqueue_total&project=2 HTTP/1.1" 200 1495
[2026-04-21 18:41:20,912] [django.server::log_message::213] [INFO] "GET /api/dm/project?interaction=timer&include=task_count%2Ctask_number%2Cannotation_count%2Cnum_tasks_with_annotations%2Cqueue_total&project=2 HTTP/1.1" 200 1495
[2026-04-21 18:41:41,677] [django.server::log_message::213] [INFO] "GET /api/dm/project?interaction=timer&include=task_count%2Ctask_number%2Cannotation_count%2Cnum_tasks_with_annotations%2Cqueue_total&project=2 HTTP/1.1" 200 1495
[2026-04-21 18:41:41,677] [django.server::log_message::213] [INFO] "GET /api/dm/project?interaction=timer&include=task_count%2Ctask_number%2Cannotation_count%2Cnum_tasks_with_annotations%2Cqueue_total&project=2 HTTP/1.1" 200 1495
[2026-04-21 18:42:02,569] [django.server::log_message::213] [INFO] "GET /api/dm/project?interaction=timer&include=task_count%2Ctask_number%2Cannotation_count%2Cnum_tasks_with_annotations%2Cqueue_total&project=2 HTTP/1.1" 200 1495
[2026-04-21 18:42:02,569] [django.server::log_message::213] [INFO] "GET /api/dm/project?interaction=timer&include=task_count%2Ctask_number%2Cannotation_count%2Cnum_tasks_with_annotations%2Cqueue_total&project=2 HTTP/1.1" 200 1495
[2026-04-21 18:42:21,613] [django.server::log_message::213] [INFO] "GET /api/dm/project?interaction=timer&include=task_count%2Ctask_number%2Cannotation_count%2Cnum_tasks_with_annotations%2Cqueue_total&project=2 HTTP/1.1" 200 1495
[2026-04-21 18:42:21,613] [django.server::log_message::213] [INFO] "GET /api/dm/project?interaction=timer&include=task_count%2Ctask_number%2Cannotation_count%2Cnum_tasks_with_annotations%2Cqueue_total&project=2 HTTP/1.1" 200 1495
[2026-04-21 18:42:42,353] [django.server::log_message::213] [INFO] "GET /api/dm/project?interaction=timer&include=task_count%2Ctask_number%2Cannotation_count%2Cnum_tasks_with_annotations%2Cqueue_total&project=2 HTTP/1.1" 200 1495
[2026-04-21 18:42:42,353] [django.server::log_message::213] [INFO] "GET /api/dm/project?interaction=timer&include=task_count%2Ctask_number%2Cannotation_count%2Cnum_tasks_with_annotations%2Cqueue_total&project=2 HTTP/1.1" 200 1495
[2026-04-21 18:43:03,110] [django.server::log_message::213] [INFO] "GET /api/dm/project?interaction=timer&include=task_count%2Ctask_number%2Cannotation_count%2Cnum_tasks_with_annotations%2Cqueue_total&project=2 HTTP/1.1" 200 1495
[2026-04-21 18:43:03,110] [django.server::log_message::213] [INFO] "GET /api/dm/project?interaction=timer&include=task_count%2Ctask_number%2Cannotation_count%2Cnum_tasks_with_annotations%2Cqueue_total&project=2 HTTP/1.1" 200 1495
[2026-04-21 18:43:22,154] [django.server::log_message::213] [INFO] "GET /api/dm/project?interaction=timer&include=task_count%2Ctask_number%2Cannotation_count%2Cnum_tasks_with_annotations%2Cqueue_total&project=2 HTTP/1.1" 200 1495
[2026-04-21 18:43:22,154] [django.server::log_message::213] [INFO] "GET /api/dm/project?interaction=timer&include=task_count%2Ctask_number%2Cannotation_count%2Cnum_tasks_with_annotations%2Cqueue_total&project=2 HTTP/1.1" 200 1495
[2026-04-21 18:43:42,967] [django.server::log_message::213] [INFO] "GET /api/dm/project?interaction=timer&include=task_count%2Ctask_number%2Cannotation_count%2Cnum_tasks_with_annotations%2Cqueue_total&project=2 HTTP/1.1" 200 1495
[2026-04-21 18:43:42,967] [django.server::log_message::213] [INFO] "GET /api/dm/project?interaction=timer&include=task_count%2Ctask_number%2Cannotation_count%2Cnum_tasks_with_annotations%2Cqueue_total&project=2 HTTP/1.1" 200 1495
[2026-04-21 18:44:03,755] [django.server::log_message::213] [INFO] "GET /api/dm/project?interaction=timer&include=task_count%2Ctask_number%2Cannotation_count%2Cnum_tasks_with_annotations%2Cqueue_total&project=2 HTTP/1.1" 200 1495
[2026-04-21 18:44:03,755] [django.server::log_message::213] [INFO] "GET /api/dm/project?interaction=timer&include=task_count%2Ctask_number%2Cannotation_count%2Cnum_tasks_with_annotations%2Cqueue_total&project=2 HTTP/1.1" 200 1495
[2026-04-21 18:44:22,849] [django.server::log_message::213] [INFO] "GET /api/dm/project?interaction=timer&include=task_count%2Ctask_number%2Cannotation_count%2Cnum_tasks_with_annotations%2Cqueue_total&project=2 HTTP/1.1" 200 1495
[2026-04-21 18:44:22,849] [django.server::log_message::213] [INFO] "GET /api/dm/project?interaction=timer&include=task_count%2Ctask_number%2Cannotation_count%2Cnum_tasks_with_annotations%2Cqueue_total&project=2 HTTP/1.1" 200 1495
[2026-04-21 18:44:43,555] [django.server::log_message::213] [INFO] "GET /api/dm/project?interaction=timer&include=task_count%2Ctask_number%2Cannotation_count%2Cnum_tasks_with_annotations%2Cqueue_total&project=2 HTTP/1.1" 200 1495
[2026-04-21 18:44:43,555] [django.server::log_message::213] [INFO] "GET /api/dm/project?interaction=timer&include=task_count%2Ctask_number%2Cannotation_count%2Cnum_tasks_with_annotations%2Cqueue_total&project=2 HTTP/1.1" 200 1495
[2026-04-21 18:45:02,698] [django.server::log_message::213] [INFO] "GET /api/dm/project?interaction=timer&include=task_count%2Ctask_number%2Cannotation_count%2Cnum_tasks_with_annotations%2Cqueue_total&project=2 HTTP/1.1" 200 1495
[2026-04-21 18:45:02,698] [django.server::log_message::213] [INFO] "GET /api/dm/project?interaction=timer&include=task_count%2Ctask_number%2Cannotation_count%2Cnum_tasks_with_annotations%2Cqueue_total&project=2 HTTP/1.1" 200 1495
[2026-04-21 18:45:23,482] [django.server::log_message::213] [INFO] "GET /api/dm/project?interaction=timer&include=task_count%2Ctask_number%2Cannotation_count%2Cnum_tasks_with_annotations%2Cqueue_total&project=2 HTTP/1.1" 200 1495
[2026-04-21 18:45:23,482] [django.server::log_message::213] [INFO] "GET /api/dm/project?interaction=timer&include=task_count%2Ctask_number%2Cannotation_count%2Cnum_tasks_with_annotations%2Cqueue_total&project=2 HTTP/1.1" 200 1495
[2026-04-21 18:45:31,077] [django.server::log_message::213] [INFO] "GET /api/projects?page=1&page_size=30&include=id%2Ctitle%2Ccreated_by%2Ccreated_at%2Ccolor%2Cis_published%2Cassignment_settings%2Cstate HTTP/1.1" 200 739
[2026-04-21 18:45:31,077] [django.server::log_message::213] [INFO] "GET /api/projects?page=1&page_size=30&include=id%2Ctitle%2Ccreated_by%2Ccreated_at%2Ccolor%2Cis_published%2Cassignment_settings%2Cstate HTTP/1.1" 200 739
[2026-04-21 18:45:31,325] [django.server::log_message::213] [INFO] "GET /api/projects?ids=4%2C3%2C2&include=id%2Cdescription%2Cnum_tasks_with_annotations%2Ctask_number%2Cskipped_annotations_number%2Ctotal_annotations_number%2Ctotal_predictions_number%2Cground_truth_number%2Cfinished_task_number&page_size=30 HTTP/1.1" 200 684
[2026-04-21 18:45:31,325] [django.server::log_message::213] [INFO] "GET /api/projects?ids=4%2C3%2C2&include=id%2Cdescription%2Cnum_tasks_with_annotations%2Ctask_number%2Cskipped_annotations_number%2Ctotal_annotations_number%2Ctotal_predictions_number%2Cground_truth_number%2Cfinished_task_number&page_size=30 HTTP/1.1" 200 684
[2026-04-21 18:45:31,602] [django.server::log_message::213] [INFO] "GET /projects HTTP/1.1" 200 38920
[2026-04-21 18:45:31,602] [django.server::log_message::213] [INFO] "GET /projects HTTP/1.1" 200 38920
[2026-04-21 18:45:36,094] [django.server::log_message::213] [INFO] "GET /api/projects/3 HTTP/1.1" 200 1318
[2026-04-21 18:45:36,094] [django.server::log_message::213] [INFO] "GET /api/projects/3 HTTP/1.1" 200 1318
[2026-04-21 18:45:36,215] [django.server::log_message::213] [INFO] "GET /api/ml?project=3 HTTP/1.1" 200 2
[2026-04-21 18:45:36,215] [django.server::log_message::213] [INFO] "GET /api/ml?project=3 HTTP/1.1" 200 2
[2026-04-21 18:45:36,406] [django.server::log_message::213] [INFO] "GET /api/dm/columns?project=3 HTTP/1.1" 200 4077
[2026-04-21 18:45:36,406] [django.server::log_message::213] [INFO] "GET /api/dm/columns?project=3 HTTP/1.1" 200 4077
[2026-04-21 18:45:38,303] [django.server::log_message::213] [INFO] "GET /api/dm/project?project=3 HTTP/1.1" 200 1502
[2026-04-21 18:45:38,303] [django.server::log_message::213] [INFO] "GET /api/dm/project?project=3 HTTP/1.1" 200 1502
[2026-04-21 18:45:38,308] [django.server::log_message::213] [INFO] "GET /api/users?project=3 HTTP/1.1" 200 394
[2026-04-21 18:45:38,308] [django.server::log_message::213] [INFO] "GET /api/users?project=3 HTTP/1.1" 200 394
[2026-04-21 18:45:38,556] [django.server::log_message::213] [INFO] "GET /api/current-user/whoami HTTP/1.1" 200 1239
[2026-04-21 18:45:38,556] [django.server::log_message::213] [INFO] "GET /api/current-user/whoami HTTP/1.1" 200 1239
[2026-04-21 18:45:38,682] [django.server::log_message::213] [INFO] "GET /api/dm/views?project=3 HTTP/1.1" 200 2
[2026-04-21 18:45:38,682] [django.server::log_message::213] [INFO] "GET /api/dm/views?project=3 HTTP/1.1" 200 2
[2026-04-21 18:45:38,806] [django.server::log_message::213] [INFO] "POST /api/dm/views?tabID=0&project=3 HTTP/1.1" 201 1026
[2026-04-21 18:45:38,806] [django.server::log_message::213] [INFO] "POST /api/dm/views?tabID=0&project=3 HTTP/1.1" 201 1026
[2026-04-21 18:45:38,965] [django.server::log_message::213] [INFO] "GET /api/dm/project?interaction=timer&include=task_count%2Ctask_number%2Cannotation_count%2Cnum_tasks_with_annotations%2Cqueue_total&project=3 HTTP/1.1" 200 1502
[2026-04-21 18:45:38,965] [django.server::log_message::213] [INFO] "GET /api/dm/project?interaction=timer&include=task_count%2Ctask_number%2Cannotation_count%2Cnum_tasks_with_annotations%2Cqueue_total&project=3 HTTP/1.1" 200 1502
[2026-04-21 18:45:39,109] [django.server::log_message::213] [INFO] "GET /api/tasks?page=1&page_size=30&view=3&project=3 HTTP/1.1" 200 66
[2026-04-21 18:45:39,109] [django.server::log_message::213] [INFO] "GET /api/tasks?page=1&page_size=30&view=3&project=3 HTTP/1.1" 200 66
[2026-04-21 18:45:43,847] [django.server::log_message::213] [INFO] "GET /api/projects?page=1&page_size=30&include=id%2Ctitle%2Ccreated_by%2Ccreated_at%2Ccolor%2Cis_published%2Cassignment_settings%2Cstate HTTP/1.1" 200 739
[2026-04-21 18:45:43,847] [django.server::log_message::213] [INFO] "GET /api/projects?page=1&page_size=30&include=id%2Ctitle%2Ccreated_by%2Ccreated_at%2Ccolor%2Cis_published%2Cassignment_settings%2Cstate HTTP/1.1" 200 739
[2026-04-21 18:45:43,991] [django.server::log_message::213] [INFO] "GET /projects HTTP/1.1" 200 38920
[2026-04-21 18:45:43,991] [django.server::log_message::213] [INFO] "GET /projects HTTP/1.1" 200 38920
[2026-04-21 18:45:44,002] [django.server::log_message::213] [INFO] "GET /api/projects?ids=4%2C3%2C2&include=id%2Cdescription%2Cnum_tasks_with_annotations%2Ctask_number%2Cskipped_annotations_number%2Ctotal_annotations_number%2Ctotal_predictions_number%2Cground_truth_number%2Cfinished_task_number&page_size=30 HTTP/1.1" 200 684
[2026-04-21 18:45:44,002] [django.server::log_message::213] [INFO] "GET /api/projects?ids=4%2C3%2C2&include=id%2Cdescription%2Cnum_tasks_with_annotations%2Ctask_number%2Cskipped_annotations_number%2Ctotal_annotations_number%2Ctotal_predictions_number%2Cground_truth_number%2Cfinished_task_number&page_size=30 HTTP/1.1" 200 684
[2026-04-21 18:45:45,193] [django.server::log_message::213] [INFO] "GET /api/projects/4 HTTP/1.1" 200 1318
[2026-04-21 18:45:45,193] [django.server::log_message::213] [INFO] "GET /api/projects/4 HTTP/1.1" 200 1318
[2026-04-21 18:45:45,308] [django.server::log_message::213] [INFO] "GET /api/ml?project=4 HTTP/1.1" 200 2
[2026-04-21 18:45:45,308] [django.server::log_message::213] [INFO] "GET /api/ml?project=4 HTTP/1.1" 200 2
[2026-04-21 18:45:45,427] [django.server::log_message::213] [INFO] "GET /api/dm/columns?project=4 HTTP/1.1" 200 4077
[2026-04-21 18:45:45,427] [django.server::log_message::213] [INFO] "GET /api/dm/columns?project=4 HTTP/1.1" 200 4077
[2026-04-21 18:45:45,673] [django.server::log_message::213] [INFO] "GET /api/users?project=4 HTTP/1.1" 200 394
[2026-04-21 18:45:45,673] [django.server::log_message::213] [INFO] "GET /api/users?project=4 HTTP/1.1" 200 394
[2026-04-21 18:45:45,692] [django.server::log_message::213] [INFO] "GET /api/dm/project?project=4 HTTP/1.1" 200 1502
[2026-04-21 18:45:45,692] [django.server::log_message::213] [INFO] "GET /api/dm/project?project=4 HTTP/1.1" 200 1502
[2026-04-21 18:45:45,739] [django.server::log_message::213] [INFO] "GET /api/current-user/whoami HTTP/1.1" 200 1239
[2026-04-21 18:45:45,739] [django.server::log_message::213] [INFO] "GET /api/current-user/whoami HTTP/1.1" 200 1239
[2026-04-21 18:45:45,740] [django.server::log_message::213] [INFO] "GET /api/dm/views?project=4 HTTP/1.1" 200 2
[2026-04-21 18:45:45,740] [django.server::log_message::213] [INFO] "GET /api/dm/views?project=4 HTTP/1.1" 200 2
[2026-04-21 18:45:45,922] [django.server::log_message::213] [INFO] "POST /api/dm/views?tabID=0&project=4 HTTP/1.1" 201 1026
[2026-04-21 18:45:45,922] [django.server::log_message::213] [INFO] "POST /api/dm/views?tabID=0&project=4 HTTP/1.1" 201 1026
[2026-04-21 18:45:46,072] [django.server::log_message::213] [INFO] "GET /api/dm/project?interaction=timer&include=task_count%2Ctask_number%2Cannotation_count%2Cnum_tasks_with_annotations%2Cqueue_total&project=4 HTTP/1.1" 200 1502
[2026-04-21 18:45:46,072] [django.server::log_message::213] [INFO] "GET /api/dm/project?interaction=timer&include=task_count%2Ctask_number%2Cannotation_count%2Cnum_tasks_with_annotations%2Cqueue_total&project=4 HTTP/1.1" 200 1502
[2026-04-21 18:45:46,230] [django.server::log_message::213] [INFO] "GET /api/tasks?page=1&page_size=30&view=4&project=4 HTTP/1.1" 200 66
[2026-04-21 18:45:46,230] [django.server::log_message::213] [INFO] "GET /api/tasks?page=1&page_size=30&view=4&project=4 HTTP/1.1" 200 66
[2026-04-21 18:45:49,285] [django.server::log_message::213] [INFO] "GET /api/projects?page=1&page_size=30&include=id%2Ctitle%2Ccreated_by%2Ccreated_at%2Ccolor%2Cis_published%2Cassignment_settings%2Cstate HTTP/1.1" 200 739
[2026-04-21 18:45:49,285] [django.server::log_message::213] [INFO] "GET /api/projects?page=1&page_size=30&include=id%2Ctitle%2Ccreated_by%2Ccreated_at%2Ccolor%2Cis_published%2Cassignment_settings%2Cstate HTTP/1.1" 200 739
[2026-04-21 18:45:49,443] [django.server::log_message::213] [INFO] "GET /api/projects?ids=4%2C3%2C2&include=id%2Cdescription%2Cnum_tasks_with_annotations%2Ctask_number%2Cskipped_annotations_number%2Ctotal_annotations_number%2Ctotal_predictions_number%2Cground_truth_number%2Cfinished_task_number&page_size=30 HTTP/1.1" 200 684
[2026-04-21 18:45:49,443] [django.server::log_message::213] [INFO] "GET /api/projects?ids=4%2C3%2C2&include=id%2Cdescription%2Cnum_tasks_with_annotations%2Ctask_number%2Cskipped_annotations_number%2Ctotal_annotations_number%2Ctotal_predictions_number%2Cground_truth_number%2Cfinished_task_number&page_size=30 HTTP/1.1" 200 684
[2026-04-21 18:45:49,456] [django.server::log_message::213] [INFO] "GET /projects HTTP/1.1" 200 38920
[2026-04-21 18:45:49,456] [django.server::log_message::213] [INFO] "GET /projects HTTP/1.1" 200 38920
[2026-04-21 18:45:50,891] [django.server::log_message::213] [INFO] "GET /api/ml?project=2 HTTP/1.1" 200 2
[2026-04-21 18:45:50,891] [django.server::log_message::213] [INFO] "GET /api/ml?project=2 HTTP/1.1" 200 2
[2026-04-21 18:45:50,895] [django.server::log_message::213] [INFO] "GET /api/projects/2 HTTP/1.1" 200 1311
[2026-04-21 18:45:50,895] [django.server::log_message::213] [INFO] "GET /api/projects/2 HTTP/1.1" 200 1311
[2026-04-21 18:45:51,008] [django.server::log_message::213] [INFO] "GET /api/dm/columns?project=2 HTTP/1.1" 200 4077
[2026-04-21 18:45:51,008] [django.server::log_message::213] [INFO] "GET /api/dm/columns?project=2 HTTP/1.1" 200 4077
[2026-04-21 18:45:51,232] [django.server::log_message::213] [INFO] "GET /api/users?project=2 HTTP/1.1" 200 394
[2026-04-21 18:45:51,232] [django.server::log_message::213] [INFO] "GET /api/users?project=2 HTTP/1.1" 200 394
[2026-04-21 18:45:51,237] [django.server::log_message::213] [INFO] "GET /api/dm/project?project=2 HTTP/1.1" 200 1495
[2026-04-21 18:45:51,237] [django.server::log_message::213] [INFO] "GET /api/dm/project?project=2 HTTP/1.1" 200 1495
[2026-04-21 18:45:51,253] [django.server::log_message::213] [INFO] "GET /api/current-user/whoami HTTP/1.1" 200 1239
[2026-04-21 18:45:51,253] [django.server::log_message::213] [INFO] "GET /api/current-user/whoami HTTP/1.1" 200 1239
[2026-04-21 18:45:51,272] [django.server::log_message::213] [INFO] "GET /api/dm/views?project=2 HTTP/1.1" 200 1028
[2026-04-21 18:45:51,272] [django.server::log_message::213] [INFO] "GET /api/dm/views?project=2 HTTP/1.1" 200 1028
[2026-04-21 18:45:51,586] [django.server::log_message::213] [INFO] "GET /api/tasks?page=1&page_size=30&view=1&project=2 HTTP/1.1" 200 66
[2026-04-21 18:45:51,586] [django.server::log_message::213] [INFO] "GET /api/tasks?page=1&page_size=30&view=1&project=2 HTTP/1.1" 200 66
[2026-04-21 18:45:51,757] [django.server::log_message::213] [INFO] "GET /api/dm/project?interaction=timer&include=task_count%2Ctask_number%2Cannotation_count%2Cnum_tasks_with_annotations%2Cqueue_total&project=2 HTTP/1.1" 200 1495
[2026-04-21 18:45:51,757] [django.server::log_message::213] [INFO] "GET /api/dm/project?interaction=timer&include=task_count%2Ctask_number%2Cannotation_count%2Cnum_tasks_with_annotations%2Cqueue_total&project=2 HTTP/1.1" 200 1495
[2026-04-21 18:46:12,867] [django.server::log_message::213] [INFO] "GET /api/dm/project?interaction=timer&include=task_count%2Ctask_number%2Cannotation_count%2Cnum_tasks_with_annotations%2Cqueue_total&project=2 HTTP/1.1" 200 1495
[2026-04-21 18:46:12,867] [django.server::log_message::213] [INFO] "GET /api/dm/project?interaction=timer&include=task_count%2Ctask_number%2Cannotation_count%2Cnum_tasks_with_annotations%2Cqueue_total&project=2 HTTP/1.1" 200 1495
[2026-04-21 18:46:32,001] [django.server::log_message::213] [INFO] "GET /api/dm/project?interaction=timer&include=task_count%2Ctask_number%2Cannotation_count%2Cnum_tasks_with_annotations%2Cqueue_total&project=2 HTTP/1.1" 200 1495
[2026-04-21 18:46:32,001] [django.server::log_message::213] [INFO] "GET /api/dm/project?interaction=timer&include=task_count%2Ctask_number%2Cannotation_count%2Cnum_tasks_with_annotations%2Cqueue_total&project=2 HTTP/1.1" 200 1495
[2026-04-21 18:46:52,740] [django.server::log_message::213] [INFO] "GET /api/dm/project?interaction=timer&include=task_count%2Ctask_number%2Cannotation_count%2Cnum_tasks_with_annotations%2Cqueue_total&project=2 HTTP/1.1" 200 1495
[2026-04-21 18:46:52,740] [django.server::log_message::213] [INFO] "GET /api/dm/project?interaction=timer&include=task_count%2Ctask_number%2Cannotation_count%2Cnum_tasks_with_annotations%2Cqueue_total&project=2 HTTP/1.1" 200 1495
[2026-04-21 18:47:13,519] [django.server::log_message::213] [INFO] "GET /api/dm/project?interaction=timer&include=task_count%2Ctask_number%2Cannotation_count%2Cnum_tasks_with_annotations%2Cqueue_total&project=2 HTTP/1.1" 200 1495
[2026-04-21 18:47:13,519] [django.server::log_message::213] [INFO] "GET /api/dm/project?interaction=timer&include=task_count%2Ctask_number%2Cannotation_count%2Cnum_tasks_with_annotations%2Cqueue_total&project=2 HTTP/1.1" 200 1495
[2026-04-21 18:47:32,548] [django.server::log_message::213] [INFO] "GET /api/dm/project?interaction=timer&include=task_count%2Ctask_number%2Cannotation_count%2Cnum_tasks_with_annotations%2Cqueue_total&project=2 HTTP/1.1" 200 1495
[2026-04-21 18:47:32,548] [django.server::log_message::213] [INFO] "GET /api/dm/project?interaction=timer&include=task_count%2Ctask_number%2Cannotation_count%2Cnum_tasks_with_annotations%2Cqueue_total&project=2 HTTP/1.1" 200 1495
[2026-04-21 18:47:52,345] [django.server::log_message::213] [INFO] "GET /user/account HTTP/1.1" 200 49991
[2026-04-21 18:47:52,345] [django.server::log_message::213] [INFO] "GET /user/account HTTP/1.1" 200 49991
[2026-04-21 18:47:52,581] [django.server::log_message::213] [INFO] "GET /static/css/users.52e5d3da57f8.css HTTP/1.1" 200 6451
[2026-04-21 18:47:52,581] [django.server::log_message::213] [INFO] "GET /static/css/users.52e5d3da57f8.css HTTP/1.1" 200 6451
[2026-04-21 18:47:52,744] [django.server::log_message::213] [INFO] "GET /api/jwt/settings HTTP/1.1" 200 61
[2026-04-21 18:47:52,744] [django.server::log_message::213] [INFO] "GET /api/jwt/settings HTTP/1.1" 200 61
/home/nugh75/-qtimes/Praxis-ql/.venv/lib/python3.12/site-packages/django/db/models/fields/__init__.py:1665: RuntimeWarning: DateTimeField OutstandingToken.expires_at received a naive datetime (2026-04-21 18:47:55.455158) while time zone support is active.
  warnings.warn(
/home/nugh75/-qtimes/Praxis-ql/.venv/lib/python3.12/site-packages/django/db/models/fields/__init__.py:1665: RuntimeWarning: DateTimeField OutstandingToken.expires_at received a naive datetime (2026-04-21 18:47:55.456848) while time zone support is active.
  warnings.warn(
[2026-04-21 18:47:55,461] [django.server::log_message::213] [INFO] "GET /api/token HTTP/1.1" 200 2
[2026-04-21 18:47:55,461] [django.server::log_message::213] [INFO] "GET /api/token HTTP/1.1" 200 2
/home/nugh75/-qtimes/Praxis-ql/.venv/lib/python3.12/site-packages/django/db/models/fields/__init__.py:1665: RuntimeWarning: DateTimeField OutstandingToken.expires_at received a naive datetime (2026-04-21 18:47:56.560586) while time zone support is active.
  warnings.warn(
/home/nugh75/-qtimes/Praxis-ql/.venv/lib/python3.12/site-packages/django/db/models/fields/__init__.py:1665: RuntimeWarning: DateTimeField OutstandingToken.expires_at received a naive datetime (2026-04-21 18:47:56.560877) while time zone support is active.
  warnings.warn(
[2026-04-21 18:47:56,570] [django.server::log_message::213] [INFO] "POST /api/token HTTP/1.1" 201 244
[2026-04-21 18:47:56,570] [django.server::log_message::213] [INFO] "POST /api/token HTTP/1.1" 201 244
/home/nugh75/-qtimes/Praxis-ql/.venv/lib/python3.12/site-packages/django/db/models/fields/__init__.py:1665: RuntimeWarning: DateTimeField OutstandingToken.expires_at received a naive datetime (2026-04-21 18:47:56.645801) while time zone support is active.
  warnings.warn(
/home/nugh75/-qtimes/Praxis-ql/.venv/lib/python3.12/site-packages/django/db/models/fields/__init__.py:1665: RuntimeWarning: DateTimeField OutstandingToken.expires_at received a naive datetime (2026-04-21 18:47:56.646109) while time zone support is active.
  warnings.warn(
[2026-04-21 18:47:56,650] [django.server::log_message::213] [INFO] "GET /api/token HTTP/1.1" 200 202
[2026-04-21 18:47:56,650] [django.server::log_message::213] [INFO] "GET /api/token HTTP/1.1" 200 202
[2026-04-21 18:48:14,994] [core.utils.common::custom_exception_handler::97] [ERROR] 0fb826a0-b4d7-4867-8696-bc9302774cf0 Authentication credentials were not provided.
Traceback (most recent call last):
  File "/home/nugh75/-qtimes/Praxis-ql/.venv/lib/python3.12/site-packages/rest_framework/views.py", line 497, in dispatch
    self.initial(request, *args, **kwargs)
  File "/home/nugh75/-qtimes/Praxis-ql/.venv/lib/python3.12/site-packages/sentry_sdk/integrations/django/__init__.py", line 335, in sentry_patched_drf_initial
    return old_drf_initial(self, request, *args, **kwargs)
           ^^^^^^^^^^^^^^^^^^^^^^^^^^^^^^^^^^^^^^^^^^^^^^^
  File "/home/nugh75/-qtimes/Praxis-ql/.venv/lib/python3.12/site-packages/rest_framework/views.py", line 415, in initial
    self.check_permissions(request)
  File "/home/nugh75/-qtimes/Praxis-ql/.venv/lib/python3.12/site-packages/rest_framework/views.py", line 333, in check_permissions
    self.permission_denied(
  File "/home/nugh75/-qtimes/Praxis-ql/.venv/lib/python3.12/site-packages/rest_framework/views.py", line 174, in permission_denied
    raise exceptions.NotAuthenticated()
rest_framework.exceptions.NotAuthenticated: Authentication credentials were not provided.
[2026-04-21 18:48:15,004] [django.request::log_response::253] [WARNING] Unauthorized: /api/projects/2/
[2026-04-21 18:48:15,004] [django.request::log_response::253] [WARNING] Unauthorized: /api/projects/2/
[2026-04-21 18:48:15,005] [django.server::log_message::213] [WARNING] "GET /api/projects/2/ HTTP/1.1" 401 155
[2026-04-21 18:48:15,005] [django.server::log_message::213] [WARNING] "GET /api/projects/2/ HTTP/1.1" 401 155
[2026-04-21 18:48:15,017] [core.utils.common::custom_exception_handler::97] [ERROR] 86c5fd76-a481-4d63-b8ea-8ec4b0bc4fc5 Invalid token.
Traceback (most recent call last):
  File "/home/nugh75/-qtimes/Praxis-ql/.venv/lib/python3.12/site-packages/rest_framework/authentication.py", line 201, in authenticate_credentials
    token = model.objects.select_related('user').get(key=key)
            ^^^^^^^^^^^^^^^^^^^^^^^^^^^^^^^^^^^^^^^^^^^^^^^^^
  File "/home/nugh75/-qtimes/Praxis-ql/.venv/lib/python3.12/site-packages/django/db/models/query.py", line 651, in get
    raise self.model.DoesNotExist(
rest_framework.authtoken.models.Token.DoesNotExist: Token matching query does not exist.

During handling of the above exception, another exception occurred:

Traceback (most recent call last):
  File "/home/nugh75/-qtimes/Praxis-ql/.venv/lib/python3.12/site-packages/rest_framework/views.py", line 497, in dispatch
    self.initial(request, *args, **kwargs)
  File "/home/nugh75/-qtimes/Praxis-ql/.venv/lib/python3.12/site-packages/sentry_sdk/integrations/django/__init__.py", line 335, in sentry_patched_drf_initial
    return old_drf_initial(self, request, *args, **kwargs)
           ^^^^^^^^^^^^^^^^^^^^^^^^^^^^^^^^^^^^^^^^^^^^^^^
  File "/home/nugh75/-qtimes/Praxis-ql/.venv/lib/python3.12/site-packages/rest_framework/views.py", line 414, in initial
    self.perform_authentication(request)
  File "/home/nugh75/-qtimes/Praxis-ql/.venv/lib/python3.12/site-packages/rest_framework/views.py", line 324, in perform_authentication
    request.user
  File "/home/nugh75/-qtimes/Praxis-ql/.venv/lib/python3.12/site-packages/rest_framework/request.py", line 231, in user
    self._authenticate()
  File "/home/nugh75/-qtimes/Praxis-ql/.venv/lib/python3.12/site-packages/rest_framework/request.py", line 384, in _authenticate
    user_auth_tuple = authenticator.authenticate(self)
                      ^^^^^^^^^^^^^^^^^^^^^^^^^^^^^^^^
  File "/home/nugh75/-qtimes/Praxis-ql/.venv/lib/python3.12/site-packages/label_studio/jwt_auth/auth.py", line 20, in authenticate
    auth_result = super().authenticate(request)
                  ^^^^^^^^^^^^^^^^^^^^^^^^^^^^^
  File "/home/nugh75/-qtimes/Praxis-ql/.venv/lib/python3.12/site-packages/rest_framework/authentication.py", line 196, in authenticate
    return self.authenticate_credentials(token)
           ^^^^^^^^^^^^^^^^^^^^^^^^^^^^^^^^^^^^
  File "/home/nugh75/-qtimes/Praxis-ql/.venv/lib/python3.12/site-packages/rest_framework/authentication.py", line 203, in authenticate_credentials
    raise exceptions.AuthenticationFailed(_('Invalid token.'))
rest_framework.exceptions.AuthenticationFailed: Invalid token.
[2026-04-21 18:48:15,024] [django.request::log_response::253] [WARNING] Unauthorized: /api/projects/2/
[2026-04-21 18:48:15,024] [django.request::log_response::253] [WARNING] Unauthorized: /api/projects/2/
[2026-04-21 18:48:15,025] [django.server::log_message::213] [WARNING] "GET /api/projects/2/ HTTP/1.1" 401 124
[2026-04-21 18:48:15,025] [django.server::log_message::213] [WARNING] "GET /api/projects/2/ HTTP/1.1" 401 124
/home/nugh75/-qtimes/Praxis-ql/.venv/lib/python3.12/site-packages/django/db/models/fields/__init__.py:1665: RuntimeWarning: DateTimeField OutstandingToken.expires_at received a naive datetime (2026-04-21 18:48:22.292477) while time zone support is active.
  warnings.warn(
/home/nugh75/-qtimes/Praxis-ql/.venv/lib/python3.12/site-packages/django/db/models/fields/__init__.py:1665: RuntimeWarning: DateTimeField OutstandingToken.expires_at received a naive datetime (2026-04-21 18:48:22.292739) while time zone support is active.
  warnings.warn(
[2026-04-21 18:48:22,295] [django.server::log_message::213] [INFO] "GET /api/token HTTP/1.1" 200 202
[2026-04-21 18:48:22,295] [django.server::log_message::213] [INFO] "GET /api/token HTTP/1.1" 200 202
[2026-04-21 18:48:27,659] [django.server::log_message::213] [INFO] "POST /api/token/refresh HTTP/1.1" 200 244
[2026-04-21 18:48:27,659] [django.server::log_message::213] [INFO] "POST /api/token/refresh HTTP/1.1" 200 244
[2026-04-21 18:48:27,699] [django.server::log_message::213] [INFO] "GET /api/projects/2/ HTTP/1.1" 200 1311
[2026-04-21 18:48:27,699] [django.server::log_message::213] [INFO] "GET /api/projects/2/ HTTP/1.1" 200 1311
[2026-04-21 18:48:33,378] [django.server::log_message::213] [INFO] "GET /api/projects HTTP/1.1" 200 4001
[2026-04-21 18:48:33,378] [django.server::log_message::213] [INFO] "GET /api/projects HTTP/1.1" 200 4001
[2026-04-21 18:48:33,547] [django.server::log_message::213] [INFO] "POST /api/projects HTTP/1.1" 201 1342
[2026-04-21 18:48:33,547] [django.server::log_message::213] [INFO] "POST /api/projects HTTP/1.1" 201 1342
[2026-04-21 18:48:33,654] [django.server::log_message::213] [INFO] "GET /api/projects/5/file-uploads HTTP/1.1" 200 2
[2026-04-21 18:48:33,654] [django.server::log_message::213] [INFO] "GET /api/projects/5/file-uploads HTTP/1.1" 200 2
[2026-04-21 18:48:33,731] [django.server::log_message::213] [INFO] "GET /api/projects?ids=2&page_size=1 HTTP/1.1" 200 1363
[2026-04-21 18:48:33,731] [django.server::log_message::213] [INFO] "GET /api/projects?ids=2&page_size=1 HTTP/1.1" 200 1363
[2026-04-21 18:48:33,749] [django.server::log_message::213] [INFO] "GET /api/projects?page_size=10 HTTP/1.1" 200 5320
[2026-04-21 18:48:33,749] [django.server::log_message::213] [INFO] "GET /api/projects?page_size=10 HTTP/1.1" 200 5320
[2026-04-21 18:48:33,756] [django.server::log_message::213] [INFO] "GET /api/projects?ids=2%2C4%2C3&page_size=3 HTTP/1.1" 200 4001
[2026-04-21 18:48:33,756] [django.server::log_message::213] [INFO] "GET /api/projects?ids=2%2C4%2C3&page_size=3 HTTP/1.1" 200 4001
[2026-04-21 18:48:33,905] [django.server::log_message::213] [INFO] "GET /heidi-tips HTTP/1.1" 200 9982
[2026-04-21 18:48:33,905] [django.server::log_message::213] [INFO] "GET /heidi-tips HTTP/1.1" 200 9982
[2026-04-21 18:48:34,079] [django.server::log_message::213] [INFO] "GET /heidi-tips HTTP/1.1" 200 9982
[2026-04-21 18:48:34,079] [django.server::log_message::213] [INFO] "GET /heidi-tips HTTP/1.1" 200 9982
[2026-04-21 18:48:35,803] [django.server::log_message::213] [INFO] "DELETE /api/projects/5 HTTP/1.1" 204 0
[2026-04-21 18:48:35,803] [django.server::log_message::213] [INFO] "DELETE /api/projects/5 HTTP/1.1" 204 0
[2026-04-21 18:48:39,272] [django.server::log_message::213] [INFO] "GET /api/ml?project=3 HTTP/1.1" 200 2
[2026-04-21 18:48:39,272] [django.server::log_message::213] [INFO] "GET /api/ml?project=3 HTTP/1.1" 200 2
[2026-04-21 18:48:39,274] [django.server::log_message::213] [INFO] "GET /api/projects/3 HTTP/1.1" 200 1318
[2026-04-21 18:48:39,274] [django.server::log_message::213] [INFO] "GET /api/projects/3 HTTP/1.1" 200 1318
[2026-04-21 18:48:39,476] [django.server::log_message::213] [INFO] "GET /api/projects/3 HTTP/1.1" 200 1318
[2026-04-21 18:48:39,476] [django.server::log_message::213] [INFO] "GET /api/projects/3 HTTP/1.1" 200 1318
[2026-04-21 18:48:39,476] [django.server::log_message::213] [INFO] "GET /api/dm/columns?project=3 HTTP/1.1" 200 4077
[2026-04-21 18:48:39,476] [django.server::log_message::213] [INFO] "GET /api/dm/columns?project=3 HTTP/1.1" 200 4077
[2026-04-21 18:48:39,568] [django.server::log_message::213] [INFO] "GET /api/dm/project?project=3 HTTP/1.1" 200 1502
[2026-04-21 18:48:39,568] [django.server::log_message::213] [INFO] "GET /api/dm/project?project=3 HTTP/1.1" 200 1502
[2026-04-21 18:48:39,669] [django.server::log_message::213] [INFO] "GET /api/users?project=3 HTTP/1.1" 200 394
[2026-04-21 18:48:39,669] [django.server::log_message::213] [INFO] "GET /api/users?project=3 HTTP/1.1" 200 394
[2026-04-21 18:48:39,671] [django.server::log_message::213] [INFO] "GET /api/dm/views?project=3 HTTP/1.1" 200 1028
[2026-04-21 18:48:39,671] [django.server::log_message::213] [INFO] "GET /api/dm/views?project=3 HTTP/1.1" 200 1028
[2026-04-21 18:48:39,679] [django.server::log_message::213] [INFO] "GET /api/current-user/whoami HTTP/1.1" 200 1239
[2026-04-21 18:48:39,679] [django.server::log_message::213] [INFO] "GET /api/current-user/whoami HTTP/1.1" 200 1239
[2026-04-21 18:48:39,953] [django.server::log_message::213] [INFO] "GET /api/tasks?page=1&page_size=30&view=3&project=3 HTTP/1.1" 200 66
[2026-04-21 18:48:39,953] [django.server::log_message::213] [INFO] "GET /api/tasks?page=1&page_size=30&view=3&project=3 HTTP/1.1" 200 66
[2026-04-21 18:48:40,167] [django.server::log_message::213] [INFO] "GET /api/dm/project?interaction=timer&include=task_count%2Ctask_number%2Cannotation_count%2Cnum_tasks_with_annotations%2Cqueue_total&project=3 HTTP/1.1" 200 1502
[2026-04-21 18:48:40,167] [django.server::log_message::213] [INFO] "GET /api/dm/project?interaction=timer&include=task_count%2Ctask_number%2Cannotation_count%2Cnum_tasks_with_annotations%2Cqueue_total&project=3 HTTP/1.1" 200 1502
[2026-04-21 18:48:41,923] [django.server::log_message::213] [INFO] "GET /projects/3/data?tab=3 HTTP/1.1" 200 38920
[2026-04-21 18:48:41,923] [django.server::log_message::213] [INFO] "GET /projects/3/data?tab=3 HTTP/1.1" 200 38920
[2026-04-21 18:48:42,139] [django.server::log_message::213] [INFO] "GET /react-app/runtime.js?v=0db906 HTTP/1.1" 200 5034
[2026-04-21 18:48:42,139] [django.server::log_message::213] [INFO] "GET /react-app/runtime.js?v=0db906 HTTP/1.1" 200 5034
[2026-04-21 18:48:42,151] [django.server::log_message::213] [INFO] "GET /react-app/vendor.js?v=1 HTTP/1.1" 200 280541
[2026-04-21 18:48:42,151] [django.server::log_message::213] [INFO] "GET /react-app/vendor.js?v=1 HTTP/1.1" 200 280541
[2026-04-21 18:48:42,164] [django.server::log_message::213] [INFO] "GET /static/js/jquery.min.e6c2415c0ace.js HTTP/1.1" 200 87462
[2026-04-21 18:48:42,164] [django.server::log_message::213] [INFO] "GET /static/js/jquery.min.e6c2415c0ace.js HTTP/1.1" 200 87462
[2026-04-21 18:48:42,168] [django.server::log_message::213] [INFO] "GET /react-app/main.css?v=0db906 HTTP/1.1" 200 232558
[2026-04-21 18:48:42,168] [django.server::log_message::213] [INFO] "GET /react-app/main.css?v=0db906 HTTP/1.1" 200 232558
[2026-04-21 18:48:42,171] [django.server::log_message::213] [INFO] "GET /react-app/main.js?v=0db906 HTTP/1.1" 200 2497373
[2026-04-21 18:48:42,171] [django.server::log_message::213] [INFO] "GET /react-app/main.js?v=0db906 HTTP/1.1" 200 2497373
[2026-04-21 18:48:45,849] [django.server::log_message::213] [INFO] "GET /sw.js HTTP/1.1" 200 6221
[2026-04-21 18:48:45,849] [django.server::log_message::213] [INFO] "GET /sw.js HTTP/1.1" 200 6221
[2026-04-21 18:48:45,905] [django.server::log_message::213] [INFO] "GET /projects/3/data?tab=3 HTTP/1.1" 200 38920
[2026-04-21 18:48:45,905] [django.server::log_message::213] [INFO] "GET /projects/3/data?tab=3 HTTP/1.1" 200 38920
[2026-04-21 18:48:46,131] [django.server::log_message::213] [INFO] "GET /static/fonts/Figtree-SemiBold.ttf HTTP/1.1" 200 40852
[2026-04-21 18:48:46,131] [django.server::log_message::213] [INFO] "GET /static/fonts/Figtree-SemiBold.ttf HTTP/1.1" 200 40852
[2026-04-21 18:48:46,135] [django.server::log_message::213] [INFO] "GET /static/fonts/Figtree-Regular.ttf HTTP/1.1" 200 40584
[2026-04-21 18:48:46,135] [django.server::log_message::213] [INFO] "GET /static/fonts/Figtree-Regular.ttf HTTP/1.1" 200 40584
[2026-04-21 18:48:46,140] [django.server::log_message::213] [INFO] "POST /api/token/refresh HTTP/1.1" 200 244
[2026-04-21 18:48:46,140] [django.server::log_message::213] [INFO] "POST /api/token/refresh HTTP/1.1" 200 244
[2026-04-21 18:48:46,201] [django.server::log_message::213] [INFO] "POST /api/projects/2/import HTTP/1.1" 201 176
[2026-04-21 18:48:46,201] [django.server::log_message::213] [INFO] "POST /api/projects/2/import HTTP/1.1" 201 176
[2026-04-21 18:48:46,313] [django.server::log_message::213] [INFO] "GET /react-app/main.css?v=0db906 HTTP/1.1" 200 232558
[2026-04-21 18:48:46,313] [django.server::log_message::213] [INFO] "GET /react-app/main.css?v=0db906 HTTP/1.1" 200 232558
[2026-04-21 18:48:46,327] [django.server::log_message::213] [INFO] "GET /react-app/runtime.js?v=0db906 HTTP/1.1" 200 5034
[2026-04-21 18:48:46,327] [django.server::log_message::213] [INFO] "GET /react-app/runtime.js?v=0db906 HTTP/1.1" 200 5034
[2026-04-21 18:48:46,335] [django.server::log_message::213] [INFO] "GET /react-app/vendor.js?v=1 HTTP/1.1" 200 280541
[2026-04-21 18:48:46,335] [django.server::log_message::213] [INFO] "GET /react-app/vendor.js?v=1 HTTP/1.1" 200 280541
[2026-04-21 18:48:46,365] [django.server::log_message::213] [INFO] "GET /react-app/main.js?v=0db906 HTTP/1.1" 200 2497373
[2026-04-21 18:48:46,365] [django.server::log_message::213] [INFO] "GET /react-app/main.js?v=0db906 HTTP/1.1" 200 2497373
[2026-04-21 18:48:46,469] [django.server::log_message::213] [INFO] "GET /static/js/jquery.min.e6c2415c0ace.js HTTP/1.1" 200 87462
[2026-04-21 18:48:46,469] [django.server::log_message::213] [INFO] "GET /static/js/jquery.min.e6c2415c0ace.js HTTP/1.1" 200 87462
[2026-04-21 18:48:50,006] [django.server::log_message::213] [INFO] "GET /react-app/855.css HTTP/1.1" 200 21839
[2026-04-21 18:48:50,006] [django.server::log_message::213] [INFO] "GET /react-app/855.css HTTP/1.1" 200 21839
[2026-04-21 18:48:50,012] [django.server::log_message::213] [INFO] "GET /react-app/594.js HTTP/1.1" 200 131832
[2026-04-21 18:48:50,012] [django.server::log_message::213] [INFO] "GET /react-app/594.js HTTP/1.1" 200 131832
[2026-04-21 18:48:50,017] [django.server::log_message::213] [INFO] "GET /react-app/855.js HTTP/1.1" 200 216744
[2026-04-21 18:48:50,017] [django.server::log_message::213] [INFO] "GET /react-app/855.js HTTP/1.1" 200 216744
[2026-04-21 18:48:50,023] [django.server::log_message::213] [INFO] "GET /react-app/358.js HTTP/1.1" 200 1178824
[2026-04-21 18:48:50,023] [django.server::log_message::213] [INFO] "GET /react-app/358.js HTTP/1.1" 200 1178824
[2026-04-21 18:48:50,035] [django.server::log_message::213] [INFO] "GET /react-app/167.js HTTP/1.1" 200 320718
[2026-04-21 18:48:50,035] [django.server::log_message::213] [INFO] "GET /react-app/167.js HTTP/1.1" 200 320718
[2026-04-21 18:48:50,037] [django.server::log_message::213] [INFO] "GET /react-app/288.js HTTP/1.1" 200 1372978
[2026-04-21 18:48:50,037] [django.server::log_message::213] [INFO] "GET /react-app/288.js HTTP/1.1" 200 1372978
[2026-04-21 18:48:52,037] [django.server::log_message::213] [INFO] "GET /react-app/358.css HTTP/1.1" 200 1374637
[2026-04-21 18:48:52,037] [django.server::log_message::213] [INFO] "GET /react-app/358.css HTTP/1.1" 200 1374637
[2026-04-21 18:48:52,054] [django.server::log_message::213] [INFO] "GET /sw.js HTTP/1.1" 200 6221
[2026-04-21 18:48:52,054] [django.server::log_message::213] [INFO] "GET /sw.js HTTP/1.1" 200 6221
[2026-04-21 18:48:52,055] [django.server::log_message::213] [INFO] "GET /react-app/167.css HTTP/1.1" 200 49229
[2026-04-21 18:48:52,055] [django.server::log_message::213] [INFO] "GET /react-app/167.css HTTP/1.1" 200 49229
[2026-04-21 18:48:52,475] [django.server::log_message::213] [INFO] "GET /api/version HTTP/1.1" 200 1052
[2026-04-21 18:48:52,475] [django.server::log_message::213] [INFO] "GET /api/version HTTP/1.1" 200 1052
[2026-04-21 18:48:52,700] [django.server::log_message::213] [INFO] "GET /api/current-user/whoami HTTP/1.1" 200 1239
[2026-04-21 18:48:52,700] [django.server::log_message::213] [INFO] "GET /api/current-user/whoami HTTP/1.1" 200 1239
[2026-04-21 18:48:52,750] [django.server::log_message::213] [INFO] "GET /static/images/favicon.8992b8aa4126.ico HTTP/1.1" 200 15406
[2026-04-21 18:48:52,750] [django.server::log_message::213] [INFO] "GET /static/images/favicon.8992b8aa4126.ico HTTP/1.1" 200 15406
[2026-04-21 18:48:52,757] [django.server::log_message::213] [INFO] "GET /api/projects/3 HTTP/1.1" 200 1318
[2026-04-21 18:48:52,757] [django.server::log_message::213] [INFO] "GET /api/projects/3 HTTP/1.1" 200 1318
[2026-04-21 18:48:52,881] [django.server::log_message::213] [INFO] "GET /api/ml?project=3 HTTP/1.1" 200 2
[2026-04-21 18:48:52,881] [django.server::log_message::213] [INFO] "GET /api/ml?project=3 HTTP/1.1" 200 2
[2026-04-21 18:48:52,976] [django.server::log_message::213] [INFO] "GET /api/dm/columns?project=3 HTTP/1.1" 200 4077
[2026-04-21 18:48:52,976] [django.server::log_message::213] [INFO] "GET /api/dm/columns?project=3 HTTP/1.1" 200 4077
[2026-04-21 18:48:53,160] [django.server::log_message::213] [INFO] "GET /api/dm/views?project=3 HTTP/1.1" 200 1028
[2026-04-21 18:48:53,160] [django.server::log_message::213] [INFO] "GET /api/dm/views?project=3 HTTP/1.1" 200 1028
[2026-04-21 18:48:53,165] [django.server::log_message::213] [INFO] "GET /api/dm/project?project=3 HTTP/1.1" 200 1502
[2026-04-21 18:48:53,165] [django.server::log_message::213] [INFO] "GET /api/dm/project?project=3 HTTP/1.1" 200 1502
[2026-04-21 18:48:53,167] [django.server::log_message::213] [INFO] "GET /api/users?project=3 HTTP/1.1" 200 394
[2026-04-21 18:48:53,167] [django.server::log_message::213] [INFO] "GET /api/users?project=3 HTTP/1.1" 200 394
[2026-04-21 18:48:53,345] [django.server::log_message::213] [INFO] "GET /api/current-user/whoami HTTP/1.1" 200 1239
[2026-04-21 18:48:53,345] [django.server::log_message::213] [INFO] "GET /api/current-user/whoami HTTP/1.1" 200 1239
[2026-04-21 18:48:53,493] [django.server::log_message::213] [INFO] "GET /api/tasks?page=1&page_size=30&view=3&project=3 HTTP/1.1" 200 66
[2026-04-21 18:48:53,493] [django.server::log_message::213] [INFO] "GET /api/tasks?page=1&page_size=30&view=3&project=3 HTTP/1.1" 200 66
[2026-04-21 18:48:53,755] [django.server::log_message::213] [INFO] "GET /api/dm/project?interaction=timer&include=task_count%2Ctask_number%2Cannotation_count%2Cnum_tasks_with_annotations%2Cqueue_total&project=3 HTTP/1.1" 200 1502
[2026-04-21 18:48:53,755] [django.server::log_message::213] [INFO] "GET /api/dm/project?interaction=timer&include=task_count%2Ctask_number%2Cannotation_count%2Cnum_tasks_with_annotations%2Cqueue_total&project=3 HTTP/1.1" 200 1502
[2026-04-21 18:48:56,483] [django.server::log_message::213] [INFO] "GET /projects/3/data?tab=3 HTTP/1.1" 200 38920
[2026-04-21 18:48:56,483] [django.server::log_message::213] [INFO] "GET /projects/3/data?tab=3 HTTP/1.1" 200 38920
[2026-04-21 18:48:56,613] [django.server::log_message::213] [INFO] "GET /static/fonts/Figtree-Regular.ttf HTTP/1.1" 200 40584
[2026-04-21 18:48:56,613] [django.server::log_message::213] [INFO] "GET /static/fonts/Figtree-Regular.ttf HTTP/1.1" 200 40584
[2026-04-21 18:48:56,613] [django.server::log_message::213] [INFO] "GET /react-app/runtime.js?v=0db906 HTTP/1.1" 200 5034
[2026-04-21 18:48:56,613] [django.server::log_message::213] [INFO] "GET /react-app/runtime.js?v=0db906 HTTP/1.1" 200 5034
[2026-04-21 18:48:56,620] [django.server::log_message::213] [INFO] "GET /react-app/vendor.js?v=1 HTTP/1.1" 200 280541
[2026-04-21 18:48:56,620] [django.server::log_message::213] [INFO] "GET /react-app/vendor.js?v=1 HTTP/1.1" 200 280541
[2026-04-21 18:48:56,623] [django.server::log_message::213] [INFO] "GET /react-app/main.js?v=0db906 HTTP/1.1" 200 2497373
[2026-04-21 18:48:56,623] [django.server::log_message::213] [INFO] "GET /react-app/main.js?v=0db906 HTTP/1.1" 200 2497373
[2026-04-21 18:48:58,592] [django.server::log_message::213] [INFO] "GET /static/fonts/Figtree-SemiBold.ttf HTTP/1.1" 200 40852
[2026-04-21 18:48:58,592] [django.server::log_message::213] [INFO] "GET /static/fonts/Figtree-SemiBold.ttf HTTP/1.1" 200 40852
[2026-04-21 18:48:58,592] [django.server::log_message::213] [INFO] "GET /static/js/jquery.min.e6c2415c0ace.js HTTP/1.1" 200 87462
[2026-04-21 18:48:58,592] [django.server::log_message::213] [INFO] "GET /static/js/jquery.min.e6c2415c0ace.js HTTP/1.1" 200 87462
[2026-04-21 18:48:58,639] [django.server::log_message::213] [INFO] "GET /sw.js HTTP/1.1" 200 6221
[2026-04-21 18:48:58,639] [django.server::log_message::213] [INFO] "GET /sw.js HTTP/1.1" 200 6221
[2026-04-21 18:48:58,723] [django.server::log_message::213] [INFO] "GET /api/version HTTP/1.1" 200 1052
[2026-04-21 18:48:58,723] [django.server::log_message::213] [INFO] "GET /api/version HTTP/1.1" 200 1052
[2026-04-21 18:48:58,842] [django.server::log_message::213] [INFO] "GET /api/projects/3 HTTP/1.1" 200 1318
[2026-04-21 18:48:58,842] [django.server::log_message::213] [INFO] "GET /api/projects/3 HTTP/1.1" 200 1318
[2026-04-21 18:48:58,844] [django.server::log_message::213] [INFO] "GET /react-app/594.js HTTP/1.1" 200 131832
[2026-04-21 18:48:58,844] [django.server::log_message::213] [INFO] "GET /react-app/594.js HTTP/1.1" 200 131832
[2026-04-21 18:48:58,891] [django.server::log_message::213] [INFO] "GET /react-app/167.js HTTP/1.1" 200 320718
[2026-04-21 18:48:58,891] [django.server::log_message::213] [INFO] "GET /react-app/167.js HTTP/1.1" 200 320718
[2026-04-21 18:48:58,896] [django.server::log_message::213] [INFO] "GET /react-app/855.js HTTP/1.1" 200 216744
[2026-04-21 18:48:58,896] [django.server::log_message::213] [INFO] "GET /react-app/855.js HTTP/1.1" 200 216744
[2026-04-21 18:48:58,999] [django.server::log_message::213] [INFO] "GET /api/current-user/whoami HTTP/1.1" 200 1239
[2026-04-21 18:48:58,999] [django.server::log_message::213] [INFO] "GET /api/current-user/whoami HTTP/1.1" 200 1239
[2026-04-21 18:48:59,127] [django.server::log_message::213] [INFO] "GET /react-app/288.js HTTP/1.1" 200 1372978
[2026-04-21 18:48:59,127] [django.server::log_message::213] [INFO] "GET /react-app/288.js HTTP/1.1" 200 1372978
[2026-04-21 18:48:59,128] [django.server::log_message::213] [INFO] "GET /react-app/358.js HTTP/1.1" 200 1178824
[2026-04-21 18:48:59,128] [django.server::log_message::213] [INFO] "GET /react-app/358.js HTTP/1.1" 200 1178824
[2026-04-21 18:48:59,461] [django.server::log_message::213] [INFO] "GET /static/images/favicon.8992b8aa4126.ico HTTP/1.1" 200 15406
[2026-04-21 18:48:59,461] [django.server::log_message::213] [INFO] "GET /static/images/favicon.8992b8aa4126.ico HTTP/1.1" 200 15406
[2026-04-21 18:49:00,496] [django.server::log_message::213] [INFO] "GET /sw.js HTTP/1.1" 200 6221
[2026-04-21 18:49:00,496] [django.server::log_message::213] [INFO] "GET /sw.js HTTP/1.1" 200 6221
[2026-04-21 18:49:00,641] [django.server::log_message::213] [INFO] "GET /api/ml?project=3 HTTP/1.1" 200 2
[2026-04-21 18:49:00,641] [django.server::log_message::213] [INFO] "GET /api/ml?project=3 HTTP/1.1" 200 2
[2026-04-21 18:49:00,765] [django.server::log_message::213] [INFO] "GET /api/dm/columns?project=3 HTTP/1.1" 200 4077
[2026-04-21 18:49:00,765] [django.server::log_message::213] [INFO] "GET /api/dm/columns?project=3 HTTP/1.1" 200 4077
[2026-04-21 18:49:00,887] [django.server::log_message::213] [INFO] "GET /api/dm/project?project=3 HTTP/1.1" 200 1502
[2026-04-21 18:49:00,887] [django.server::log_message::213] [INFO] "GET /api/dm/project?project=3 HTTP/1.1" 200 1502
[2026-04-21 18:49:00,905] [django.server::log_message::213] [INFO] "GET /api/users?project=3 HTTP/1.1" 200 394
[2026-04-21 18:49:00,905] [django.server::log_message::213] [INFO] "GET /api/users?project=3 HTTP/1.1" 200 394
[2026-04-21 18:49:01,131] [django.server::log_message::213] [INFO] "GET /api/dm/views?project=3 HTTP/1.1" 200 1028
[2026-04-21 18:49:01,131] [django.server::log_message::213] [INFO] "GET /api/dm/views?project=3 HTTP/1.1" 200 1028
[2026-04-21 18:49:01,225] [django.server::log_message::213] [INFO] "GET /api/current-user/whoami HTTP/1.1" 200 1239
[2026-04-21 18:49:01,225] [django.server::log_message::213] [INFO] "GET /api/current-user/whoami HTTP/1.1" 200 1239
[2026-04-21 18:49:01,704] [django.server::log_message::213] [INFO] "GET /api/tasks?page=1&page_size=30&view=3&project=3 HTTP/1.1" 200 66
[2026-04-21 18:49:01,704] [django.server::log_message::213] [INFO] "GET /api/tasks?page=1&page_size=30&view=3&project=3 HTTP/1.1" 200 66
[2026-04-21 18:49:01,935] [django.server::log_message::213] [INFO] "GET /api/dm/project?interaction=timer&include=task_count%2Ctask_number%2Cannotation_count%2Cnum_tasks_with_annotations%2Cqueue_total&project=3 HTTP/1.1" 200 1502
[2026-04-21 18:49:01,935] [django.server::log_message::213] [INFO] "GET /api/dm/project?interaction=timer&include=task_count%2Ctask_number%2Cannotation_count%2Cnum_tasks_with_annotations%2Cqueue_total&project=3 HTTP/1.1" 200 1502
[2026-04-21 18:49:04,981] [django.server::log_message::213] [INFO] "GET /projects/3/data?tab=3 HTTP/1.1" 200 38920
[2026-04-21 18:49:04,981] [django.server::log_message::213] [INFO] "GET /projects/3/data?tab=3 HTTP/1.1" 200 38920
[2026-04-21 18:49:05,082] [django.server::log_message::213] [INFO] "GET /react-app/runtime.js?v=0db906 HTTP/1.1" 200 5034
[2026-04-21 18:49:05,082] [django.server::log_message::213] [INFO] "GET /react-app/runtime.js?v=0db906 HTTP/1.1" 200 5034
[2026-04-21 18:49:05,087] [django.server::log_message::213] [INFO] "GET /react-app/vendor.js?v=1 HTTP/1.1" 200 280541
[2026-04-21 18:49:05,087] [django.server::log_message::213] [INFO] "GET /react-app/vendor.js?v=1 HTTP/1.1" 200 280541
[2026-04-21 18:49:05,093] [django.server::log_message::213] [INFO] "GET /static/fonts/Figtree-Regular.ttf HTTP/1.1" 200 40584
[2026-04-21 18:49:05,093] [django.server::log_message::213] [INFO] "GET /static/fonts/Figtree-Regular.ttf HTTP/1.1" 200 40584
[2026-04-21 18:49:05,096] [django.server::log_message::213] [INFO] "GET /react-app/main.js?v=0db906 HTTP/1.1" 200 2497373
[2026-04-21 18:49:05,096] [django.server::log_message::213] [INFO] "GET /react-app/main.js?v=0db906 HTTP/1.1" 200 2497373
[2026-04-21 18:49:07,428] [django.server::log_message::213] [INFO] "GET /sw.js HTTP/1.1" 200 6221
[2026-04-21 18:49:07,428] [django.server::log_message::213] [INFO] "GET /sw.js HTTP/1.1" 200 6221
[2026-04-21 18:49:08,026] [django.server::log_message::213] [INFO] "GET /projects/3/data?tab=3 HTTP/1.1" 200 38920
[2026-04-21 18:49:08,026] [django.server::log_message::213] [INFO] "GET /projects/3/data?tab=3 HTTP/1.1" 200 38920
[2026-04-21 18:49:08,184] [django.server::log_message::213] [INFO] "GET /static/fonts/Figtree-Regular.ttf HTTP/1.1" 200 40584
[2026-04-21 18:49:08,184] [django.server::log_message::213] [INFO] "GET /static/fonts/Figtree-Regular.ttf HTTP/1.1" 200 40584
[2026-04-21 18:49:08,664] [django.server::log_message::213] [INFO] "GET /projects/3/data?tab=3 HTTP/1.1" 200 38920
[2026-04-21 18:49:08,664] [django.server::log_message::213] [INFO] "GET /projects/3/data?tab=3 HTTP/1.1" 200 38920
[2026-04-21 18:49:08,753] [django.server::log_message::213] [INFO] "GET /static/fonts/Figtree-Regular.ttf HTTP/1.1" 200 40584
[2026-04-21 18:49:08,753] [django.server::log_message::213] [INFO] "GET /static/fonts/Figtree-Regular.ttf HTTP/1.1" 200 40584
[2026-04-21 18:49:09,039] [django.server::log_message::213] [INFO] "GET /static/fonts/Figtree-SemiBold.ttf HTTP/1.1" 200 40852
[2026-04-21 18:49:09,039] [django.server::log_message::213] [INFO] "GET /static/fonts/Figtree-SemiBold.ttf HTTP/1.1" 200 40852
[2026-04-21 18:49:09,046] [django.server::log_message::213] [INFO] "GET /react-app/runtime.js?v=0db906 HTTP/1.1" 200 5034
[2026-04-21 18:49:09,046] [django.server::log_message::213] [INFO] "GET /react-app/runtime.js?v=0db906 HTTP/1.1" 200 5034
[2026-04-21 18:49:09,047] [django.server::log_message::213] [INFO] "GET /static/js/jquery.min.e6c2415c0ace.js HTTP/1.1" 200 87462
[2026-04-21 18:49:09,047] [django.server::log_message::213] [INFO] "GET /static/js/jquery.min.e6c2415c0ace.js HTTP/1.1" 200 87462
[2026-04-21 18:49:09,091] [django.server::log_message::213] [INFO] "GET /react-app/vendor.js?v=1 HTTP/1.1" 200 280541
[2026-04-21 18:49:09,091] [django.server::log_message::213] [INFO] "GET /react-app/vendor.js?v=1 HTTP/1.1" 200 280541
[2026-04-21 18:49:09,095] [django.server::log_message::213] [INFO] "GET /react-app/main.js?v=0db906 HTTP/1.1" 200 2497373
[2026-04-21 18:49:09,095] [django.server::log_message::213] [INFO] "GET /react-app/main.js?v=0db906 HTTP/1.1" 200 2497373
[2026-04-21 18:49:11,068] [django.server::log_message::213] [INFO] "GET /sw.js HTTP/1.1" 200 6221
[2026-04-21 18:49:11,068] [django.server::log_message::213] [INFO] "GET /sw.js HTTP/1.1" 200 6221
[2026-04-21 18:49:11,165] [django.server::log_message::213] [INFO] "GET /react-app/594.js HTTP/1.1" 200 131832
[2026-04-21 18:49:11,165] [django.server::log_message::213] [INFO] "GET /react-app/594.js HTTP/1.1" 200 131832
[2026-04-21 18:49:11,400] [django.server::log_message::213] [INFO] "GET /static/images/favicon.8992b8aa4126.ico HTTP/1.1" 200 15406
[2026-04-21 18:49:11,400] [django.server::log_message::213] [INFO] "GET /static/images/favicon.8992b8aa4126.ico HTTP/1.1" 200 15406
[2026-04-21 18:49:11,472] [django.server::log_message::213] [INFO] "GET /react-app/855.js HTTP/1.1" 200 216744
[2026-04-21 18:49:11,472] [django.server::log_message::213] [INFO] "GET /react-app/855.js HTTP/1.1" 200 216744
[2026-04-21 18:49:11,563] [django.server::log_message::213] [INFO] "GET /react-app/167.js HTTP/1.1" 200 320718
[2026-04-21 18:49:11,563] [django.server::log_message::213] [INFO] "GET /react-app/167.js HTTP/1.1" 200 320718
[2026-04-21 18:49:11,572] [django.server::log_message::213] [INFO] "GET /react-app/358.js HTTP/1.1" 200 1178824
[2026-04-21 18:49:11,572] [django.server::log_message::213] [INFO] "GET /react-app/358.js HTTP/1.1" 200 1178824
[2026-04-21 18:49:11,572] [django.server::log_message::213] [INFO] "GET /react-app/288.js HTTP/1.1" 200 1372978
[2026-04-21 18:49:11,572] [django.server::log_message::213] [INFO] "GET /react-app/288.js HTTP/1.1" 200 1372978
[2026-04-21 18:49:11,606] [django.server::log_message::213] [INFO] "GET /api/version HTTP/1.1" 200 1052
[2026-04-21 18:49:11,606] [django.server::log_message::213] [INFO] "GET /api/version HTTP/1.1" 200 1052
[2026-04-21 18:49:12,884] [django.server::log_message::213] [INFO] "GET /api/current-user/whoami HTTP/1.1" 200 1239
[2026-04-21 18:49:12,884] [django.server::log_message::213] [INFO] "GET /api/current-user/whoami HTTP/1.1" 200 1239
[2026-04-21 18:49:12,887] [django.server::log_message::213] [INFO] "GET /api/projects/3 HTTP/1.1" 200 1318
[2026-04-21 18:49:12,887] [django.server::log_message::213] [INFO] "GET /api/projects/3 HTTP/1.1" 200 1318
[2026-04-21 18:49:12,907] [django.server::log_message::213] [INFO] "GET /sw.js HTTP/1.1" 200 6221
[2026-04-21 18:49:12,907] [django.server::log_message::213] [INFO] "GET /sw.js HTTP/1.1" 200 6221
[2026-04-21 18:49:13,081] [django.server::log_message::213] [INFO] "GET /api/ml?project=3 HTTP/1.1" 200 2
[2026-04-21 18:49:13,081] [django.server::log_message::213] [INFO] "GET /api/ml?project=3 HTTP/1.1" 200 2
[2026-04-21 18:49:13,193] [django.server::log_message::213] [INFO] "GET /api/dm/columns?project=3 HTTP/1.1" 200 4077
[2026-04-21 18:49:13,193] [django.server::log_message::213] [INFO] "GET /api/dm/columns?project=3 HTTP/1.1" 200 4077
[2026-04-21 18:49:13,464] [django.server::log_message::213] [INFO] "GET /api/users?project=3 HTTP/1.1" 200 394
[2026-04-21 18:49:13,464] [django.server::log_message::213] [INFO] "GET /api/users?project=3 HTTP/1.1" 200 394
[2026-04-21 18:49:13,475] [django.server::log_message::213] [INFO] "GET /api/dm/project?project=3 HTTP/1.1" 200 1502
[2026-04-21 18:49:13,475] [django.server::log_message::213] [INFO] "GET /api/dm/project?project=3 HTTP/1.1" 200 1502
[2026-04-21 18:49:13,475] [django.server::log_message::213] [INFO] "GET /api/dm/views?project=3 HTTP/1.1" 200 1028
[2026-04-21 18:49:13,475] [django.server::log_message::213] [INFO] "GET /api/dm/views?project=3 HTTP/1.1" 200 1028
[2026-04-21 18:49:13,482] [django.server::log_message::213] [INFO] "GET /api/current-user/whoami HTTP/1.1" 200 1239
[2026-04-21 18:49:13,482] [django.server::log_message::213] [INFO] "GET /api/current-user/whoami HTTP/1.1" 200 1239
[2026-04-21 18:49:13,798] [django.server::log_message::213] [INFO] "GET /api/tasks?page=1&page_size=30&view=3&project=3 HTTP/1.1" 200 66
[2026-04-21 18:49:13,798] [django.server::log_message::213] [INFO] "GET /api/tasks?page=1&page_size=30&view=3&project=3 HTTP/1.1" 200 66
[2026-04-21 18:49:13,891] [django.server::log_message::213] [INFO] "GET /api/dm/project?interaction=timer&include=task_count%2Ctask_number%2Cannotation_count%2Cnum_tasks_with_annotations%2Cqueue_total&project=3 HTTP/1.1" 200 1502
[2026-04-21 18:49:13,891] [django.server::log_message::213] [INFO] "GET /api/dm/project?interaction=timer&include=task_count%2Ctask_number%2Cannotation_count%2Cnum_tasks_with_annotations%2Cqueue_total&project=3 HTTP/1.1" 200 1502
[2026-04-21 18:49:16,858] [django.server::log_message::213] [INFO] "GET /api/projects?page=1&page_size=30&include=id%2Ctitle%2Ccreated_by%2Ccreated_at%2Ccolor%2Cis_published%2Cassignment_settings%2Cstate HTTP/1.1" 200 739
[2026-04-21 18:49:16,858] [django.server::log_message::213] [INFO] "GET /api/projects?page=1&page_size=30&include=id%2Ctitle%2Ccreated_by%2Ccreated_at%2Ccolor%2Cis_published%2Cassignment_settings%2Cstate HTTP/1.1" 200 739
[2026-04-21 18:49:16,964] [django.server::log_message::213] [INFO] "GET /projects HTTP/1.1" 200 38920
[2026-04-21 18:49:16,964] [django.server::log_message::213] [INFO] "GET /projects HTTP/1.1" 200 38920
[2026-04-21 18:49:16,970] [django.server::log_message::213] [INFO] "GET /api/projects?ids=4%2C3%2C2&include=id%2Cdescription%2Cnum_tasks_with_annotations%2Ctask_number%2Cskipped_annotations_number%2Ctotal_annotations_number%2Ctotal_predictions_number%2Cground_truth_number%2Cfinished_task_number&page_size=30 HTTP/1.1" 200 685
[2026-04-21 18:49:16,970] [django.server::log_message::213] [INFO] "GET /api/projects?ids=4%2C3%2C2&include=id%2Cdescription%2Cnum_tasks_with_annotations%2Ctask_number%2Cskipped_annotations_number%2Ctotal_annotations_number%2Ctotal_predictions_number%2Cground_truth_number%2Cfinished_task_number&page_size=30 HTTP/1.1" 200 685
[2026-04-21 18:49:18,433] [django.server::log_message::213] [INFO] "GET /api/ml?project=3 HTTP/1.1" 200 2
[2026-04-21 18:49:18,433] [django.server::log_message::213] [INFO] "GET /api/ml?project=3 HTTP/1.1" 200 2
[2026-04-21 18:49:18,436] [django.server::log_message::213] [INFO] "GET /api/projects/3 HTTP/1.1" 200 1318
[2026-04-21 18:49:18,436] [django.server::log_message::213] [INFO] "GET /api/projects/3 HTTP/1.1" 200 1318
[2026-04-21 18:49:20,270] [django.server::log_message::213] [INFO] "GET /api/dm/columns?project=3 HTTP/1.1" 200 4077
[2026-04-21 18:49:20,270] [django.server::log_message::213] [INFO] "GET /api/dm/columns?project=3 HTTP/1.1" 200 4077
[2026-04-21 18:49:20,490] [django.server::log_message::213] [INFO] "GET /api/current-user/whoami HTTP/1.1" 200 1239
[2026-04-21 18:49:20,490] [django.server::log_message::213] [INFO] "GET /api/current-user/whoami HTTP/1.1" 200 1239
[2026-04-21 18:49:20,510] [django.server::log_message::213] [INFO] "GET /api/dm/views?project=3 HTTP/1.1" 200 1028
[2026-04-21 18:49:20,510] [django.server::log_message::213] [INFO] "GET /api/dm/views?project=3 HTTP/1.1" 200 1028
[2026-04-21 18:49:20,512] [django.server::log_message::213] [INFO] "GET /api/dm/project?project=3 HTTP/1.1" 200 1502
[2026-04-21 18:49:20,512] [django.server::log_message::213] [INFO] "GET /api/dm/project?project=3 HTTP/1.1" 200 1502
[2026-04-21 18:49:20,720] [django.server::log_message::213] [INFO] "GET /api/tasks?page=1&page_size=30&view=3&project=3 HTTP/1.1" 200 66
[2026-04-21 18:49:20,720] [django.server::log_message::213] [INFO] "GET /api/tasks?page=1&page_size=30&view=3&project=3 HTTP/1.1" 200 66
[2026-04-21 18:49:20,955] [django.server::log_message::213] [INFO] "GET /api/dm/project?interaction=timer&include=task_count%2Ctask_number%2Cannotation_count%2Cnum_tasks_with_annotations%2Cqueue_total&project=3 HTTP/1.1" 200 1502
[2026-04-21 18:49:20,955] [django.server::log_message::213] [INFO] "GET /api/dm/project?interaction=timer&include=task_count%2Ctask_number%2Cannotation_count%2Cnum_tasks_with_annotations%2Cqueue_total&project=3 HTTP/1.1" 200 1502
[2026-04-21 18:49:24,769] [django.server::log_message::213] [INFO] "GET /projects/3/data?tab=3 HTTP/1.1" 200 38920
[2026-04-21 18:49:24,769] [django.server::log_message::213] [INFO] "GET /projects/3/data?tab=3 HTTP/1.1" 200 38920
[2026-04-21 18:49:25,265] [django.server::log_message::213] [INFO] "GET /projects/3/data?tab=3 HTTP/1.1" 200 38920
[2026-04-21 18:49:25,265] [django.server::log_message::213] [INFO] "GET /projects/3/data?tab=3 HTTP/1.1" 200 38920
[2026-04-21 18:49:25,346] [django.server::log_message::213] [INFO] "GET /static/fonts/Figtree-Regular.ttf HTTP/1.1" 200 40584
[2026-04-21 18:49:25,346] [django.server::log_message::213] [INFO] "GET /static/fonts/Figtree-Regular.ttf HTTP/1.1" 200 40584
[2026-04-21 18:49:27,561] [django.server::log_message::213] [INFO] "GET /projects/3/data?tab=3 HTTP/1.1" 200 38920
[2026-04-21 18:49:27,561] [django.server::log_message::213] [INFO] "GET /projects/3/data?tab=3 HTTP/1.1" 200 38920
[2026-04-21 18:49:27,698] [django.server::log_message::213] [INFO] "GET /static/fonts/Figtree-Regular.ttf HTTP/1.1" 200 40584
[2026-04-21 18:49:27,698] [django.server::log_message::213] [INFO] "GET /static/fonts/Figtree-Regular.ttf HTTP/1.1" 200 40584
[2026-04-21 18:49:27,988] [django.server::log_message::213] [INFO] "GET /static/fonts/Figtree-SemiBold.ttf HTTP/1.1" 200 40852
[2026-04-21 18:49:27,988] [django.server::log_message::213] [INFO] "GET /static/fonts/Figtree-SemiBold.ttf HTTP/1.1" 200 40852
[2026-04-21 18:49:27,988] [django.server::log_message::213] [INFO] "GET /react-app/runtime.js?v=0db906 HTTP/1.1" 200 5034
[2026-04-21 18:49:27,988] [django.server::log_message::213] [INFO] "GET /react-app/runtime.js?v=0db906 HTTP/1.1" 200 5034
[2026-04-21 18:49:27,990] [django.server::log_message::213] [INFO] "GET /react-app/main.css?v=0db906 HTTP/1.1" 200 232558
[2026-04-21 18:49:27,990] [django.server::log_message::213] [INFO] "GET /react-app/main.css?v=0db906 HTTP/1.1" 200 232558
[2026-04-21 18:49:28,019] [django.server::log_message::213] [INFO] "GET /react-app/main.js?v=0db906 HTTP/1.1" 200 2497373
[2026-04-21 18:49:28,019] [django.server::log_message::213] [INFO] "GET /react-app/main.js?v=0db906 HTTP/1.1" 200 2497373
[2026-04-21 18:49:28,078] [django.server::log_message::213] [INFO] "GET /static/js/jquery.min.e6c2415c0ace.js HTTP/1.1" 200 87462
[2026-04-21 18:49:28,078] [django.server::log_message::213] [INFO] "GET /static/js/jquery.min.e6c2415c0ace.js HTTP/1.1" 200 87462
[2026-04-21 18:49:28,079] [django.server::log_message::213] [INFO] "GET /react-app/vendor.js?v=1 HTTP/1.1" 200 280541
[2026-04-21 18:49:28,079] [django.server::log_message::213] [INFO] "GET /react-app/vendor.js?v=1 HTTP/1.1" 200 280541
[2026-04-21 18:49:30,641] [django.server::log_message::213] [INFO] "GET /react-app/594.js HTTP/1.1" 200 131832
[2026-04-21 18:49:30,641] [django.server::log_message::213] [INFO] "GET /react-app/594.js HTTP/1.1" 200 131832
[2026-04-21 18:49:30,646] [django.server::log_message::213] [INFO] "GET /react-app/167.js HTTP/1.1" 200 320718
[2026-04-21 18:49:30,646] [django.server::log_message::213] [INFO] "GET /react-app/167.js HTTP/1.1" 200 320718
[2026-04-21 18:49:30,648] [django.server::log_message::213] [INFO] "GET /react-app/288.js HTTP/1.1" 200 1372978
[2026-04-21 18:49:30,648] [django.server::log_message::213] [INFO] "GET /react-app/288.js HTTP/1.1" 200 1372978
[2026-04-21 18:49:30,706] [django.server::log_message::213] [INFO] "GET /react-app/855.css HTTP/1.1" 200 21839
[2026-04-21 18:49:30,706] [django.server::log_message::213] [INFO] "GET /react-app/855.css HTTP/1.1" 200 21839
[2026-04-21 18:49:30,710] [django.server::log_message::213] [INFO] "GET /react-app/167.css HTTP/1.1" 200 49229
[2026-04-21 18:49:30,710] [django.server::log_message::213] [INFO] "GET /react-app/167.css HTTP/1.1" 200 49229
[2026-04-21 18:49:30,711] [django.server::log_message::213] [INFO] "GET /react-app/855.js HTTP/1.1" 200 216744
[2026-04-21 18:49:30,711] [django.server::log_message::213] [INFO] "GET /react-app/855.js HTTP/1.1" 200 216744
[2026-04-21 18:49:32,703] [django.server::log_message::213] [INFO] "GET /react-app/358.css HTTP/1.1" 200 1374637
[2026-04-21 18:49:32,703] [django.server::log_message::213] [INFO] "GET /react-app/358.css HTTP/1.1" 200 1374637
[2026-04-21 18:49:32,747] [django.server::log_message::213] [INFO] "GET /react-app/358.js HTTP/1.1" 200 1178824
[2026-04-21 18:49:32,747] [django.server::log_message::213] [INFO] "GET /react-app/358.js HTTP/1.1" 200 1178824
[2026-04-21 18:49:34,567] [django.server::log_message::213] [INFO] "GET /static/images/favicon.8992b8aa4126.ico HTTP/1.1" 200 15406
[2026-04-21 18:49:34,567] [django.server::log_message::213] [INFO] "GET /static/images/favicon.8992b8aa4126.ico HTTP/1.1" 200 15406
[2026-04-21 18:49:34,602] [django.server::log_message::213] [INFO] "GET /api/current-user/whoami HTTP/1.1" 200 1239
[2026-04-21 18:49:34,602] [django.server::log_message::213] [INFO] "GET /api/current-user/whoami HTTP/1.1" 200 1239
[2026-04-21 18:49:34,660] [django.server::log_message::213] [INFO] "GET /api/version HTTP/1.1" 200 1052
[2026-04-21 18:49:34,660] [django.server::log_message::213] [INFO] "GET /api/version HTTP/1.1" 200 1052
[2026-04-21 18:49:34,663] [django.server::log_message::213] [INFO] "GET /api/projects/3 HTTP/1.1" 200 1318
[2026-04-21 18:49:34,663] [django.server::log_message::213] [INFO] "GET /api/projects/3 HTTP/1.1" 200 1318
[2026-04-21 18:49:34,844] [django.server::log_message::213] [INFO] "GET /api/ml?project=3 HTTP/1.1" 200 2
[2026-04-21 18:49:34,844] [django.server::log_message::213] [INFO] "GET /api/ml?project=3 HTTP/1.1" 200 2
[2026-04-21 18:49:34,907] [django.server::log_message::213] [INFO] "GET /api/dm/columns?project=3 HTTP/1.1" 200 4077
[2026-04-21 18:49:34,907] [django.server::log_message::213] [INFO] "GET /api/dm/columns?project=3 HTTP/1.1" 200 4077
[2026-04-21 18:49:35,243] [django.server::log_message::213] [INFO] "GET /api/dm/project?project=3 HTTP/1.1" 200 1502
[2026-04-21 18:49:35,243] [django.server::log_message::213] [INFO] "GET /api/dm/project?project=3 HTTP/1.1" 200 1502
[2026-04-21 18:49:35,276] [django.server::log_message::213] [INFO] "GET /api/users?project=3 HTTP/1.1" 200 394
[2026-04-21 18:49:35,276] [django.server::log_message::213] [INFO] "GET /api/users?project=3 HTTP/1.1" 200 394
[2026-04-21 18:49:35,280] [django.server::log_message::213] [INFO] "GET /api/dm/views?project=3 HTTP/1.1" 200 1028
[2026-04-21 18:49:35,280] [django.server::log_message::213] [INFO] "GET /api/dm/views?project=3 HTTP/1.1" 200 1028
[2026-04-21 18:49:35,526] [django.server::log_message::213] [INFO] "GET /api/current-user/whoami HTTP/1.1" 200 1239
[2026-04-21 18:49:35,526] [django.server::log_message::213] [INFO] "GET /api/current-user/whoami HTTP/1.1" 200 1239
[2026-04-21 18:49:35,620] [django.server::log_message::213] [INFO] "GET /api/tasks?page=1&page_size=30&view=3&project=3 HTTP/1.1" 200 66
[2026-04-21 18:49:35,620] [django.server::log_message::213] [INFO] "GET /api/tasks?page=1&page_size=30&view=3&project=3 HTTP/1.1" 200 66
[2026-04-21 18:49:35,839] [django.server::log_message::213] [INFO] "GET /api/dm/project?interaction=timer&include=task_count%2Ctask_number%2Cannotation_count%2Cnum_tasks_with_annotations%2Cqueue_total&project=3 HTTP/1.1" 200 1502
[2026-04-21 18:49:35,839] [django.server::log_message::213] [INFO] "GET /api/dm/project?interaction=timer&include=task_count%2Ctask_number%2Cannotation_count%2Cnum_tasks_with_annotations%2Cqueue_total&project=3 HTTP/1.1" 200 1502
[2026-04-21 18:49:53,017] [django.server::log_message::213] [INFO] "GET /api/dm/project?interaction=refresh&project=3 HTTP/1.1" 200 1502
[2026-04-21 18:49:53,017] [django.server::log_message::213] [INFO] "GET /api/dm/project?interaction=refresh&project=3 HTTP/1.1" 200 1502
[2026-04-21 18:49:53,254] [django.server::log_message::213] [INFO] "GET /api/tasks?page=1&page_size=30&view=3&project=3 HTTP/1.1" 200 66
[2026-04-21 18:49:53,254] [django.server::log_message::213] [INFO] "GET /api/tasks?page=1&page_size=30&view=3&project=3 HTTP/1.1" 200 66
[2026-04-21 18:49:54,136] [django.server::log_message::213] [INFO] "GET /api/dm/project?interaction=refresh&project=3 HTTP/1.1" 200 1502
[2026-04-21 18:49:54,136] [django.server::log_message::213] [INFO] "GET /api/dm/project?interaction=refresh&project=3 HTTP/1.1" 200 1502
[2026-04-21 18:49:54,437] [django.server::log_message::213] [INFO] "GET /api/tasks?page=1&page_size=30&view=3&project=3 HTTP/1.1" 200 66
[2026-04-21 18:49:54,437] [django.server::log_message::213] [INFO] "GET /api/tasks?page=1&page_size=30&view=3&project=3 HTTP/1.1" 200 66
[2026-04-21 18:49:56,746] [django.server::log_message::213] [INFO] "GET /api/dm/project?interaction=timer&include=task_count%2Ctask_number%2Cannotation_count%2Cnum_tasks_with_annotations%2Cqueue_total&project=3 HTTP/1.1" 200 1502
[2026-04-21 18:49:56,746] [django.server::log_message::213] [INFO] "GET /api/dm/project?interaction=timer&include=task_count%2Ctask_number%2Cannotation_count%2Cnum_tasks_with_annotations%2Cqueue_total&project=3 HTTP/1.1" 200 1502
[2026-04-21 18:50:15,871] [django.server::log_message::213] [INFO] "GET /api/dm/project?interaction=timer&include=task_count%2Ctask_number%2Cannotation_count%2Cnum_tasks_with_annotations%2Cqueue_total&project=3 HTTP/1.1" 200 1502
[2026-04-21 18:50:15,871] [django.server::log_message::213] [INFO] "GET /api/dm/project?interaction=timer&include=task_count%2Ctask_number%2Cannotation_count%2Cnum_tasks_with_annotations%2Cqueue_total&project=3 HTTP/1.1" 200 1502
[2026-04-21 18:50:17,798] [django.server::log_message::213] [INFO] "POST /api/token/refresh HTTP/1.1" 200 244
[2026-04-21 18:50:17,798] [django.server::log_message::213] [INFO] "POST /api/token/refresh HTTP/1.1" 200 244
[2026-04-21 18:50:17,829] [django.server::log_message::213] [INFO] "GET /api/projects/ HTTP/1.1" 200 4003
[2026-04-21 18:50:17,829] [django.server::log_message::213] [INFO] "GET /api/projects/ HTTP/1.1" 200 4003
[2026-04-21 18:50:17,865] [django.server::log_message::213] [INFO] "GET /api/projects/2/tasks?page_size=5 HTTP/1.1" 200 4688
[2026-04-21 18:50:17,865] [django.server::log_message::213] [INFO] "GET /api/projects/2/tasks?page_size=5 HTTP/1.1" 200 4688
[2026-04-21 18:50:30,572] [django.server::log_message::213] [INFO] "GET /api/projects?page=1&page_size=30&include=id%2Ctitle%2Ccreated_by%2Ccreated_at%2Ccolor%2Cis_published%2Cassignment_settings%2Cstate HTTP/1.1" 200 739
[2026-04-21 18:50:30,572] [django.server::log_message::213] [INFO] "GET /api/projects?page=1&page_size=30&include=id%2Ctitle%2Ccreated_by%2Ccreated_at%2Ccolor%2Cis_published%2Cassignment_settings%2Cstate HTTP/1.1" 200 739
[2026-04-21 18:50:30,699] [django.server::log_message::213] [INFO] "GET /projects HTTP/1.1" 200 38920
[2026-04-21 18:50:30,699] [django.server::log_message::213] [INFO] "GET /projects HTTP/1.1" 200 38920
[2026-04-21 18:50:30,718] [django.server::log_message::213] [INFO] "GET /api/projects?ids=4%2C3%2C2&include=id%2Cdescription%2Cnum_tasks_with_annotations%2Ctask_number%2Cskipped_annotations_number%2Ctotal_annotations_number%2Ctotal_predictions_number%2Cground_truth_number%2Cfinished_task_number&page_size=30 HTTP/1.1" 200 685
[2026-04-21 18:50:30,718] [django.server::log_message::213] [INFO] "GET /api/projects?ids=4%2C3%2C2&include=id%2Cdescription%2Cnum_tasks_with_annotations%2Ctask_number%2Cskipped_annotations_number%2Ctotal_annotations_number%2Ctotal_predictions_number%2Cground_truth_number%2Cfinished_task_number&page_size=30 HTTP/1.1" 200 685
[2026-04-21 18:50:32,376] [django.server::log_message::213] [INFO] "GET /api/projects/2 HTTP/1.1" 200 1313
[2026-04-21 18:50:32,376] [django.server::log_message::213] [INFO] "GET /api/projects/2 HTTP/1.1" 200 1313
[2026-04-21 18:50:32,510] [django.server::log_message::213] [INFO] "GET /api/ml?project=2 HTTP/1.1" 200 2
[2026-04-21 18:50:32,510] [django.server::log_message::213] [INFO] "GET /api/ml?project=2 HTTP/1.1" 200 2
[2026-04-21 18:50:32,899] [django.server::log_message::213] [INFO] "GET /api/dm/columns?project=2 HTTP/1.1" 200 5702
[2026-04-21 18:50:32,899] [django.server::log_message::213] [INFO] "GET /api/dm/columns?project=2 HTTP/1.1" 200 5702
[2026-04-21 18:50:33,016] [django.server::log_message::213] [INFO] "GET /api/dm/project?project=2 HTTP/1.1" 200 1497
[2026-04-21 18:50:33,016] [django.server::log_message::213] [INFO] "GET /api/dm/project?project=2 HTTP/1.1" 200 1497
[2026-04-21 18:50:33,046] [django.server::log_message::213] [INFO] "GET /api/users?project=2 HTTP/1.1" 200 394
[2026-04-21 18:50:33,046] [django.server::log_message::213] [INFO] "GET /api/users?project=2 HTTP/1.1" 200 394
[2026-04-21 18:50:33,046] [django.server::log_message::213] [INFO] "GET /api/dm/views?project=2 HTTP/1.1" 200 1028
[2026-04-21 18:50:33,046] [django.server::log_message::213] [INFO] "GET /api/dm/views?project=2 HTTP/1.1" 200 1028
[2026-04-21 18:50:33,080] [django.server::log_message::213] [INFO] "GET /api/current-user/whoami HTTP/1.1" 200 1239
[2026-04-21 18:50:33,080] [django.server::log_message::213] [INFO] "GET /api/current-user/whoami HTTP/1.1" 200 1239
[2026-04-21 18:50:33,418] [django.server::log_message::213] [INFO] "GET /api/tasks?page=1&page_size=30&view=1&project=2 HTTP/1.1" 200 24114
[2026-04-21 18:50:33,418] [django.server::log_message::213] [INFO] "GET /api/tasks?page=1&page_size=30&view=1&project=2 HTTP/1.1" 200 24114
[2026-04-21 18:50:33,525] [django.server::log_message::213] [INFO] "GET /api/dm/project?interaction=timer&include=task_count%2Ctask_number%2Cannotation_count%2Cnum_tasks_with_annotations%2Cqueue_total&project=2 HTTP/1.1" 200 1497
[2026-04-21 18:50:33,525] [django.server::log_message::213] [INFO] "GET /api/dm/project?interaction=timer&include=task_count%2Ctask_number%2Cannotation_count%2Cnum_tasks_with_annotations%2Cqueue_total&project=2 HTTP/1.1" 200 1497
[2026-04-21 18:50:40,432] [django.server::log_message::213] [INFO] "PATCH /api/dm/views/1?project=2 HTTP/1.1" 200 1026
[2026-04-21 18:50:40,432] [django.server::log_message::213] [INFO] "PATCH /api/dm/views/1?project=2 HTTP/1.1" 200 1026
[2026-04-21 18:50:52,705] [django.server::log_message::213] [INFO] "GET /api/dm/project?interaction=timer&include=task_count%2Ctask_number%2Cannotation_count%2Cnum_tasks_with_annotations%2Cqueue_total&project=2 HTTP/1.1" 200 1497
[2026-04-21 18:50:52,705] [django.server::log_message::213] [INFO] "GET /api/dm/project?interaction=timer&include=task_count%2Ctask_number%2Cannotation_count%2Cnum_tasks_with_annotations%2Cqueue_total&project=2 HTTP/1.1" 200 1497
[2026-04-21 18:51:12,943] [django.server::log_message::213] [INFO] "POST /api/token/refresh HTTP/1.1" 200 244
[2026-04-21 18:51:12,943] [django.server::log_message::213] [INFO] "POST /api/token/refresh HTTP/1.1" 200 244
[2026-04-21 18:51:12,991] [core.label_config::parse_config::53] [WARNING] Using deprecated method - switch to label_studio.tools.label_config.parse_config!
[2026-04-21 18:51:12,991] [core.label_config::parse_config::53] [WARNING] Using deprecated method - switch to label_studio.tools.label_config.parse_config!
[2026-04-21 18:51:13,019] [django.server::log_message::213] [INFO] "PATCH /api/projects/2/ HTTP/1.1" 200 3140
[2026-04-21 18:51:13,019] [django.server::log_message::213] [INFO] "PATCH /api/projects/2/ HTTP/1.1" 200 3140
[2026-04-21 18:51:13,525] [django.server::log_message::213] [INFO] "GET /api/dm/project?interaction=timer&include=task_count%2Ctask_number%2Cannotation_count%2Cnum_tasks_with_annotations%2Cqueue_total&project=2 HTTP/1.1" 200 3324
[2026-04-21 18:51:13,525] [django.server::log_message::213] [INFO] "GET /api/dm/project?interaction=timer&include=task_count%2Ctask_number%2Cannotation_count%2Cnum_tasks_with_annotations%2Cqueue_total&project=2 HTTP/1.1" 200 3324
[2026-04-21 18:51:24,073] [django.server::log_message::213] [INFO] "GET /projects/2/data?tab=1 HTTP/1.1" 200 38920
[2026-04-21 18:51:24,073] [django.server::log_message::213] [INFO] "GET /projects/2/data?tab=1 HTTP/1.1" 200 38920
[2026-04-21 18:51:24,211] [django.server::log_message::213] [INFO] "GET /static/fonts/Figtree-Regular.ttf HTTP/1.1" 200 40584
[2026-04-21 18:51:24,211] [django.server::log_message::213] [INFO] "GET /static/fonts/Figtree-Regular.ttf HTTP/1.1" 200 40584
[2026-04-21 18:51:24,211] [django.server::log_message::213] [INFO] "GET /static/fonts/Figtree-SemiBold.ttf HTTP/1.1" 200 40852
[2026-04-21 18:51:24,211] [django.server::log_message::213] [INFO] "GET /static/fonts/Figtree-SemiBold.ttf HTTP/1.1" 200 40852
[2026-04-21 18:51:24,219] [django.server::log_message::213] [INFO] "GET /react-app/runtime.js?v=0db906 HTTP/1.1" 200 5034
[2026-04-21 18:51:24,219] [django.server::log_message::213] [INFO] "GET /react-app/runtime.js?v=0db906 HTTP/1.1" 200 5034
[2026-04-21 18:51:24,220] [django.server::log_message::213] [INFO] "GET /react-app/vendor.js?v=1 HTTP/1.1" 200 280541
[2026-04-21 18:51:24,220] [django.server::log_message::213] [INFO] "GET /react-app/vendor.js?v=1 HTTP/1.1" 200 280541
[2026-04-21 18:51:24,960] [django.server::log_message::213] [INFO] "GET /static/js/jquery.min.e6c2415c0ace.js HTTP/1.1" 200 87462
[2026-04-21 18:51:24,960] [django.server::log_message::213] [INFO] "GET /static/js/jquery.min.e6c2415c0ace.js HTTP/1.1" 200 87462
[2026-04-21 18:51:24,976] [django.server::log_message::213] [INFO] "GET /react-app/main.js?v=0db906 HTTP/1.1" 200 2497373
[2026-04-21 18:51:24,976] [django.server::log_message::213] [INFO] "GET /react-app/main.js?v=0db906 HTTP/1.1" 200 2497373
[2026-04-21 18:51:28,298] [django.server::log_message::213] [INFO] "GET /sw.js HTTP/1.1" 200 6221
[2026-04-21 18:51:28,298] [django.server::log_message::213] [INFO] "GET /sw.js HTTP/1.1" 200 6221
[2026-04-21 18:51:28,319] [django.server::log_message::213] [INFO] "GET /static/images/favicon.8992b8aa4126.ico HTTP/1.1" 200 15406
[2026-04-21 18:51:28,319] [django.server::log_message::213] [INFO] "GET /static/images/favicon.8992b8aa4126.ico HTTP/1.1" 200 15406
[2026-04-21 18:51:28,360] [django.server::log_message::213] [INFO] "GET /react-app/358.js HTTP/1.1" 200 1178824
[2026-04-21 18:51:28,360] [django.server::log_message::213] [INFO] "GET /react-app/358.js HTTP/1.1" 200 1178824
[2026-04-21 18:51:28,910] [django.server::log_message::213] [INFO] "GET /react-app/855.js HTTP/1.1" 200 216744
[2026-04-21 18:51:28,910] [django.server::log_message::213] [INFO] "GET /react-app/855.js HTTP/1.1" 200 216744
[2026-04-21 18:51:28,916] [django.server::log_message::213] [INFO] "GET /react-app/167.js HTTP/1.1" 200 320718
[2026-04-21 18:51:28,916] [django.server::log_message::213] [INFO] "GET /react-app/167.js HTTP/1.1" 200 320718
[2026-04-21 18:51:28,916] [django.server::log_message::213] [INFO] "GET /react-app/594.js HTTP/1.1" 200 131832
[2026-04-21 18:51:28,916] [django.server::log_message::213] [INFO] "GET /react-app/594.js HTTP/1.1" 200 131832
[2026-04-21 18:51:28,920] [django.server::log_message::213] [INFO] "GET /react-app/288.js HTTP/1.1" 200 1372978
[2026-04-21 18:51:28,920] [django.server::log_message::213] [INFO] "GET /react-app/288.js HTTP/1.1" 200 1372978
[2026-04-21 18:51:29,590] [django.server::log_message::213] [INFO] "GET /api/projects/2 HTTP/1.1" 200 3140
[2026-04-21 18:51:29,590] [django.server::log_message::213] [INFO] "GET /api/projects/2 HTTP/1.1" 200 3140
[2026-04-21 18:51:29,595] [django.server::log_message::213] [INFO] "GET /api/version HTTP/1.1" 200 1052
[2026-04-21 18:51:29,595] [django.server::log_message::213] [INFO] "GET /api/version HTTP/1.1" 200 1052
[2026-04-21 18:51:29,706] [django.server::log_message::213] [INFO] "GET /api/ml?project=2 HTTP/1.1" 200 2
[2026-04-21 18:51:29,706] [django.server::log_message::213] [INFO] "GET /api/ml?project=2 HTTP/1.1" 200 2
[2026-04-21 18:51:29,853] [django.server::log_message::213] [INFO] "GET /sw.js HTTP/1.1" 200 6221
[2026-04-21 18:51:29,853] [django.server::log_message::213] [INFO] "GET /sw.js HTTP/1.1" 200 6221
[2026-04-21 18:51:29,855] [django.server::log_message::213] [INFO] "GET /api/current-user/whoami HTTP/1.1" 200 1239
[2026-04-21 18:51:29,855] [django.server::log_message::213] [INFO] "GET /api/current-user/whoami HTTP/1.1" 200 1239
[2026-04-21 18:51:29,902] [django.server::log_message::213] [INFO] "GET /api/dm/columns?project=2 HTTP/1.1" 200 5694
[2026-04-21 18:51:29,902] [django.server::log_message::213] [INFO] "GET /api/dm/columns?project=2 HTTP/1.1" 200 5694
[2026-04-21 18:51:30,148] [django.server::log_message::213] [INFO] "GET /api/dm/views?project=2 HTTP/1.1" 200 1028
[2026-04-21 18:51:30,148] [django.server::log_message::213] [INFO] "GET /api/dm/views?project=2 HTTP/1.1" 200 1028
[2026-04-21 18:51:30,161] [django.server::log_message::213] [INFO] "GET /api/current-user/whoami HTTP/1.1" 200 1239
[2026-04-21 18:51:30,161] [django.server::log_message::213] [INFO] "GET /api/current-user/whoami HTTP/1.1" 200 1239
[2026-04-21 18:51:30,163] [django.server::log_message::213] [INFO] "GET /api/users?project=2 HTTP/1.1" 200 394
[2026-04-21 18:51:30,163] [django.server::log_message::213] [INFO] "GET /api/users?project=2 HTTP/1.1" 200 394
[2026-04-21 18:51:30,170] [django.server::log_message::213] [INFO] "GET /api/dm/project?project=2 HTTP/1.1" 200 3324
[2026-04-21 18:51:30,170] [django.server::log_message::213] [INFO] "GET /api/dm/project?project=2 HTTP/1.1" 200 3324
[2026-04-21 18:51:30,472] [django.server::log_message::213] [INFO] "GET /api/tasks?page=1&page_size=30&view=1&project=2 HTTP/1.1" 200 24114
[2026-04-21 18:51:30,472] [django.server::log_message::213] [INFO] "GET /api/tasks?page=1&page_size=30&view=1&project=2 HTTP/1.1" 200 24114
[2026-04-21 18:51:30,610] [django.server::log_message::213] [INFO] "GET /api/dm/project?interaction=timer&include=task_count%2Ctask_number%2Cannotation_count%2Cnum_tasks_with_annotations%2Cqueue_total&project=2 HTTP/1.1" 200 3324
[2026-04-21 18:51:30,610] [django.server::log_message::213] [INFO] "GET /api/dm/project?interaction=timer&include=task_count%2Ctask_number%2Cannotation_count%2Cnum_tasks_with_annotations%2Cqueue_total&project=2 HTTP/1.1" 200 3324
[2026-04-21 18:51:32,782] [django.server::log_message::213] [INFO] "GET /react-app/99.js HTTP/1.1" 200 1910
[2026-04-21 18:51:32,782] [django.server::log_message::213] [INFO] "GET /react-app/99.js HTTP/1.1" 200 1910
[2026-04-21 18:51:32,819] [django.server::log_message::213] [INFO] "GET /api/tasks/1?project=2 HTTP/1.1" 200 1089
[2026-04-21 18:51:32,819] [django.server::log_message::213] [INFO] "GET /api/tasks/1?project=2 HTTP/1.1" 200 1089
[2026-04-21 18:51:33,061] [django.server::log_message::213] [INFO] "GET /api/projects/2/label-stream-history?project=2 HTTP/1.1" 200 2
[2026-04-21 18:51:33,061] [django.server::log_message::213] [INFO] "GET /api/projects/2/label-stream-history?project=2 HTTP/1.1" 200 2
/home/nugh75/-qtimes/Praxis-ql/.venv/lib/python3.12/site-packages/rest_framework/pagination.py:207: UnorderedObjectListWarning: Pagination may yield inconsistent results with an unordered object_list: <class 'labels_manager.models.LabelLink'> QuerySet.
  paginator = self.django_paginator_class(queryset, page_size)
[2026-04-21 18:51:33,194] [django.server::log_message::213] [INFO] "GET /api/label_links?project=2&expand=label HTTP/1.1" 200 52
[2026-04-21 18:51:33,194] [django.server::log_message::213] [INFO] "GET /api/label_links?project=2&expand=label HTTP/1.1" 200 52
[2026-04-21 18:51:49,749] [django.server::log_message::213] [INFO] "GET /api/dm/project?interaction=timer&include=task_count%2Ctask_number%2Cannotation_count%2Cnum_tasks_with_annotations%2Cqueue_total&project=2 HTTP/1.1" 200 3324
[2026-04-21 18:51:49,749] [django.server::log_message::213] [INFO] "GET /api/dm/project?interaction=timer&include=task_count%2Ctask_number%2Cannotation_count%2Cnum_tasks_with_annotations%2Cqueue_total&project=2 HTTP/1.1" 200 3324
[2026-04-21 18:51:51,780] [django.server::log_message::213] [INFO] "GET /api/label_links?project=2&expand=label HTTP/1.1" 200 52
[2026-04-21 18:51:51,780] [django.server::log_message::213] [INFO] "GET /api/label_links?project=2&expand=label HTTP/1.1" 200 52
[2026-04-21 18:51:51,828] [django.server::log_message::213] [INFO] "GET /api/tasks/2?project=2 HTTP/1.1" 200 1107
[2026-04-21 18:51:51,828] [django.server::log_message::213] [INFO] "GET /api/tasks/2?project=2 HTTP/1.1" 200 1107
[2026-04-21 18:52:03,457] [django.server::log_message::213] [INFO] "GET /api/label_links?project=2&expand=label HTTP/1.1" 200 52
[2026-04-21 18:52:03,457] [django.server::log_message::213] [INFO] "GET /api/label_links?project=2&expand=label HTTP/1.1" 200 52
[2026-04-21 18:52:03,486] [django.server::log_message::213] [INFO] "GET /api/tasks/3?project=2 HTTP/1.1" 200 1648
[2026-04-21 18:52:03,486] [django.server::log_message::213] [INFO] "GET /api/tasks/3?project=2 HTTP/1.1" 200 1648
[2026-04-21 18:52:10,537] [django.server::log_message::213] [INFO] "GET /api/dm/project?interaction=timer&include=task_count%2Ctask_number%2Cannotation_count%2Cnum_tasks_with_annotations%2Cqueue_total&project=2 HTTP/1.1" 200 3324
[2026-04-21 18:52:10,537] [django.server::log_message::213] [INFO] "GET /api/dm/project?interaction=timer&include=task_count%2Ctask_number%2Cannotation_count%2Cnum_tasks_with_annotations%2Cqueue_total&project=2 HTTP/1.1" 200 3324
[2026-04-21 18:52:31,312] [django.server::log_message::213] [INFO] "GET /api/dm/project?interaction=timer&include=task_count%2Ctask_number%2Cannotation_count%2Cnum_tasks_with_annotations%2Cqueue_total&project=2 HTTP/1.1" 200 3324
[2026-04-21 18:52:31,312] [django.server::log_message::213] [INFO] "GET /api/dm/project?interaction=timer&include=task_count%2Ctask_number%2Cannotation_count%2Cnum_tasks_with_annotations%2Cqueue_total&project=2 HTTP/1.1" 200 3324
[2026-04-21 18:52:50,421] [django.server::log_message::213] [INFO] "GET /api/dm/project?interaction=timer&include=task_count%2Ctask_number%2Cannotation_count%2Cnum_tasks_with_annotations%2Cqueue_total&project=2 HTTP/1.1" 200 3324
[2026-04-21 18:52:50,421] [django.server::log_message::213] [INFO] "GET /api/dm/project?interaction=timer&include=task_count%2Ctask_number%2Cannotation_count%2Cnum_tasks_with_annotations%2Cqueue_total&project=2 HTTP/1.1" 200 3324
[2026-04-21 18:53:11,607] [django.server::log_message::213] [INFO] "GET /api/dm/project?interaction=timer&include=task_count%2Ctask_number%2Cannotation_count%2Cnum_tasks_with_annotations%2Cqueue_total&project=2 HTTP/1.1" 200 3324
[2026-04-21 18:53:11,607] [django.server::log_message::213] [INFO] "GET /api/dm/project?interaction=timer&include=task_count%2Ctask_number%2Cannotation_count%2Cnum_tasks_with_annotations%2Cqueue_total&project=2 HTTP/1.1" 200 3324
[2026-04-21 18:53:30,681] [django.server::log_message::213] [INFO] "GET /api/dm/project?interaction=timer&include=task_count%2Ctask_number%2Cannotation_count%2Cnum_tasks_with_annotations%2Cqueue_total&project=2 HTTP/1.1" 200 3324
[2026-04-21 18:53:30,681] [django.server::log_message::213] [INFO] "GET /api/dm/project?interaction=timer&include=task_count%2Ctask_number%2Cannotation_count%2Cnum_tasks_with_annotations%2Cqueue_total&project=2 HTTP/1.1" 200 3324
[2026-04-21 18:53:51,599] [django.server::log_message::213] [INFO] "GET /api/dm/project?interaction=timer&include=task_count%2Ctask_number%2Cannotation_count%2Cnum_tasks_with_annotations%2Cqueue_total&project=2 HTTP/1.1" 200 3324
[2026-04-21 18:53:51,599] [django.server::log_message::213] [INFO] "GET /api/dm/project?interaction=timer&include=task_count%2Ctask_number%2Cannotation_count%2Cnum_tasks_with_annotations%2Cqueue_total&project=2 HTTP/1.1" 200 3324
[2026-04-21 18:54:12,370] [django.server::log_message::213] [INFO] "GET /api/dm/project?interaction=timer&include=task_count%2Ctask_number%2Cannotation_count%2Cnum_tasks_with_annotations%2Cqueue_total&project=2 HTTP/1.1" 200 3324
[2026-04-21 18:54:12,370] [django.server::log_message::213] [INFO] "GET /api/dm/project?interaction=timer&include=task_count%2Ctask_number%2Cannotation_count%2Cnum_tasks_with_annotations%2Cqueue_total&project=2 HTTP/1.1" 200 3324
[2026-04-21 18:54:17,973] [django.server::log_message::213] [INFO] "GET /api/projects/2 HTTP/1.1" 200 3140
[2026-04-21 18:54:17,973] [django.server::log_message::213] [INFO] "GET /api/projects/2 HTTP/1.1" 200 3140
[2026-04-21 18:54:22,448] [django.server::log_message::213] [INFO] "GET /api/templates HTTP/1.1" 200 152191
[2026-04-21 18:54:22,448] [django.server::log_message::213] [INFO] "GET /api/templates HTTP/1.1" 200 152191
[2026-04-21 18:54:22,741] [core.label_config::parse_config::53] [WARNING] Using deprecated method - switch to label_studio.tools.label_config.parse_config!
[2026-04-21 18:54:22,741] [core.label_config::parse_config::53] [WARNING] Using deprecated method - switch to label_studio.tools.label_config.parse_config!
[2026-04-21 18:54:22,751] [django.server::log_message::213] [INFO] "POST /api/projects/2/validate HTTP/1.1" 200 42
[2026-04-21 18:54:22,751] [django.server::log_message::213] [INFO] "POST /api/projects/2/validate HTTP/1.1" 200 42
[2026-04-21 18:54:22,788] [django.server::log_message::213] [INFO] "GET /api/projects/2/summary HTTP/1.1" 200 420
[2026-04-21 18:54:22,788] [django.server::log_message::213] [INFO] "GET /api/projects/2/summary HTTP/1.1" 200 420
[2026-04-21 18:54:22,824] [django.server::log_message::213] [INFO] "GET /api/projects/2 HTTP/1.1" 200 3140
[2026-04-21 18:54:22,824] [django.server::log_message::213] [INFO] "GET /api/projects/2 HTTP/1.1" 200 3140
[2026-04-21 18:54:22,854] [django.server::log_message::213] [INFO] "POST /api/projects/2/sample-task HTTP/1.1" 200 61
[2026-04-21 18:54:22,854] [django.server::log_message::213] [INFO] "POST /api/projects/2/sample-task HTTP/1.1" 200 61
[2026-04-21 18:54:22,946] [django.server::log_message::213] [INFO] "GET /api/projects/2 HTTP/1.1" 200 3140
[2026-04-21 18:54:22,946] [django.server::log_message::213] [INFO] "GET /api/projects/2 HTTP/1.1" 200 3140
[2026-04-21 18:54:24,353] [django.server::log_message::213] [INFO] "GET /api/projects/2/model-versions?extended=true&include_live_models=true HTTP/1.1" 200 23
[2026-04-21 18:54:24,353] [django.server::log_message::213] [INFO] "GET /api/projects/2/model-versions?extended=true&include_live_models=true HTTP/1.1" 200 23
[2026-04-21 18:54:24,357] [django.server::log_message::213] [INFO] "GET /api/projects/2 HTTP/1.1" 200 3140
[2026-04-21 18:54:24,357] [django.server::log_message::213] [INFO] "GET /api/projects/2 HTTP/1.1" 200 3140
[2026-04-21 18:54:24,489] [django.server::log_message::213] [INFO] "GET /api/projects/2/model-versions?extended=true&include_live_models=true HTTP/1.1" 200 23
[2026-04-21 18:54:24,489] [django.server::log_message::213] [INFO] "GET /api/projects/2/model-versions?extended=true&include_live_models=true HTTP/1.1" 200 23
[2026-04-21 18:54:25,493] [django.server::log_message::213] [INFO] "GET /api/ml?project=2&include_static=true HTTP/1.1" 200 2
[2026-04-21 18:54:25,493] [django.server::log_message::213] [INFO] "GET /api/ml?project=2&include_static=true HTTP/1.1" 200 2
[2026-04-21 18:54:25,497] [django.server::log_message::213] [INFO] "GET /api/projects/2 HTTP/1.1" 200 3140
[2026-04-21 18:54:25,497] [django.server::log_message::213] [INFO] "GET /api/projects/2 HTTP/1.1" 200 3140
[2026-04-21 18:54:25,618] [django.server::log_message::213] [INFO] "GET /api/ml?project=2&include_static=true HTTP/1.1" 200 2
[2026-04-21 18:54:25,618] [django.server::log_message::213] [INFO] "GET /api/ml?project=2&include_static=true HTTP/1.1" 200 2
[2026-04-21 18:54:28,128] [django.server::log_message::213] [INFO] "GET /api/projects/2/model-versions?extended=true HTTP/1.1" 200 25
[2026-04-21 18:54:28,128] [django.server::log_message::213] [INFO] "GET /api/projects/2/model-versions?extended=true HTTP/1.1" 200 25
[2026-04-21 18:54:28,140] [django.server::log_message::213] [INFO] "GET /api/projects/2 HTTP/1.1" 200 3140
[2026-04-21 18:54:28,140] [django.server::log_message::213] [INFO] "GET /api/projects/2 HTTP/1.1" 200 3140
[2026-04-21 18:54:28,307] [django.server::log_message::213] [INFO] "GET /api/projects/2/model-versions?extended=true HTTP/1.1" 200 25
[2026-04-21 18:54:28,307] [django.server::log_message::213] [INFO] "GET /api/projects/2/model-versions?extended=true HTTP/1.1" 200 25
[2026-04-21 18:54:28,461] [django.server::log_message::213] [INFO] "GET /api/projects/2/model-versions?extended=true HTTP/1.1" 200 25
[2026-04-21 18:54:28,461] [django.server::log_message::213] [INFO] "GET /api/projects/2/model-versions?extended=true HTTP/1.1" 200 25
[2026-04-21 18:54:29,818] [django.server::log_message::213] [INFO] "GET /api/storages/types HTTP/1.1" 200 198
[2026-04-21 18:54:29,818] [django.server::log_message::213] [INFO] "GET /api/storages/types HTTP/1.1" 200 198
[2026-04-21 18:54:29,841] [django.server::log_message::213] [INFO] "GET /api/storages/export?project=2 HTTP/1.1" 200 2
[2026-04-21 18:54:29,841] [django.server::log_message::213] [INFO] "GET /api/storages/export?project=2 HTTP/1.1" 200 2
[2026-04-21 18:54:29,841] [django.server::log_message::213] [INFO] "GET /api/storages?project=2 HTTP/1.1" 200 2
[2026-04-21 18:54:29,841] [django.server::log_message::213] [INFO] "GET /api/storages?project=2 HTTP/1.1" 200 2
[2026-04-21 18:54:30,196] [django.server::log_message::213] [INFO] "GET /api/projects/2 HTTP/1.1" 200 3140
[2026-04-21 18:54:30,196] [django.server::log_message::213] [INFO] "GET /api/projects/2 HTTP/1.1" 200 3140
[2026-04-21 18:54:30,209] [django.server::log_message::213] [INFO] "GET /api/storages/export/types HTTP/1.1" 200 198
[2026-04-21 18:54:30,209] [django.server::log_message::213] [INFO] "GET /api/storages/export/types HTTP/1.1" 200 198
[2026-04-21 18:54:31,005] [django.server::log_message::213] [INFO] "GET /api/webhooks/info?organization-only=false HTTP/1.1" 200 1094
[2026-04-21 18:54:31,005] [django.server::log_message::213] [INFO] "GET /api/webhooks/info?organization-only=false HTTP/1.1" 200 1094
[2026-04-21 18:54:31,008] [django.server::log_message::213] [INFO] "GET /api/webhooks?project=2 HTTP/1.1" 200 2
[2026-04-21 18:54:31,008] [django.server::log_message::213] [INFO] "GET /api/webhooks?project=2 HTTP/1.1" 200 2
[2026-04-21 18:54:31,012] [django.server::log_message::213] [INFO] "GET /api/projects/2 HTTP/1.1" 200 3140
[2026-04-21 18:54:31,012] [django.server::log_message::213] [INFO] "GET /api/projects/2 HTTP/1.1" 200 3140
[2026-04-21 18:54:31,089] [django.server::log_message::213] [INFO] "GET /api/webhooks/info?organization-only=false HTTP/1.1" 200 1094
[2026-04-21 18:54:31,089] [django.server::log_message::213] [INFO] "GET /api/webhooks/info?organization-only=false HTTP/1.1" 200 1094
[2026-04-21 18:54:31,092] [django.server::log_message::213] [INFO] "GET /api/webhooks?project=2 HTTP/1.1" 200 2
[2026-04-21 18:54:31,092] [django.server::log_message::213] [INFO] "GET /api/webhooks?project=2 HTTP/1.1" 200 2
[2026-04-21 18:54:31,266] [django.server::log_message::213] [INFO] "GET /api/webhooks/info?organization-only=false HTTP/1.1" 200 1094
[2026-04-21 18:54:31,266] [django.server::log_message::213] [INFO] "GET /api/webhooks/info?organization-only=false HTTP/1.1" 200 1094
[2026-04-21 18:54:31,274] [django.server::log_message::213] [INFO] "GET /api/webhooks?project=2 HTTP/1.1" 200 2
[2026-04-21 18:54:31,274] [django.server::log_message::213] [INFO] "GET /api/webhooks?project=2 HTTP/1.1" 200 2
[2026-04-21 18:54:32,192] [django.server::log_message::213] [INFO] "GET /api/projects/2 HTTP/1.1" 200 3140
[2026-04-21 18:54:32,192] [django.server::log_message::213] [INFO] "GET /api/projects/2 HTTP/1.1" 200 3140
[2026-04-21 18:54:34,605] [django.server::log_message::213] [INFO] "GET /api/projects/2 HTTP/1.1" 200 3140
[2026-04-21 18:54:34,605] [django.server::log_message::213] [INFO] "GET /api/projects/2 HTTP/1.1" 200 3140
[2026-04-21 18:54:47,223] [django.server::log_message::213] [INFO] "GET /user/account HTTP/1.1" 200 49991
[2026-04-21 18:54:47,223] [django.server::log_message::213] [INFO] "GET /user/account HTTP/1.1" 200 49991
[2026-04-21 18:54:47,577] [django.server::log_message::213] [INFO] "GET /api/jwt/settings HTTP/1.1" 200 61
[2026-04-21 18:54:47,577] [django.server::log_message::213] [INFO] "GET /api/jwt/settings HTTP/1.1" 200 61
[2026-04-21 18:55:03,411] [django.server::log_message::213] [INFO] "GET /api/projects?page_size=10 HTTP/1.1" 200 5830
[2026-04-21 18:55:03,411] [django.server::log_message::213] [INFO] "GET /api/projects?page_size=10 HTTP/1.1" 200 5830
[2026-04-21 18:55:03,412] [django.server::log_message::213] [INFO] "GET /api/projects?ids=2%2C3%2C4&page_size=3 HTTP/1.1" 200 5830
[2026-04-21 18:55:03,412] [django.server::log_message::213] [INFO] "GET /api/projects?ids=2%2C3%2C4&page_size=3 HTTP/1.1" 200 5830
[2026-04-21 18:55:06,651] [django.server::log_message::213] [INFO] "GET /api/projects/3 HTTP/1.1" 200 1318
[2026-04-21 18:55:06,651] [django.server::log_message::213] [INFO] "GET /api/projects/3 HTTP/1.1" 200 1318
[2026-04-21 18:55:06,773] [django.server::log_message::213] [INFO] "GET /api/ml?project=3 HTTP/1.1" 200 2
[2026-04-21 18:55:06,773] [django.server::log_message::213] [INFO] "GET /api/ml?project=3 HTTP/1.1" 200 2
[2026-04-21 18:55:06,775] [django.server::log_message::213] [INFO] "GET /api/projects/3 HTTP/1.1" 200 1318
[2026-04-21 18:55:06,775] [django.server::log_message::213] [INFO] "GET /api/projects/3 HTTP/1.1" 200 1318
[2026-04-21 18:55:06,930] [django.server::log_message::213] [INFO] "GET /api/dm/columns?project=3 HTTP/1.1" 200 4077
[2026-04-21 18:55:06,930] [django.server::log_message::213] [INFO] "GET /api/dm/columns?project=3 HTTP/1.1" 200 4077
[2026-04-21 18:55:07,094] [django.server::log_message::213] [INFO] "GET /api/dm/project?project=3 HTTP/1.1" 200 1502
[2026-04-21 18:55:07,094] [django.server::log_message::213] [INFO] "GET /api/dm/project?project=3 HTTP/1.1" 200 1502
[2026-04-21 18:55:07,099] [django.server::log_message::213] [INFO] "GET /api/users?project=3 HTTP/1.1" 200 394
[2026-04-21 18:55:07,099] [django.server::log_message::213] [INFO] "GET /api/users?project=3 HTTP/1.1" 200 394
[2026-04-21 18:55:07,104] [django.server::log_message::213] [INFO] "GET /api/dm/views?project=3 HTTP/1.1" 200 1028
[2026-04-21 18:55:07,104] [django.server::log_message::213] [INFO] "GET /api/dm/views?project=3 HTTP/1.1" 200 1028
[2026-04-21 18:55:07,110] [django.server::log_message::213] [INFO] "GET /api/current-user/whoami HTTP/1.1" 200 1239
[2026-04-21 18:55:07,110] [django.server::log_message::213] [INFO] "GET /api/current-user/whoami HTTP/1.1" 200 1239
[2026-04-21 18:55:09,128] [django.server::log_message::213] [INFO] "GET /api/tasks?page=1&page_size=30&view=3&project=3 HTTP/1.1" 200 66
[2026-04-21 18:55:09,128] [django.server::log_message::213] [INFO] "GET /api/tasks?page=1&page_size=30&view=3&project=3 HTTP/1.1" 200 66
[2026-04-21 18:55:09,311] [django.server::log_message::213] [INFO] "GET /api/dm/project?interaction=timer&include=task_count%2Ctask_number%2Cannotation_count%2Cnum_tasks_with_annotations%2Cqueue_total&project=3 HTTP/1.1" 200 1502
[2026-04-21 18:55:09,311] [django.server::log_message::213] [INFO] "GET /api/dm/project?interaction=timer&include=task_count%2Ctask_number%2Cannotation_count%2Cnum_tasks_with_annotations%2Cqueue_total&project=3 HTTP/1.1" 200 1502
[2026-04-21 18:55:19,202] [django.server::log_message::213] [INFO] "GET /api/projects?page=1&page_size=30&include=id%2Ctitle%2Ccreated_by%2Ccreated_at%2Ccolor%2Cis_published%2Cassignment_settings%2Cstate HTTP/1.1" 200 739
[2026-04-21 18:55:19,202] [django.server::log_message::213] [INFO] "GET /api/projects?page=1&page_size=30&include=id%2Ctitle%2Ccreated_by%2Ccreated_at%2Ccolor%2Cis_published%2Cassignment_settings%2Cstate HTTP/1.1" 200 739
[2026-04-21 18:55:19,493] [django.server::log_message::213] [INFO] "GET /api/projects?ids=4%2C3%2C2&include=id%2Cdescription%2Cnum_tasks_with_annotations%2Ctask_number%2Cskipped_annotations_number%2Ctotal_annotations_number%2Ctotal_predictions_number%2Cground_truth_number%2Cfinished_task_number&page_size=30 HTTP/1.1" 200 685
[2026-04-21 18:55:19,493] [django.server::log_message::213] [INFO] "GET /api/projects?ids=4%2C3%2C2&include=id%2Cdescription%2Cnum_tasks_with_annotations%2Ctask_number%2Cskipped_annotations_number%2Ctotal_annotations_number%2Ctotal_predictions_number%2Cground_truth_number%2Cfinished_task_number&page_size=30 HTTP/1.1" 200 685
[2026-04-21 18:55:19,498] [django.server::log_message::213] [INFO] "GET /projects HTTP/1.1" 200 38920
[2026-04-21 18:55:19,498] [django.server::log_message::213] [INFO] "GET /projects HTTP/1.1" 200 38920
[2026-04-21 18:55:21,694] [django.server::log_message::213] [INFO] "GET /api/projects/4 HTTP/1.1" 200 1318
[2026-04-21 18:55:21,694] [django.server::log_message::213] [INFO] "GET /api/projects/4 HTTP/1.1" 200 1318
[2026-04-21 18:55:21,818] [django.server::log_message::213] [INFO] "GET /api/ml?project=4 HTTP/1.1" 200 2
[2026-04-21 18:55:21,818] [django.server::log_message::213] [INFO] "GET /api/ml?project=4 HTTP/1.1" 200 2
[2026-04-21 18:55:22,030] [django.server::log_message::213] [INFO] "GET /api/dm/columns?project=4 HTTP/1.1" 200 4077
[2026-04-21 18:55:22,030] [django.server::log_message::213] [INFO] "GET /api/dm/columns?project=4 HTTP/1.1" 200 4077
[2026-04-21 18:55:22,301] [django.server::log_message::213] [INFO] "GET /api/users?project=4 HTTP/1.1" 200 394
[2026-04-21 18:55:22,301] [django.server::log_message::213] [INFO] "GET /api/users?project=4 HTTP/1.1" 200 394
[2026-04-21 18:55:22,307] [django.server::log_message::213] [INFO] "GET /api/dm/project?project=4 HTTP/1.1" 200 1502
[2026-04-21 18:55:22,307] [django.server::log_message::213] [INFO] "GET /api/dm/project?project=4 HTTP/1.1" 200 1502
[2026-04-21 18:55:22,322] [django.server::log_message::213] [INFO] "GET /api/current-user/whoami HTTP/1.1" 200 1239
[2026-04-21 18:55:22,322] [django.server::log_message::213] [INFO] "GET /api/current-user/whoami HTTP/1.1" 200 1239
[2026-04-21 18:55:22,331] [django.server::log_message::213] [INFO] "GET /api/dm/views?project=4 HTTP/1.1" 200 1028
[2026-04-21 18:55:22,331] [django.server::log_message::213] [INFO] "GET /api/dm/views?project=4 HTTP/1.1" 200 1028
[2026-04-21 18:55:22,597] [django.server::log_message::213] [INFO] "GET /api/tasks?page=1&page_size=30&view=4&project=4 HTTP/1.1" 200 66
[2026-04-21 18:55:22,597] [django.server::log_message::213] [INFO] "GET /api/tasks?page=1&page_size=30&view=4&project=4 HTTP/1.1" 200 66
[2026-04-21 18:55:22,720] [django.server::log_message::213] [INFO] "GET /api/dm/project?interaction=timer&include=task_count%2Ctask_number%2Cannotation_count%2Cnum_tasks_with_annotations%2Cqueue_total&project=4 HTTP/1.1" 200 1502
[2026-04-21 18:55:22,720] [django.server::log_message::213] [INFO] "GET /api/dm/project?interaction=timer&include=task_count%2Ctask_number%2Cannotation_count%2Cnum_tasks_with_annotations%2Cqueue_total&project=4 HTTP/1.1" 200 1502
[2026-04-21 18:55:24,100] [django.server::log_message::213] [INFO] "GET /api/projects?page=1&page_size=30&include=id%2Ctitle%2Ccreated_by%2Ccreated_at%2Ccolor%2Cis_published%2Cassignment_settings%2Cstate HTTP/1.1" 200 739
[2026-04-21 18:55:24,100] [django.server::log_message::213] [INFO] "GET /api/projects?page=1&page_size=30&include=id%2Ctitle%2Ccreated_by%2Ccreated_at%2Ccolor%2Cis_published%2Cassignment_settings%2Cstate HTTP/1.1" 200 739
[2026-04-21 18:55:24,245] [django.server::log_message::213] [INFO] "GET /projects HTTP/1.1" 200 38920
[2026-04-21 18:55:24,245] [django.server::log_message::213] [INFO] "GET /projects HTTP/1.1" 200 38920
[2026-04-21 18:55:24,252] [django.server::log_message::213] [INFO] "GET /api/projects?ids=4%2C3%2C2&include=id%2Cdescription%2Cnum_tasks_with_annotations%2Ctask_number%2Cskipped_annotations_number%2Ctotal_annotations_number%2Ctotal_predictions_number%2Cground_truth_number%2Cfinished_task_number&page_size=30 HTTP/1.1" 200 685
[2026-04-21 18:55:24,252] [django.server::log_message::213] [INFO] "GET /api/projects?ids=4%2C3%2C2&include=id%2Cdescription%2Cnum_tasks_with_annotations%2Ctask_number%2Cskipped_annotations_number%2Ctotal_annotations_number%2Ctotal_predictions_number%2Cground_truth_number%2Cfinished_task_number&page_size=30 HTTP/1.1" 200 685
[2026-04-21 18:55:28,302] [django.server::log_message::213] [INFO] "GET /projects/4/settings HTTP/1.1" 200 38920
[2026-04-21 18:55:28,302] [django.server::log_message::213] [INFO] "GET /projects/4/settings HTTP/1.1" 200 38920
[2026-04-21 18:55:28,425] [django.server::log_message::213] [INFO] "GET /api/projects/4 HTTP/1.1" 200 1318
[2026-04-21 18:55:28,425] [django.server::log_message::213] [INFO] "GET /api/projects/4 HTTP/1.1" 200 1318
[2026-04-21 18:55:29,949] [django.server::log_message::213] [INFO] "GET /api/projects/4 HTTP/1.1" 200 1318
[2026-04-21 18:55:29,949] [django.server::log_message::213] [INFO] "GET /api/projects/4 HTTP/1.1" 200 1318
[2026-04-21 18:55:30,261] [django.server::log_message::213] [INFO] "GET /api/projects/4 HTTP/1.1" 200 1318
[2026-04-21 18:55:30,261] [django.server::log_message::213] [INFO] "GET /api/projects/4 HTTP/1.1" 200 1318
[2026-04-21 18:55:31,735] [django.server::log_message::213] [INFO] "GET /api/current-user/whoami HTTP/1.1" 200 1239
[2026-04-21 18:55:31,735] [django.server::log_message::213] [INFO] "GET /api/current-user/whoami HTTP/1.1" 200 1239
[2026-04-21 18:55:52,931] [django.server::log_message::213] [INFO] "POST /api/token/refresh HTTP/1.1" 200 244
[2026-04-21 18:55:52,931] [django.server::log_message::213] [INFO] "POST /api/token/refresh HTTP/1.1" 200 244
[2026-04-21 18:55:52,975] [core.label_config::parse_config::53] [WARNING] Using deprecated method - switch to label_studio.tools.label_config.parse_config!
[2026-04-21 18:55:52,975] [core.label_config::parse_config::53] [WARNING] Using deprecated method - switch to label_studio.tools.label_config.parse_config!
[2026-04-21 18:55:53,011] [django.server::log_message::213] [INFO] "PATCH /api/projects/2/ HTTP/1.1" 200 15825
[2026-04-21 18:55:53,011] [django.server::log_message::213] [INFO] "PATCH /api/projects/2/ HTTP/1.1" 200 15825
[2026-04-21 18:56:17,903] [django.server::log_message::213] [INFO] "DELETE /api/projects/4 HTTP/1.1" 204 0
[2026-04-21 18:56:17,903] [django.server::log_message::213] [INFO] "DELETE /api/projects/4 HTTP/1.1" 204 0
[2026-04-21 18:56:18,189] [django.server::log_message::213] [INFO] "GET /api/projects?page=1&page_size=30&include=id%2Ctitle%2Ccreated_by%2Ccreated_at%2Ccolor%2Cis_published%2Cassignment_settings%2Cstate HTTP/1.1" 200 507
[2026-04-21 18:56:18,189] [django.server::log_message::213] [INFO] "GET /api/projects?page=1&page_size=30&include=id%2Ctitle%2Ccreated_by%2Ccreated_at%2Ccolor%2Cis_published%2Cassignment_settings%2Cstate HTTP/1.1" 200 507
[2026-04-21 18:56:18,379] [django.server::log_message::213] [INFO] "GET /projects HTTP/1.1" 200 38920
[2026-04-21 18:56:18,379] [django.server::log_message::213] [INFO] "GET /projects HTTP/1.1" 200 38920
[2026-04-21 18:56:18,387] [django.server::log_message::213] [INFO] "GET /api/projects?ids=3%2C2&include=id%2Cdescription%2Cnum_tasks_with_annotations%2Ctask_number%2Cskipped_annotations_number%2Ctotal_annotations_number%2Ctotal_predictions_number%2Cground_truth_number%2Cfinished_task_number&page_size=30 HTTP/1.1" 200 474
[2026-04-21 18:56:18,387] [django.server::log_message::213] [INFO] "GET /api/projects?ids=3%2C2&include=id%2Cdescription%2Cnum_tasks_with_annotations%2Ctask_number%2Cskipped_annotations_number%2Ctotal_annotations_number%2Ctotal_predictions_number%2Cground_truth_number%2Cfinished_task_number&page_size=30 HTTP/1.1" 200 474
[2026-04-21 18:56:22,575] [django.server::log_message::213] [INFO] "GET /projects/3/settings HTTP/1.1" 200 38920
[2026-04-21 18:56:22,575] [django.server::log_message::213] [INFO] "GET /projects/3/settings HTTP/1.1" 200 38920
[2026-04-21 18:56:22,795] [django.server::log_message::213] [INFO] "GET /api/projects/3 HTTP/1.1" 200 1318
[2026-04-21 18:56:22,795] [django.server::log_message::213] [INFO] "GET /api/projects/3 HTTP/1.1" 200 1318
[2026-04-21 18:56:24,007] [django.server::log_message::213] [INFO] "GET /api/projects/3 HTTP/1.1" 200 1318
[2026-04-21 18:56:24,007] [django.server::log_message::213] [INFO] "GET /api/projects/3 HTTP/1.1" 200 1318
[2026-04-21 18:56:24,076] [django.server::log_message::213] [INFO] "GET /api/projects/3 HTTP/1.1" 200 1318
[2026-04-21 18:56:24,076] [django.server::log_message::213] [INFO] "GET /api/projects/3 HTTP/1.1" 200 1318
[2026-04-21 18:56:25,240] [django.server::log_message::213] [INFO] "GET /api/current-user/whoami HTTP/1.1" 200 1239
[2026-04-21 18:56:25,240] [django.server::log_message::213] [INFO] "GET /api/current-user/whoami HTTP/1.1" 200 1239
[2026-04-21 18:56:32,278] [django.server::log_message::213] [INFO] "DELETE /api/projects/3 HTTP/1.1" 204 0
[2026-04-21 18:56:32,278] [django.server::log_message::213] [INFO] "DELETE /api/projects/3 HTTP/1.1" 204 0
[2026-04-21 18:56:32,397] [django.server::log_message::213] [INFO] "GET /api/projects?page=1&page_size=30&include=id%2Ctitle%2Ccreated_by%2Ccreated_at%2Ccolor%2Cis_published%2Cassignment_settings%2Cstate HTTP/1.1" 200 275
[2026-04-21 18:56:32,397] [django.server::log_message::213] [INFO] "GET /api/projects?page=1&page_size=30&include=id%2Ctitle%2Ccreated_by%2Ccreated_at%2Ccolor%2Cis_published%2Cassignment_settings%2Cstate HTTP/1.1" 200 275
[2026-04-21 18:56:32,544] [django.server::log_message::213] [INFO] "GET /api/projects?ids=2&include=id%2Cdescription%2Cnum_tasks_with_annotations%2Ctask_number%2Cskipped_annotations_number%2Ctotal_annotations_number%2Ctotal_predictions_number%2Cground_truth_number%2Cfinished_task_number&page_size=30 HTTP/1.1" 200 263
[2026-04-21 18:56:32,544] [django.server::log_message::213] [INFO] "GET /api/projects?ids=2&include=id%2Cdescription%2Cnum_tasks_with_annotations%2Ctask_number%2Cskipped_annotations_number%2Ctotal_annotations_number%2Ctotal_predictions_number%2Cground_truth_number%2Cfinished_task_number&page_size=30 HTTP/1.1" 200 263
[2026-04-21 18:56:32,558] [django.server::log_message::213] [INFO] "GET /projects HTTP/1.1" 200 38920
[2026-04-21 18:56:32,558] [django.server::log_message::213] [INFO] "GET /projects HTTP/1.1" 200 38920
[2026-04-21 18:56:34,069] [django.server::log_message::213] [INFO] "GET /api/projects/2 HTTP/1.1" 200 15825
[2026-04-21 18:56:34,069] [django.server::log_message::213] [INFO] "GET /api/projects/2 HTTP/1.1" 200 15825
[2026-04-21 18:56:34,071] [django.server::log_message::213] [INFO] "GET /api/ml?project=2 HTTP/1.1" 200 2
[2026-04-21 18:56:34,071] [django.server::log_message::213] [INFO] "GET /api/ml?project=2 HTTP/1.1" 200 2
[2026-04-21 18:56:34,179] [django.server::log_message::213] [INFO] "GET /api/dm/columns?project=2 HTTP/1.1" 200 5694
[2026-04-21 18:56:34,179] [django.server::log_message::213] [INFO] "GET /api/dm/columns?project=2 HTTP/1.1" 200 5694
[2026-04-21 18:56:34,352] [django.server::log_message::213] [INFO] "GET /api/users?project=2 HTTP/1.1" 200 394
[2026-04-21 18:56:34,352] [django.server::log_message::213] [INFO] "GET /api/users?project=2 HTTP/1.1" 200 394
[2026-04-21 18:56:34,361] [django.server::log_message::213] [INFO] "GET /api/dm/views?project=2 HTTP/1.1" 200 1028
[2026-04-21 18:56:34,361] [django.server::log_message::213] [INFO] "GET /api/dm/views?project=2 HTTP/1.1" 200 1028
[2026-04-21 18:56:34,361] [django.server::log_message::213] [INFO] "GET /api/dm/project?project=2 HTTP/1.1" 200 16009
[2026-04-21 18:56:34,361] [django.server::log_message::213] [INFO] "GET /api/dm/project?project=2 HTTP/1.1" 200 16009
[2026-04-21 18:56:34,368] [django.server::log_message::213] [INFO] "GET /api/current-user/whoami HTTP/1.1" 200 1239
[2026-04-21 18:56:34,368] [django.server::log_message::213] [INFO] "GET /api/current-user/whoami HTTP/1.1" 200 1239
[2026-04-21 18:56:34,737] [django.server::log_message::213] [INFO] "GET /api/tasks?page=1&page_size=30&view=1&project=2 HTTP/1.1" 200 24114
[2026-04-21 18:56:34,737] [django.server::log_message::213] [INFO] "GET /api/tasks?page=1&page_size=30&view=1&project=2 HTTP/1.1" 200 24114
[2026-04-21 18:56:34,909] [django.server::log_message::213] [INFO] "GET /api/dm/project?interaction=timer&include=task_count%2Ctask_number%2Cannotation_count%2Cnum_tasks_with_annotations%2Cqueue_total&project=2 HTTP/1.1" 200 16009
[2026-04-21 18:56:34,909] [django.server::log_message::213] [INFO] "GET /api/dm/project?interaction=timer&include=task_count%2Ctask_number%2Cannotation_count%2Cnum_tasks_with_annotations%2Cqueue_total&project=2 HTTP/1.1" 200 16009
[2026-04-21 18:56:36,918] [django.server::log_message::213] [INFO] "GET /api/tasks/1?project=2 HTTP/1.1" 200 1089
[2026-04-21 18:56:36,918] [django.server::log_message::213] [INFO] "GET /api/tasks/1?project=2 HTTP/1.1" 200 1089
[2026-04-21 18:56:36,921] [django.server::log_message::213] [INFO] "GET /api/projects/2/label-stream-history?project=2 HTTP/1.1" 200 2
[2026-04-21 18:56:36,921] [django.server::log_message::213] [INFO] "GET /api/projects/2/label-stream-history?project=2 HTTP/1.1" 200 2
[2026-04-21 18:56:37,146] [django.server::log_message::213] [INFO] "GET /api/label_links?project=2&expand=label HTTP/1.1" 200 52
[2026-04-21 18:56:37,146] [django.server::log_message::213] [INFO] "GET /api/label_links?project=2&expand=label HTTP/1.1" 200 52
[2026-04-21 18:56:55,773] [django.server::log_message::213] [INFO] "GET /api/dm/project?interaction=timer&include=task_count%2Ctask_number%2Cannotation_count%2Cnum_tasks_with_annotations%2Cqueue_total&project=2 HTTP/1.1" 200 16009
[2026-04-21 18:56:55,773] [django.server::log_message::213] [INFO] "GET /api/dm/project?interaction=timer&include=task_count%2Ctask_number%2Cannotation_count%2Cnum_tasks_with_annotations%2Cqueue_total&project=2 HTTP/1.1" 200 16009
[2026-04-21 18:57:07,974] [django.server::log_message::213] [INFO] "GET /api/label_links?project=2&expand=label HTTP/1.1" 200 52
[2026-04-21 18:57:07,974] [django.server::log_message::213] [INFO] "GET /api/label_links?project=2&expand=label HTTP/1.1" 200 52
[2026-04-21 18:57:08,019] [django.server::log_message::213] [INFO] "GET /api/tasks/2?project=2 HTTP/1.1" 200 1107
[2026-04-21 18:57:08,019] [django.server::log_message::213] [INFO] "GET /api/tasks/2?project=2 HTTP/1.1" 200 1107
[2026-04-21 18:57:16,739] [django.server::log_message::213] [INFO] "GET /api/dm/project?interaction=timer&include=task_count%2Ctask_number%2Cannotation_count%2Cnum_tasks_with_annotations%2Cqueue_total&project=2 HTTP/1.1" 200 16009
[2026-04-21 18:57:16,739] [django.server::log_message::213] [INFO] "GET /api/dm/project?interaction=timer&include=task_count%2Ctask_number%2Cannotation_count%2Cnum_tasks_with_annotations%2Cqueue_total&project=2 HTTP/1.1" 200 16009
[2026-04-21 18:57:35,880] [django.server::log_message::213] [INFO] "GET /api/dm/project?interaction=timer&include=task_count%2Ctask_number%2Cannotation_count%2Cnum_tasks_with_annotations%2Cqueue_total&project=2 HTTP/1.1" 200 16009
[2026-04-21 18:57:35,880] [django.server::log_message::213] [INFO] "GET /api/dm/project?interaction=timer&include=task_count%2Ctask_number%2Cannotation_count%2Cnum_tasks_with_annotations%2Cqueue_total&project=2 HTTP/1.1" 200 16009
[2026-04-21 18:57:56,741] [django.server::log_message::213] [INFO] "GET /api/dm/project?interaction=timer&include=task_count%2Ctask_number%2Cannotation_count%2Cnum_tasks_with_annotations%2Cqueue_total&project=2 HTTP/1.1" 200 16009
[2026-04-21 18:57:56,741] [django.server::log_message::213] [INFO] "GET /api/dm/project?interaction=timer&include=task_count%2Ctask_number%2Cannotation_count%2Cnum_tasks_with_annotations%2Cqueue_total&project=2 HTTP/1.1" 200 16009
[2026-04-21 18:57:57,433] [django.server::log_message::213] [INFO] "GET /api/label_links?project=2&expand=label HTTP/1.1" 200 52
[2026-04-21 18:57:57,433] [django.server::log_message::213] [INFO] "GET /api/label_links?project=2&expand=label HTTP/1.1" 200 52
[2026-04-21 18:57:57,480] [django.server::log_message::213] [INFO] "GET /api/tasks/3?project=2 HTTP/1.1" 200 1648
[2026-04-21 18:57:57,480] [django.server::log_message::213] [INFO] "GET /api/tasks/3?project=2 HTTP/1.1" 200 1648
[2026-04-21 18:58:15,913] [django.server::log_message::213] [INFO] "GET /api/dm/project?interaction=timer&include=task_count%2Ctask_number%2Cannotation_count%2Cnum_tasks_with_annotations%2Cqueue_total&project=2 HTTP/1.1" 200 16009
[2026-04-21 18:58:15,913] [django.server::log_message::213] [INFO] "GET /api/dm/project?interaction=timer&include=task_count%2Ctask_number%2Cannotation_count%2Cnum_tasks_with_annotations%2Cqueue_total&project=2 HTTP/1.1" 200 16009
[2026-04-21 18:58:36,833] [django.server::log_message::213] [INFO] "GET /api/dm/project?interaction=timer&include=task_count%2Ctask_number%2Cannotation_count%2Cnum_tasks_with_annotations%2Cqueue_total&project=2 HTTP/1.1" 200 16009
[2026-04-21 18:58:36,833] [django.server::log_message::213] [INFO] "GET /api/dm/project?interaction=timer&include=task_count%2Ctask_number%2Cannotation_count%2Cnum_tasks_with_annotations%2Cqueue_total&project=2 HTTP/1.1" 200 16009
[2026-04-21 18:58:57,587] [django.server::log_message::213] [INFO] "GET /api/dm/project?interaction=timer&include=task_count%2Ctask_number%2Cannotation_count%2Cnum_tasks_with_annotations%2Cqueue_total&project=2 HTTP/1.1" 200 16009
[2026-04-21 18:58:57,587] [django.server::log_message::213] [INFO] "GET /api/dm/project?interaction=timer&include=task_count%2Ctask_number%2Cannotation_count%2Cnum_tasks_with_annotations%2Cqueue_total&project=2 HTTP/1.1" 200 16009
[2026-04-21 18:59:16,565] [django.server::log_message::213] [INFO] "GET /api/dm/project?interaction=timer&include=task_count%2Ctask_number%2Cannotation_count%2Cnum_tasks_with_annotations%2Cqueue_total&project=2 HTTP/1.1" 200 16009
[2026-04-21 18:59:16,565] [django.server::log_message::213] [INFO] "GET /api/dm/project?interaction=timer&include=task_count%2Ctask_number%2Cannotation_count%2Cnum_tasks_with_annotations%2Cqueue_total&project=2 HTTP/1.1" 200 16009
[2026-04-21 18:59:37,388] [django.server::log_message::213] [INFO] "GET /api/dm/project?interaction=timer&include=task_count%2Ctask_number%2Cannotation_count%2Cnum_tasks_with_annotations%2Cqueue_total&project=2 HTTP/1.1" 200 16009
[2026-04-21 18:59:37,388] [django.server::log_message::213] [INFO] "GET /api/dm/project?interaction=timer&include=task_count%2Ctask_number%2Cannotation_count%2Cnum_tasks_with_annotations%2Cqueue_total&project=2 HTTP/1.1" 200 16009
[2026-04-21 18:59:58,197] [django.server::log_message::213] [INFO] "GET /api/dm/project?interaction=timer&include=task_count%2Ctask_number%2Cannotation_count%2Cnum_tasks_with_annotations%2Cqueue_total&project=2 HTTP/1.1" 200 16009
[2026-04-21 18:59:58,197] [django.server::log_message::213] [INFO] "GET /api/dm/project?interaction=timer&include=task_count%2Ctask_number%2Cannotation_count%2Cnum_tasks_with_annotations%2Cqueue_total&project=2 HTTP/1.1" 200 16009
[2026-04-21 19:00:17,324] [django.server::log_message::213] [INFO] "GET /api/dm/project?interaction=timer&include=task_count%2Ctask_number%2Cannotation_count%2Cnum_tasks_with_annotations%2Cqueue_total&project=2 HTTP/1.1" 200 16009
[2026-04-21 19:00:17,324] [django.server::log_message::213] [INFO] "GET /api/dm/project?interaction=timer&include=task_count%2Ctask_number%2Cannotation_count%2Cnum_tasks_with_annotations%2Cqueue_total&project=2 HTTP/1.1" 200 16009
[2026-04-21 19:00:38,055] [django.server::log_message::213] [INFO] "GET /api/dm/project?interaction=timer&include=task_count%2Ctask_number%2Cannotation_count%2Cnum_tasks_with_annotations%2Cqueue_total&project=2 HTTP/1.1" 200 16009
[2026-04-21 19:00:38,055] [django.server::log_message::213] [INFO] "GET /api/dm/project?interaction=timer&include=task_count%2Ctask_number%2Cannotation_count%2Cnum_tasks_with_annotations%2Cqueue_total&project=2 HTTP/1.1" 200 16009
[2026-04-21 19:00:55,708] [django.server::log_message::213] [INFO] "PATCH /api/dm/views/1?project=2 HTTP/1.1" 200 1015
[2026-04-21 19:00:55,708] [django.server::log_message::213] [INFO] "PATCH /api/dm/views/1?project=2 HTTP/1.1" 200 1015
[2026-04-21 19:00:56,042] [django.server::log_message::213] [INFO] "GET /api/tasks?page=1&page_size=30&view=1&project=2 HTTP/1.1" 200 24114
[2026-04-21 19:00:56,042] [django.server::log_message::213] [INFO] "GET /api/tasks?page=1&page_size=30&view=1&project=2 HTTP/1.1" 200 24114
[2026-04-21 19:00:58,811] [django.server::log_message::213] [INFO] "GET /api/dm/project?interaction=timer&include=task_count%2Ctask_number%2Cannotation_count%2Cnum_tasks_with_annotations%2Cqueue_total&project=2 HTTP/1.1" 200 16009
[2026-04-21 19:00:58,811] [django.server::log_message::213] [INFO] "GET /api/dm/project?interaction=timer&include=task_count%2Ctask_number%2Cannotation_count%2Cnum_tasks_with_annotations%2Cqueue_total&project=2 HTTP/1.1" 200 16009
[2026-04-21 19:01:00,016] [django.server::log_message::213] [INFO] "PATCH /api/dm/views/1?project=2 HTTP/1.1" 200 994
[2026-04-21 19:01:00,016] [django.server::log_message::213] [INFO] "PATCH /api/dm/views/1?project=2 HTTP/1.1" 200 994
[2026-04-21 19:01:00,382] [django.server::log_message::213] [INFO] "GET /api/tasks?page=1&page_size=30&view=1&project=2 HTTP/1.1" 200 24114
[2026-04-21 19:01:00,382] [django.server::log_message::213] [INFO] "GET /api/tasks?page=1&page_size=30&view=1&project=2 HTTP/1.1" 200 24114
[2026-04-21 19:01:01,170] [django.server::log_message::213] [INFO] "PATCH /api/dm/views/1?project=2 HTTP/1.1" 200 1015
[2026-04-21 19:01:01,170] [django.server::log_message::213] [INFO] "PATCH /api/dm/views/1?project=2 HTTP/1.1" 200 1015
[2026-04-21 19:01:01,574] [django.server::log_message::213] [INFO] "GET /api/tasks?page=1&page_size=30&view=1&project=2 HTTP/1.1" 200 24114
[2026-04-21 19:01:01,574] [django.server::log_message::213] [INFO] "GET /api/tasks?page=1&page_size=30&view=1&project=2 HTTP/1.1" 200 24114
[2026-04-21 19:01:17,862] [django.server::log_message::213] [INFO] "GET /api/dm/project?interaction=timer&include=task_count%2Ctask_number%2Cannotation_count%2Cnum_tasks_with_annotations%2Cqueue_total&project=2 HTTP/1.1" 200 16009
[2026-04-21 19:01:17,862] [django.server::log_message::213] [INFO] "GET /api/dm/project?interaction=timer&include=task_count%2Ctask_number%2Cannotation_count%2Cnum_tasks_with_annotations%2Cqueue_total&project=2 HTTP/1.1" 200 16009
[2026-04-21 19:01:38,730] [django.server::log_message::213] [INFO] "GET /api/dm/project?interaction=timer&include=task_count%2Ctask_number%2Cannotation_count%2Cnum_tasks_with_annotations%2Cqueue_total&project=2 HTTP/1.1" 200 16009
[2026-04-21 19:01:38,730] [django.server::log_message::213] [INFO] "GET /api/dm/project?interaction=timer&include=task_count%2Ctask_number%2Cannotation_count%2Cnum_tasks_with_annotations%2Cqueue_total&project=2 HTTP/1.1" 200 16009
[2026-04-21 19:01:57,738] [django.server::log_message::213] [INFO] "GET /api/dm/project?interaction=timer&include=task_count%2Ctask_number%2Cannotation_count%2Cnum_tasks_with_annotations%2Cqueue_total&project=2 HTTP/1.1" 200 16009
[2026-04-21 19:01:57,738] [django.server::log_message::213] [INFO] "GET /api/dm/project?interaction=timer&include=task_count%2Ctask_number%2Cannotation_count%2Cnum_tasks_with_annotations%2Cqueue_total&project=2 HTTP/1.1" 200 16009
[2026-04-21 19:02:18,972] [django.server::log_message::213] [INFO] "GET /api/dm/project?interaction=timer&include=task_count%2Ctask_number%2Cannotation_count%2Cnum_tasks_with_annotations%2Cqueue_total&project=2 HTTP/1.1" 200 16009
[2026-04-21 19:02:18,972] [django.server::log_message::213] [INFO] "GET /api/dm/project?interaction=timer&include=task_count%2Ctask_number%2Cannotation_count%2Cnum_tasks_with_annotations%2Cqueue_total&project=2 HTTP/1.1" 200 16009
[2026-04-21 19:24:13,019] [django.server::log_message::213] [INFO] "POST /api/token/refresh HTTP/1.1" 200 244
[2026-04-21 19:24:13,019] [django.server::log_message::213] [INFO] "POST /api/token/refresh HTTP/1.1" 200 244
[2026-04-21 19:24:14,893] [core.utils.common::custom_exception_handler::97] [ERROR] aac27509-2e4d-4fdc-8c9d-f376755e2f19 Invalid token.
Traceback (most recent call last):
  File "/home/nugh75/-qtimes/Praxis-ql/.venv/lib/python3.12/site-packages/rest_framework/authentication.py", line 201, in authenticate_credentials
    token = model.objects.select_related('user').get(key=key)
            ^^^^^^^^^^^^^^^^^^^^^^^^^^^^^^^^^^^^^^^^^^^^^^^^^
  File "/home/nugh75/-qtimes/Praxis-ql/.venv/lib/python3.12/site-packages/django/db/models/query.py", line 651, in get
    raise self.model.DoesNotExist(
rest_framework.authtoken.models.Token.DoesNotExist: Token matching query does not exist.

During handling of the above exception, another exception occurred:

Traceback (most recent call last):
  File "/home/nugh75/-qtimes/Praxis-ql/.venv/lib/python3.12/site-packages/rest_framework/views.py", line 497, in dispatch
    self.initial(request, *args, **kwargs)
  File "/home/nugh75/-qtimes/Praxis-ql/.venv/lib/python3.12/site-packages/sentry_sdk/integrations/django/__init__.py", line 335, in sentry_patched_drf_initial
    return old_drf_initial(self, request, *args, **kwargs)
           ^^^^^^^^^^^^^^^^^^^^^^^^^^^^^^^^^^^^^^^^^^^^^^^
  File "/home/nugh75/-qtimes/Praxis-ql/.venv/lib/python3.12/site-packages/rest_framework/views.py", line 414, in initial
    self.perform_authentication(request)
  File "/home/nugh75/-qtimes/Praxis-ql/.venv/lib/python3.12/site-packages/rest_framework/views.py", line 324, in perform_authentication
    request.user
  File "/home/nugh75/-qtimes/Praxis-ql/.venv/lib/python3.12/site-packages/rest_framework/request.py", line 231, in user
    self._authenticate()
  File "/home/nugh75/-qtimes/Praxis-ql/.venv/lib/python3.12/site-packages/rest_framework/request.py", line 384, in _authenticate
    user_auth_tuple = authenticator.authenticate(self)
                      ^^^^^^^^^^^^^^^^^^^^^^^^^^^^^^^^
  File "/home/nugh75/-qtimes/Praxis-ql/.venv/lib/python3.12/site-packages/label_studio/jwt_auth/auth.py", line 20, in authenticate
    auth_result = super().authenticate(request)
                  ^^^^^^^^^^^^^^^^^^^^^^^^^^^^^
  File "/home/nugh75/-qtimes/Praxis-ql/.venv/lib/python3.12/site-packages/rest_framework/authentication.py", line 196, in authenticate
    return self.authenticate_credentials(token)
           ^^^^^^^^^^^^^^^^^^^^^^^^^^^^^^^^^^^^
  File "/home/nugh75/-qtimes/Praxis-ql/.venv/lib/python3.12/site-packages/rest_framework/authentication.py", line 203, in authenticate_credentials
    raise exceptions.AuthenticationFailed(_('Invalid token.'))
rest_framework.exceptions.AuthenticationFailed: Invalid token.
[2026-04-21 19:24:14,896] [django.request::log_response::253] [WARNING] Unauthorized: /api/projects/
[2026-04-21 19:24:14,896] [django.request::log_response::253] [WARNING] Unauthorized: /api/projects/
[2026-04-21 19:24:14,898] [django.server::log_message::213] [WARNING] "POST /api/projects HTTP/1.1" 401 124
[2026-04-21 19:24:14,898] [django.server::log_message::213] [WARNING] "POST /api/projects HTTP/1.1" 401 124
[2026-04-21 19:26:39,891] [django.server::log_message::213] [INFO] "POST /api/token/refresh HTTP/1.1" 200 244
[2026-04-21 19:26:39,891] [django.server::log_message::213] [INFO] "POST /api/token/refresh HTTP/1.1" 200 244
[2026-04-21 19:26:39,972] [django.server::log_message::213] [INFO] "POST /api/projects/ HTTP/1.1" 201 15927
[2026-04-21 19:26:39,972] [django.server::log_message::213] [INFO] "POST /api/projects/ HTTP/1.1" 201 15927
[2026-04-21 19:26:40,008] [django.server::log_message::213] [INFO] "POST /api/token/refresh HTTP/1.1" 200 244
[2026-04-21 19:26:40,008] [django.server::log_message::213] [INFO] "POST /api/token/refresh HTTP/1.1" 200 244
[2026-04-21 19:26:40,512] [django.server::log_message::213] [INFO] "POST /api/projects/6/import HTTP/1.1" 201 177
[2026-04-21 19:26:40,512] [django.server::log_message::213] [INFO] "POST /api/projects/6/import HTTP/1.1" 201 177
[2026-04-21 19:26:55,992] [django.server::log_message::213] [INFO] "GET /projects/6/data HTTP/1.1" 200 38920
[2026-04-21 19:26:55,992] [django.server::log_message::213] [INFO] "GET /projects/6/data HTTP/1.1" 200 38920
[2026-04-21 19:26:56,357] [django.server::log_message::213] [INFO] "GET /react-app/main.css?v=0db906 HTTP/1.1" 200 232558
[2026-04-21 19:26:56,357] [django.server::log_message::213] [INFO] "GET /react-app/main.css?v=0db906 HTTP/1.1" 200 232558
[2026-04-21 19:26:56,733] [django.server::log_message::213] [INFO] "GET /react-app/runtime.js?v=0db906 HTTP/1.1" 200 5034
[2026-04-21 19:26:56,733] [django.server::log_message::213] [INFO] "GET /react-app/runtime.js?v=0db906 HTTP/1.1" 200 5034
[2026-04-21 19:26:56,736] [django.server::log_message::213] [INFO] "GET /static/fonts/Figtree-SemiBold.ttf HTTP/1.1" 200 40852
[2026-04-21 19:26:56,736] [django.server::log_message::213] [INFO] "GET /static/fonts/Figtree-SemiBold.ttf HTTP/1.1" 200 40852
[2026-04-21 19:26:56,737] [django.server::log_message::213] [INFO] "GET /react-app/vendor.js?v=1 HTTP/1.1" 200 280541
[2026-04-21 19:26:56,737] [django.server::log_message::213] [INFO] "GET /react-app/vendor.js?v=1 HTTP/1.1" 200 280541
[2026-04-21 19:26:56,780] [django.server::log_message::213] [INFO] "GET /static/fonts/Figtree-Regular.ttf HTTP/1.1" 200 40584
[2026-04-21 19:26:56,780] [django.server::log_message::213] [INFO] "GET /static/fonts/Figtree-Regular.ttf HTTP/1.1" 200 40584
[2026-04-21 19:26:56,781] [django.server::log_message::213] [INFO] "GET /static/js/jquery.min.e6c2415c0ace.js HTTP/1.1" 200 87462
[2026-04-21 19:26:56,781] [django.server::log_message::213] [INFO] "GET /static/js/jquery.min.e6c2415c0ace.js HTTP/1.1" 200 87462
[2026-04-21 19:26:57,080] [django.server::log_message::213] [INFO] "GET /react-app/main.js?v=0db906 HTTP/1.1" 200 2497373
[2026-04-21 19:26:57,080] [django.server::log_message::213] [INFO] "GET /react-app/main.js?v=0db906 HTTP/1.1" 200 2497373
[2026-04-21 19:26:58,589] [django.server::log_message::213] [INFO] "GET /sw.js HTTP/1.1" 200 6221
[2026-04-21 19:26:58,589] [django.server::log_message::213] [INFO] "GET /sw.js HTTP/1.1" 200 6221
[2026-04-21 19:26:58,626] [django.server::log_message::213] [INFO] "GET /static/images/favicon.8992b8aa4126.ico HTTP/1.1" 200 15406
[2026-04-21 19:26:58,626] [django.server::log_message::213] [INFO] "GET /static/images/favicon.8992b8aa4126.ico HTTP/1.1" 200 15406
[2026-04-21 19:26:58,651] [django.server::log_message::213] [INFO] "GET /react-app/167.js HTTP/1.1" 200 320718
[2026-04-21 19:26:58,651] [django.server::log_message::213] [INFO] "GET /react-app/167.js HTTP/1.1" 200 320718
[2026-04-21 19:26:59,031] [django.server::log_message::213] [INFO] "GET /react-app/167.css HTTP/1.1" 200 49229
[2026-04-21 19:26:59,031] [django.server::log_message::213] [INFO] "GET /react-app/167.css HTTP/1.1" 200 49229
[2026-04-21 19:26:59,037] [django.server::log_message::213] [INFO] "GET /react-app/855.css HTTP/1.1" 200 21839
[2026-04-21 19:26:59,037] [django.server::log_message::213] [INFO] "GET /react-app/855.css HTTP/1.1" 200 21839
[2026-04-21 19:26:59,039] [django.server::log_message::213] [INFO] "GET /react-app/358.css HTTP/1.1" 200 1374637
[2026-04-21 19:26:59,039] [django.server::log_message::213] [INFO] "GET /react-app/358.css HTTP/1.1" 200 1374637
[2026-04-21 19:26:59,069] [django.server::log_message::213] [INFO] "GET /react-app/594.js HTTP/1.1" 200 131832
[2026-04-21 19:26:59,069] [django.server::log_message::213] [INFO] "GET /react-app/594.js HTTP/1.1" 200 131832
[2026-04-21 19:26:59,639] [django.server::log_message::213] [INFO] "GET /react-app/855.js HTTP/1.1" 200 216744
[2026-04-21 19:26:59,639] [django.server::log_message::213] [INFO] "GET /react-app/855.js HTTP/1.1" 200 216744
[2026-04-21 19:26:59,887] [django.server::log_message::213] [INFO] "GET /react-app/288.js HTTP/1.1" 200 1372978
[2026-04-21 19:26:59,887] [django.server::log_message::213] [INFO] "GET /react-app/288.js HTTP/1.1" 200 1372978
[2026-04-21 19:26:59,989] [django.server::log_message::213] [INFO] "GET /sw.js HTTP/1.1" 200 6221
[2026-04-21 19:26:59,989] [django.server::log_message::213] [INFO] "GET /sw.js HTTP/1.1" 200 6221
[2026-04-21 19:26:59,992] [django.server::log_message::213] [INFO] "GET /api/current-user/whoami HTTP/1.1" 200 1239
[2026-04-21 19:26:59,992] [django.server::log_message::213] [INFO] "GET /api/current-user/whoami HTTP/1.1" 200 1239
[2026-04-21 19:26:59,994] [django.server::log_message::213] [INFO] "GET /react-app/358.js HTTP/1.1" 200 1178824
[2026-04-21 19:26:59,994] [django.server::log_message::213] [INFO] "GET /react-app/358.js HTTP/1.1" 200 1178824
[2026-04-21 19:27:00,774] [django.server::log_message::213] [INFO] "GET /api/projects/6 HTTP/1.1" 200 15909
[2026-04-21 19:27:00,774] [django.server::log_message::213] [INFO] "GET /api/projects/6 HTTP/1.1" 200 15909
[2026-04-21 19:27:01,336] [django.server::log_message::213] [INFO] "GET /api/version HTTP/1.1" 200 1052
[2026-04-21 19:27:01,336] [django.server::log_message::213] [INFO] "GET /api/version HTTP/1.1" 200 1052
[2026-04-21 19:27:01,415] [django.server::log_message::213] [INFO] "GET /api/ml?project=6 HTTP/1.1" 200 2
[2026-04-21 19:27:01,415] [django.server::log_message::213] [INFO] "GET /api/ml?project=6 HTTP/1.1" 200 2
[2026-04-21 19:27:01,623] [django.server::log_message::213] [INFO] "GET /api/dm/columns?project=6 HTTP/1.1" 200 5694
[2026-04-21 19:27:01,623] [django.server::log_message::213] [INFO] "GET /api/dm/columns?project=6 HTTP/1.1" 200 5694
[2026-04-21 19:27:01,729] [django.server::log_message::213] [INFO] "GET /api/dm/project?project=6 HTTP/1.1" 200 16093
[2026-04-21 19:27:01,729] [django.server::log_message::213] [INFO] "GET /api/dm/project?project=6 HTTP/1.1" 200 16093
[2026-04-21 19:27:01,757] [django.server::log_message::213] [INFO] "GET /api/current-user/whoami HTTP/1.1" 200 1239
[2026-04-21 19:27:01,757] [django.server::log_message::213] [INFO] "GET /api/current-user/whoami HTTP/1.1" 200 1239
[2026-04-21 19:27:01,766] [django.server::log_message::213] [INFO] "GET /api/users?project=6 HTTP/1.1" 200 394
[2026-04-21 19:27:01,766] [django.server::log_message::213] [INFO] "GET /api/users?project=6 HTTP/1.1" 200 394
[2026-04-21 19:27:01,768] [django.server::log_message::213] [INFO] "GET /api/dm/views?project=6 HTTP/1.1" 200 2
[2026-04-21 19:27:01,768] [django.server::log_message::213] [INFO] "GET /api/dm/views?project=6 HTTP/1.1" 200 2
[2026-04-21 19:27:01,886] [django.server::log_message::213] [INFO] "POST /api/dm/views?tabID=0&project=6 HTTP/1.1" 201 1135
[2026-04-21 19:27:01,886] [django.server::log_message::213] [INFO] "POST /api/dm/views?tabID=0&project=6 HTTP/1.1" 201 1135
[2026-04-21 19:27:02,020] [django.server::log_message::213] [INFO] "GET /api/dm/project?interaction=timer&include=task_count%2Ctask_number%2Cannotation_count%2Cnum_tasks_with_annotations%2Cqueue_total&project=6 HTTP/1.1" 200 16093
[2026-04-21 19:27:02,020] [django.server::log_message::213] [INFO] "GET /api/dm/project?interaction=timer&include=task_count%2Ctask_number%2Cannotation_count%2Cnum_tasks_with_annotations%2Cqueue_total&project=6 HTTP/1.1" 200 16093
[2026-04-21 19:27:02,220] [django.server::log_message::213] [INFO] "GET /api/tasks?page=1&page_size=30&view=5&project=6 HTTP/1.1" 200 36933
[2026-04-21 19:27:02,220] [django.server::log_message::213] [INFO] "GET /api/tasks?page=1&page_size=30&view=5&project=6 HTTP/1.1" 200 36933
[2026-04-21 19:27:06,819] [django.server::log_message::213] [INFO] "GET /react-app/99.js HTTP/1.1" 200 1910
[2026-04-21 19:27:06,819] [django.server::log_message::213] [INFO] "GET /react-app/99.js HTTP/1.1" 200 1910
[2026-04-21 19:27:06,863] [django.server::log_message::213] [INFO] "GET /api/tasks/21?project=6 HTTP/1.1" 200 1068
[2026-04-21 19:27:06,863] [django.server::log_message::213] [INFO] "GET /api/tasks/21?project=6 HTTP/1.1" 200 1068
[2026-04-21 19:27:07,013] [django.server::log_message::213] [INFO] "GET /api/projects/6/label-stream-history?project=6 HTTP/1.1" 200 2
[2026-04-21 19:27:07,013] [django.server::log_message::213] [INFO] "GET /api/projects/6/label-stream-history?project=6 HTTP/1.1" 200 2
[2026-04-21 19:27:07,272] [django.server::log_message::213] [INFO] "GET /api/label_links?project=6&expand=label HTTP/1.1" 200 52
[2026-04-21 19:27:07,272] [django.server::log_message::213] [INFO] "GET /api/label_links?project=6&expand=label HTTP/1.1" 200 52
[2026-04-21 19:27:21,129] [django.server::log_message::213] [INFO] "GET /api/dm/project?interaction=timer&include=task_count%2Ctask_number%2Cannotation_count%2Cnum_tasks_with_annotations%2Cqueue_total&project=6 HTTP/1.1" 200 16093
[2026-04-21 19:27:21,129] [django.server::log_message::213] [INFO] "GET /api/dm/project?interaction=timer&include=task_count%2Ctask_number%2Cannotation_count%2Cnum_tasks_with_annotations%2Cqueue_total&project=6 HTTP/1.1" 200 16093
[2026-04-21 19:27:41,884] [django.server::log_message::213] [INFO] "GET /api/dm/project?interaction=timer&include=task_count%2Ctask_number%2Cannotation_count%2Cnum_tasks_with_annotations%2Cqueue_total&project=6 HTTP/1.1" 200 16093
[2026-04-21 19:27:41,884] [django.server::log_message::213] [INFO] "GET /api/dm/project?interaction=timer&include=task_count%2Ctask_number%2Cannotation_count%2Cnum_tasks_with_annotations%2Cqueue_total&project=6 HTTP/1.1" 200 16093
[2026-04-21 19:27:44,825] [django.server::log_message::213] [INFO] "GET /api/label_links?project=6&expand=label HTTP/1.1" 200 52
[2026-04-21 19:27:44,825] [django.server::log_message::213] [INFO] "GET /api/label_links?project=6&expand=label HTTP/1.1" 200 52
[2026-04-21 19:27:44,852] [django.server::log_message::213] [INFO] "GET /api/tasks/22?project=6 HTTP/1.1" 200 1099
[2026-04-21 19:27:44,852] [django.server::log_message::213] [INFO] "GET /api/tasks/22?project=6 HTTP/1.1" 200 1099
[2026-04-21 19:28:02,761] [django.server::log_message::213] [INFO] "GET /api/dm/project?interaction=timer&include=task_count%2Ctask_number%2Cannotation_count%2Cnum_tasks_with_annotations%2Cqueue_total&project=6 HTTP/1.1" 200 16093
[2026-04-21 19:28:02,761] [django.server::log_message::213] [INFO] "GET /api/dm/project?interaction=timer&include=task_count%2Ctask_number%2Cannotation_count%2Cnum_tasks_with_annotations%2Cqueue_total&project=6 HTTP/1.1" 200 16093
[2026-04-21 19:28:06,872] [django.server::log_message::213] [INFO] "GET /api/label_links?project=6&expand=label HTTP/1.1" 200 52
[2026-04-21 19:28:06,872] [django.server::log_message::213] [INFO] "GET /api/label_links?project=6&expand=label HTTP/1.1" 200 52
[2026-04-21 19:28:06,899] [django.server::log_message::213] [INFO] "GET /api/tasks/23?project=6 HTTP/1.1" 200 1181
[2026-04-21 19:28:06,899] [django.server::log_message::213] [INFO] "GET /api/tasks/23?project=6 HTTP/1.1" 200 1181
[2026-04-21 19:28:19,393] [django.server::log_message::213] [INFO] "GET /api/label_links?project=6&expand=label HTTP/1.1" 200 52
[2026-04-21 19:28:19,393] [django.server::log_message::213] [INFO] "GET /api/label_links?project=6&expand=label HTTP/1.1" 200 52
[2026-04-21 19:28:19,432] [django.server::log_message::213] [INFO] "GET /api/tasks/24?project=6 HTTP/1.1" 200 1280
[2026-04-21 19:28:19,432] [django.server::log_message::213] [INFO] "GET /api/tasks/24?project=6 HTTP/1.1" 200 1280
[2026-04-21 19:28:21,856] [django.server::log_message::213] [INFO] "GET /api/dm/project?interaction=timer&include=task_count%2Ctask_number%2Cannotation_count%2Cnum_tasks_with_annotations%2Cqueue_total&project=6 HTTP/1.1" 200 16093
[2026-04-21 19:28:21,856] [django.server::log_message::213] [INFO] "GET /api/dm/project?interaction=timer&include=task_count%2Ctask_number%2Cannotation_count%2Cnum_tasks_with_annotations%2Cqueue_total&project=6 HTTP/1.1" 200 16093
[2026-04-21 19:28:42,588] [django.server::log_message::213] [INFO] "GET /api/dm/project?interaction=timer&include=task_count%2Ctask_number%2Cannotation_count%2Cnum_tasks_with_annotations%2Cqueue_total&project=6 HTTP/1.1" 200 16093
[2026-04-21 19:28:42,588] [django.server::log_message::213] [INFO] "GET /api/dm/project?interaction=timer&include=task_count%2Ctask_number%2Cannotation_count%2Cnum_tasks_with_annotations%2Cqueue_total&project=6 HTTP/1.1" 200 16093
[2026-04-21 19:29:03,353] [django.server::log_message::213] [INFO] "GET /api/dm/project?interaction=timer&include=task_count%2Ctask_number%2Cannotation_count%2Cnum_tasks_with_annotations%2Cqueue_total&project=6 HTTP/1.1" 200 16093
[2026-04-21 19:29:03,353] [django.server::log_message::213] [INFO] "GET /api/dm/project?interaction=timer&include=task_count%2Ctask_number%2Cannotation_count%2Cnum_tasks_with_annotations%2Cqueue_total&project=6 HTTP/1.1" 200 16093
[2026-04-21 19:29:08,940] [django.server::log_message::213] [INFO] "GET /api/label_links?project=6&expand=label HTTP/1.1" 200 52
[2026-04-21 19:29:08,940] [django.server::log_message::213] [INFO] "GET /api/label_links?project=6&expand=label HTTP/1.1" 200 52
[2026-04-21 19:29:08,970] [django.server::log_message::213] [INFO] "GET /api/tasks/25?project=6 HTTP/1.1" 200 1128
[2026-04-21 19:29:08,970] [django.server::log_message::213] [INFO] "GET /api/tasks/25?project=6 HTTP/1.1" 200 1128
[2026-04-21 19:29:22,430] [django.server::log_message::213] [INFO] "GET /api/dm/project?interaction=timer&include=task_count%2Ctask_number%2Cannotation_count%2Cnum_tasks_with_annotations%2Cqueue_total&project=6 HTTP/1.1" 200 16093
[2026-04-21 19:29:22,430] [django.server::log_message::213] [INFO] "GET /api/dm/project?interaction=timer&include=task_count%2Ctask_number%2Cannotation_count%2Cnum_tasks_with_annotations%2Cqueue_total&project=6 HTTP/1.1" 200 16093
[2026-04-21 19:29:43,226] [django.server::log_message::213] [INFO] "GET /api/dm/project?interaction=timer&include=task_count%2Ctask_number%2Cannotation_count%2Cnum_tasks_with_annotations%2Cqueue_total&project=6 HTTP/1.1" 200 16093
[2026-04-21 19:29:43,226] [django.server::log_message::213] [INFO] "GET /api/dm/project?interaction=timer&include=task_count%2Ctask_number%2Cannotation_count%2Cnum_tasks_with_annotations%2Cqueue_total&project=6 HTTP/1.1" 200 16093
[2026-04-21 19:30:02,249] [django.server::log_message::213] [INFO] "GET /api/dm/project?interaction=timer&include=task_count%2Ctask_number%2Cannotation_count%2Cnum_tasks_with_annotations%2Cqueue_total&project=6 HTTP/1.1" 200 16093
[2026-04-21 19:30:02,249] [django.server::log_message::213] [INFO] "GET /api/dm/project?interaction=timer&include=task_count%2Ctask_number%2Cannotation_count%2Cnum_tasks_with_annotations%2Cqueue_total&project=6 HTTP/1.1" 200 16093
[2026-04-21 19:30:23,052] [django.server::log_message::213] [INFO] "GET /api/dm/project?interaction=timer&include=task_count%2Ctask_number%2Cannotation_count%2Cnum_tasks_with_annotations%2Cqueue_total&project=6 HTTP/1.1" 200 16093
[2026-04-21 19:30:23,052] [django.server::log_message::213] [INFO] "GET /api/dm/project?interaction=timer&include=task_count%2Ctask_number%2Cannotation_count%2Cnum_tasks_with_annotations%2Cqueue_total&project=6 HTTP/1.1" 200 16093
[2026-04-21 19:30:43,852] [django.server::log_message::213] [INFO] "GET /api/dm/project?interaction=timer&include=task_count%2Ctask_number%2Cannotation_count%2Cnum_tasks_with_annotations%2Cqueue_total&project=6 HTTP/1.1" 200 16093
[2026-04-21 19:30:43,852] [django.server::log_message::213] [INFO] "GET /api/dm/project?interaction=timer&include=task_count%2Ctask_number%2Cannotation_count%2Cnum_tasks_with_annotations%2Cqueue_total&project=6 HTTP/1.1" 200 16093
[2026-04-21 19:31:02,930] [django.server::log_message::213] [INFO] "GET /api/dm/project?interaction=timer&include=task_count%2Ctask_number%2Cannotation_count%2Cnum_tasks_with_annotations%2Cqueue_total&project=6 HTTP/1.1" 200 16093
[2026-04-21 19:31:02,930] [django.server::log_message::213] [INFO] "GET /api/dm/project?interaction=timer&include=task_count%2Ctask_number%2Cannotation_count%2Cnum_tasks_with_annotations%2Cqueue_total&project=6 HTTP/1.1" 200 16093
[2026-04-21 19:31:23,694] [django.server::log_message::213] [INFO] "GET /api/dm/project?interaction=timer&include=task_count%2Ctask_number%2Cannotation_count%2Cnum_tasks_with_annotations%2Cqueue_total&project=6 HTTP/1.1" 200 16093
[2026-04-21 19:31:23,694] [django.server::log_message::213] [INFO] "GET /api/dm/project?interaction=timer&include=task_count%2Ctask_number%2Cannotation_count%2Cnum_tasks_with_annotations%2Cqueue_total&project=6 HTTP/1.1" 200 16093
[2026-04-21 19:31:44,484] [django.server::log_message::213] [INFO] "GET /api/dm/project?interaction=timer&include=task_count%2Ctask_number%2Cannotation_count%2Cnum_tasks_with_annotations%2Cqueue_total&project=6 HTTP/1.1" 200 16093
[2026-04-21 19:31:44,484] [django.server::log_message::213] [INFO] "GET /api/dm/project?interaction=timer&include=task_count%2Ctask_number%2Cannotation_count%2Cnum_tasks_with_annotations%2Cqueue_total&project=6 HTTP/1.1" 200 16093
[2026-04-21 19:32:03,530] [django.server::log_message::213] [INFO] "GET /api/dm/project?interaction=timer&include=task_count%2Ctask_number%2Cannotation_count%2Cnum_tasks_with_annotations%2Cqueue_total&project=6 HTTP/1.1" 200 16093
[2026-04-21 19:32:03,530] [django.server::log_message::213] [INFO] "GET /api/dm/project?interaction=timer&include=task_count%2Ctask_number%2Cannotation_count%2Cnum_tasks_with_annotations%2Cqueue_total&project=6 HTTP/1.1" 200 16093
[2026-04-21 19:32:24,312] [django.server::log_message::213] [INFO] "GET /api/dm/project?interaction=timer&include=task_count%2Ctask_number%2Cannotation_count%2Cnum_tasks_with_annotations%2Cqueue_total&project=6 HTTP/1.1" 200 16093
[2026-04-21 19:32:24,312] [django.server::log_message::213] [INFO] "GET /api/dm/project?interaction=timer&include=task_count%2Ctask_number%2Cannotation_count%2Cnum_tasks_with_annotations%2Cqueue_total&project=6 HTTP/1.1" 200 16093
[2026-04-21 19:32:45,077] [django.server::log_message::213] [INFO] "GET /api/dm/project?interaction=timer&include=task_count%2Ctask_number%2Cannotation_count%2Cnum_tasks_with_annotations%2Cqueue_total&project=6 HTTP/1.1" 200 16093
[2026-04-21 19:32:45,077] [django.server::log_message::213] [INFO] "GET /api/dm/project?interaction=timer&include=task_count%2Ctask_number%2Cannotation_count%2Cnum_tasks_with_annotations%2Cqueue_total&project=6 HTTP/1.1" 200 16093
[2026-04-21 19:33:04,093] [django.server::log_message::213] [INFO] "GET /api/dm/project?interaction=timer&include=task_count%2Ctask_number%2Cannotation_count%2Cnum_tasks_with_annotations%2Cqueue_total&project=6 HTTP/1.1" 200 16093
[2026-04-21 19:33:04,093] [django.server::log_message::213] [INFO] "GET /api/dm/project?interaction=timer&include=task_count%2Ctask_number%2Cannotation_count%2Cnum_tasks_with_annotations%2Cqueue_total&project=6 HTTP/1.1" 200 16093
[2026-04-21 19:33:20,925] [django.server::log_message::213] [INFO] "GET /api/tasks?page=2&page_size=30&view=5&interaction=scroll&project=6 HTTP/1.1" 200 42659
[2026-04-21 19:33:20,925] [django.server::log_message::213] [INFO] "GET /api/tasks?page=2&page_size=30&view=5&interaction=scroll&project=6 HTTP/1.1" 200 42659
[2026-04-21 19:33:25,087] [django.server::log_message::213] [INFO] "GET /api/dm/project?interaction=timer&include=task_count%2Ctask_number%2Cannotation_count%2Cnum_tasks_with_annotations%2Cqueue_total&project=6 HTTP/1.1" 200 16093
[2026-04-21 19:33:25,087] [django.server::log_message::213] [INFO] "GET /api/dm/project?interaction=timer&include=task_count%2Ctask_number%2Cannotation_count%2Cnum_tasks_with_annotations%2Cqueue_total&project=6 HTTP/1.1" 200 16093
[2026-04-21 19:33:25,780] [django.server::log_message::213] [INFO] "GET /api/tasks?page=3&page_size=30&view=5&interaction=scroll&project=6 HTTP/1.1" 200 37488
[2026-04-21 19:33:25,780] [django.server::log_message::213] [INFO] "GET /api/tasks?page=3&page_size=30&view=5&interaction=scroll&project=6 HTTP/1.1" 200 37488
[2026-04-21 19:33:28,269] [django.server::log_message::213] [INFO] "GET /api/tasks?page=4&page_size=30&view=5&interaction=scroll&project=6 HTTP/1.1" 200 37915
[2026-04-21 19:33:28,269] [django.server::log_message::213] [INFO] "GET /api/tasks?page=4&page_size=30&view=5&interaction=scroll&project=6 HTTP/1.1" 200 37915
[2026-04-21 19:33:29,465] [django.server::log_message::213] [INFO] "GET /api/tasks?page=5&page_size=30&view=5&interaction=scroll&project=6 HTTP/1.1" 200 40668
[2026-04-21 19:33:29,465] [django.server::log_message::213] [INFO] "GET /api/tasks?page=5&page_size=30&view=5&interaction=scroll&project=6 HTTP/1.1" 200 40668
[2026-04-21 19:33:30,731] [django.server::log_message::213] [INFO] "GET /api/tasks?page=6&page_size=30&view=5&interaction=scroll&project=6 HTTP/1.1" 200 36328
[2026-04-21 19:33:30,731] [django.server::log_message::213] [INFO] "GET /api/tasks?page=6&page_size=30&view=5&interaction=scroll&project=6 HTTP/1.1" 200 36328
[2026-04-21 19:33:31,931] [django.server::log_message::213] [INFO] "GET /api/tasks?page=7&page_size=30&view=5&interaction=scroll&project=6 HTTP/1.1" 200 38447
[2026-04-21 19:33:31,931] [django.server::log_message::213] [INFO] "GET /api/tasks?page=7&page_size=30&view=5&interaction=scroll&project=6 HTTP/1.1" 200 38447
[2026-04-21 19:33:33,462] [django.server::log_message::213] [INFO] "GET /api/tasks?page=8&page_size=30&view=5&interaction=scroll&project=6 HTTP/1.1" 200 39003
[2026-04-21 19:33:33,462] [django.server::log_message::213] [INFO] "GET /api/tasks?page=8&page_size=30&view=5&interaction=scroll&project=6 HTTP/1.1" 200 39003
[2026-04-21 19:33:36,846] [django.server::log_message::213] [INFO] "GET /api/label_links?project=6&expand=label HTTP/1.1" 200 52
[2026-04-21 19:33:36,846] [django.server::log_message::213] [INFO] "GET /api/label_links?project=6&expand=label HTTP/1.1" 200 52
[2026-04-21 19:33:37,166] [django.server::log_message::213] [INFO] "GET /api/tasks/224?project=6 HTTP/1.1" 200 1962
[2026-04-21 19:33:37,166] [django.server::log_message::213] [INFO] "GET /api/tasks/224?project=6 HTTP/1.1" 200 1962
[2026-04-21 19:33:44,202] [django.server::log_message::213] [INFO] "GET /api/dm/project?interaction=timer&include=task_count%2Ctask_number%2Cannotation_count%2Cnum_tasks_with_annotations%2Cqueue_total&project=6 HTTP/1.1" 200 16093
[2026-04-21 19:33:44,202] [django.server::log_message::213] [INFO] "GET /api/dm/project?interaction=timer&include=task_count%2Ctask_number%2Cannotation_count%2Cnum_tasks_with_annotations%2Cqueue_total&project=6 HTTP/1.1" 200 16093
[2026-04-21 19:34:03,181] [django.server::log_message::213] [INFO] "GET /api/label_links?project=6&expand=label HTTP/1.1" 200 52
[2026-04-21 19:34:03,181] [django.server::log_message::213] [INFO] "GET /api/label_links?project=6&expand=label HTTP/1.1" 200 52
[2026-04-21 19:34:03,210] [django.server::log_message::213] [INFO] "GET /api/tasks/225?project=6 HTTP/1.1" 200 1672
[2026-04-21 19:34:03,210] [django.server::log_message::213] [INFO] "GET /api/tasks/225?project=6 HTTP/1.1" 200 1672
[2026-04-21 19:34:05,005] [django.server::log_message::213] [INFO] "GET /api/dm/project?interaction=timer&include=task_count%2Ctask_number%2Cannotation_count%2Cnum_tasks_with_annotations%2Cqueue_total&project=6 HTTP/1.1" 200 16093
[2026-04-21 19:34:05,005] [django.server::log_message::213] [INFO] "GET /api/dm/project?interaction=timer&include=task_count%2Ctask_number%2Cannotation_count%2Cnum_tasks_with_annotations%2Cqueue_total&project=6 HTTP/1.1" 200 16093
[2026-04-21 19:34:25,758] [django.server::log_message::213] [INFO] "GET /api/dm/project?interaction=timer&include=task_count%2Ctask_number%2Cannotation_count%2Cnum_tasks_with_annotations%2Cqueue_total&project=6 HTTP/1.1" 200 16093
[2026-04-21 19:34:25,758] [django.server::log_message::213] [INFO] "GET /api/dm/project?interaction=timer&include=task_count%2Ctask_number%2Cannotation_count%2Cnum_tasks_with_annotations%2Cqueue_total&project=6 HTTP/1.1" 200 16093
[2026-04-21 19:34:41,972] [django.server::log_message::213] [INFO] "GET /api/tasks?page=9&page_size=30&view=5&interaction=scroll&project=6 HTTP/1.1" 200 37247
[2026-04-21 19:34:41,972] [django.server::log_message::213] [INFO] "GET /api/tasks?page=9&page_size=30&view=5&interaction=scroll&project=6 HTTP/1.1" 200 37247
[2026-04-21 19:34:43,057] [django.server::log_message::213] [INFO] "GET /api/tasks?page=10&page_size=30&view=5&interaction=scroll&project=6 HTTP/1.1" 200 39008
[2026-04-21 19:34:43,057] [django.server::log_message::213] [INFO] "GET /api/tasks?page=10&page_size=30&view=5&interaction=scroll&project=6 HTTP/1.1" 200 39008
[2026-04-21 19:34:44,767] [django.server::log_message::213] [INFO] "GET /api/dm/project?interaction=timer&include=task_count%2Ctask_number%2Cannotation_count%2Cnum_tasks_with_annotations%2Cqueue_total&project=6 HTTP/1.1" 200 16093
[2026-04-21 19:34:44,767] [django.server::log_message::213] [INFO] "GET /api/dm/project?interaction=timer&include=task_count%2Ctask_number%2Cannotation_count%2Cnum_tasks_with_annotations%2Cqueue_total&project=6 HTTP/1.1" 200 16093
[2026-04-21 19:35:00,306] [django.server::log_message::213] [INFO] "GET /projects/6/data?tab=5&task=225 HTTP/1.1" 200 38920
[2026-04-21 19:35:00,306] [django.server::log_message::213] [INFO] "GET /projects/6/data?tab=5&task=225 HTTP/1.1" 200 38920
[2026-04-21 19:35:00,541] [django.server::log_message::213] [INFO] "GET /react-app/runtime.js?v=0db906 HTTP/1.1" 200 5034
[2026-04-21 19:35:00,541] [django.server::log_message::213] [INFO] "GET /react-app/runtime.js?v=0db906 HTTP/1.1" 200 5034
[2026-04-21 19:35:00,542] [django.server::log_message::213] [INFO] "GET /react-app/vendor.js?v=1 HTTP/1.1" 200 280541
[2026-04-21 19:35:00,542] [django.server::log_message::213] [INFO] "GET /react-app/vendor.js?v=1 HTTP/1.1" 200 280541
[2026-04-21 19:35:01,122] [django.server::log_message::213] [INFO] "GET /static/fonts/Figtree-SemiBold.ttf HTTP/1.1" 200 40852
[2026-04-21 19:35:01,122] [django.server::log_message::213] [INFO] "GET /static/fonts/Figtree-SemiBold.ttf HTTP/1.1" 200 40852
[2026-04-21 19:35:01,147] [django.server::log_message::213] [INFO] "GET /static/fonts/Figtree-Regular.ttf HTTP/1.1" 200 40584
[2026-04-21 19:35:01,147] [django.server::log_message::213] [INFO] "GET /static/fonts/Figtree-Regular.ttf HTTP/1.1" 200 40584
[2026-04-21 19:35:01,151] [django.server::log_message::213] [INFO] "GET /react-app/main.js?v=0db906 HTTP/1.1" 200 2497373
[2026-04-21 19:35:01,151] [django.server::log_message::213] [INFO] "GET /react-app/main.js?v=0db906 HTTP/1.1" 200 2497373
[2026-04-21 19:35:01,168] [django.server::log_message::213] [INFO] "GET /static/js/jquery.min.e6c2415c0ace.js HTTP/1.1" 200 87462
[2026-04-21 19:35:01,168] [django.server::log_message::213] [INFO] "GET /static/js/jquery.min.e6c2415c0ace.js HTTP/1.1" 200 87462
[2026-04-21 19:35:03,019] [django.server::log_message::213] [INFO] "GET /sw.js HTTP/1.1" 200 6221
[2026-04-21 19:35:03,019] [django.server::log_message::213] [INFO] "GET /sw.js HTTP/1.1" 200 6221
[2026-04-21 19:35:03,110] [django.server::log_message::213] [INFO] "GET /api/version HTTP/1.1" 200 1052
[2026-04-21 19:35:03,110] [django.server::log_message::213] [INFO] "GET /api/version HTTP/1.1" 200 1052
[2026-04-21 19:35:03,371] [django.server::log_message::213] [INFO] "GET /api/current-user/whoami HTTP/1.1" 200 1239
[2026-04-21 19:35:03,371] [django.server::log_message::213] [INFO] "GET /api/current-user/whoami HTTP/1.1" 200 1239
[2026-04-21 19:35:03,423] [django.server::log_message::213] [INFO] "GET /react-app/167.js HTTP/1.1" 200 320718
[2026-04-21 19:35:03,423] [django.server::log_message::213] [INFO] "GET /react-app/167.js HTTP/1.1" 200 320718
[2026-04-21 19:35:03,426] [django.server::log_message::213] [INFO] "GET /react-app/594.js HTTP/1.1" 200 131832
[2026-04-21 19:35:03,426] [django.server::log_message::213] [INFO] "GET /react-app/594.js HTTP/1.1" 200 131832
[2026-04-21 19:35:03,426] [django.server::log_message::213] [INFO] "GET /react-app/855.js HTTP/1.1" 200 216744
[2026-04-21 19:35:03,426] [django.server::log_message::213] [INFO] "GET /react-app/855.js HTTP/1.1" 200 216744
[2026-04-21 19:35:03,491] [django.server::log_message::213] [INFO] "GET /api/projects/6 HTTP/1.1" 200 15909
[2026-04-21 19:35:03,491] [django.server::log_message::213] [INFO] "GET /api/projects/6 HTTP/1.1" 200 15909
[2026-04-21 19:35:03,499] [django.server::log_message::213] [INFO] "GET /react-app/288.js HTTP/1.1" 200 1372978
[2026-04-21 19:35:03,499] [django.server::log_message::213] [INFO] "GET /react-app/288.js HTTP/1.1" 200 1372978
[2026-04-21 19:35:03,500] [django.server::log_message::213] [INFO] "GET /react-app/358.js HTTP/1.1" 200 1178824
[2026-04-21 19:35:03,500] [django.server::log_message::213] [INFO] "GET /react-app/358.js HTTP/1.1" 200 1178824
[2026-04-21 19:35:05,426] [django.server::log_message::213] [INFO] "GET /api/ml?project=6 HTTP/1.1" 200 2
[2026-04-21 19:35:05,426] [django.server::log_message::213] [INFO] "GET /api/ml?project=6 HTTP/1.1" 200 2
[2026-04-21 19:35:05,563] [django.server::log_message::213] [INFO] "GET /sw.js HTTP/1.1" 200 6221
[2026-04-21 19:35:05,563] [django.server::log_message::213] [INFO] "GET /sw.js HTTP/1.1" 200 6221
[2026-04-21 19:35:05,569] [django.server::log_message::213] [INFO] "GET /api/dm/columns?project=6 HTTP/1.1" 200 5694
[2026-04-21 19:35:05,569] [django.server::log_message::213] [INFO] "GET /api/dm/columns?project=6 HTTP/1.1" 200 5694
[2026-04-21 19:35:05,614] [django.server::log_message::213] [INFO] "GET /static/images/favicon.8992b8aa4126.ico HTTP/1.1" 200 15406
[2026-04-21 19:35:05,614] [django.server::log_message::213] [INFO] "GET /static/images/favicon.8992b8aa4126.ico HTTP/1.1" 200 15406
[2026-04-21 19:35:05,726] [django.server::log_message::213] [INFO] "GET /api/users?project=6 HTTP/1.1" 200 394
[2026-04-21 19:35:05,726] [django.server::log_message::213] [INFO] "GET /api/users?project=6 HTTP/1.1" 200 394
[2026-04-21 19:35:05,730] [django.server::log_message::213] [INFO] "GET /api/dm/views?project=6 HTTP/1.1" 200 1137
[2026-04-21 19:35:05,730] [django.server::log_message::213] [INFO] "GET /api/dm/views?project=6 HTTP/1.1" 200 1137
[2026-04-21 19:35:06,105] [django.server::log_message::213] [INFO] "GET /api/tasks?page=1&page_size=30&view=5&project=6 HTTP/1.1" 200 36933
[2026-04-21 19:35:06,105] [django.server::log_message::213] [INFO] "GET /api/tasks?page=1&page_size=30&view=5&project=6 HTTP/1.1" 200 36933
[2026-04-21 19:35:06,121] [django.server::log_message::213] [INFO] "GET /api/current-user/whoami HTTP/1.1" 200 1239
[2026-04-21 19:35:06,121] [django.server::log_message::213] [INFO] "GET /api/current-user/whoami HTTP/1.1" 200 1239
[2026-04-21 19:35:06,134] [django.server::log_message::213] [INFO] "GET /api/dm/project?project=6 HTTP/1.1" 200 16093
[2026-04-21 19:35:06,134] [django.server::log_message::213] [INFO] "GET /api/dm/project?project=6 HTTP/1.1" 200 16093
[2026-04-21 19:35:06,343] [django.server::log_message::213] [INFO] "GET /api/dm/project?interaction=timer&include=task_count%2Ctask_number%2Cannotation_count%2Cnum_tasks_with_annotations%2Cqueue_total&project=6 HTTP/1.1" 200 16093
[2026-04-21 19:35:06,343] [django.server::log_message::213] [INFO] "GET /api/dm/project?interaction=timer&include=task_count%2Ctask_number%2Cannotation_count%2Cnum_tasks_with_annotations%2Cqueue_total&project=6 HTTP/1.1" 200 16093
[2026-04-21 19:35:06,371] [django.server::log_message::213] [INFO] "GET /api/tasks/225?project=6 HTTP/1.1" 200 1672
[2026-04-21 19:35:06,371] [django.server::log_message::213] [INFO] "GET /api/tasks/225?project=6 HTTP/1.1" 200 1672
[2026-04-21 19:35:06,469] [django.server::log_message::213] [INFO] "GET /react-app/99.js HTTP/1.1" 200 1910
[2026-04-21 19:35:06,469] [django.server::log_message::213] [INFO] "GET /react-app/99.js HTTP/1.1" 200 1910
[2026-04-21 19:35:06,510] [django.server::log_message::213] [INFO] "GET /api/tasks/225?project=6 HTTP/1.1" 200 1672
[2026-04-21 19:35:06,510] [django.server::log_message::213] [INFO] "GET /api/tasks/225?project=6 HTTP/1.1" 200 1672
[2026-04-21 19:35:06,546] [django.server::log_message::213] [INFO] "GET /api/projects/6/label-stream-history?project=6 HTTP/1.1" 200 2
[2026-04-21 19:35:06,546] [django.server::log_message::213] [INFO] "GET /api/projects/6/label-stream-history?project=6 HTTP/1.1" 200 2
[2026-04-21 19:35:06,697] [django.server::log_message::213] [INFO] "GET /api/label_links?project=6&expand=label HTTP/1.1" 200 52
[2026-04-21 19:35:06,697] [django.server::log_message::213] [INFO] "GET /api/label_links?project=6&expand=label HTTP/1.1" 200 52
[2026-04-21 19:35:14,990] [django.server::log_message::213] [INFO] "POST /api/token/refresh HTTP/1.1" 200 244
[2026-04-21 19:35:14,990] [django.server::log_message::213] [INFO] "POST /api/token/refresh HTTP/1.1" 200 244
[2026-04-21 19:35:15,047] [core.label_config::parse_config::53] [WARNING] Using deprecated method - switch to label_studio.tools.label_config.parse_config!
[2026-04-21 19:35:15,047] [core.label_config::parse_config::53] [WARNING] Using deprecated method - switch to label_studio.tools.label_config.parse_config!
[2026-04-21 19:35:15,102] [django.server::log_message::213] [INFO] "PATCH /api/projects/6/ HTTP/1.1" 200 18079
[2026-04-21 19:35:15,102] [django.server::log_message::213] [INFO] "PATCH /api/projects/6/ HTTP/1.1" 200 18079
[2026-04-21 19:35:15,142] [core.label_config::parse_config::53] [WARNING] Using deprecated method - switch to label_studio.tools.label_config.parse_config!
[2026-04-21 19:35:15,142] [core.label_config::parse_config::53] [WARNING] Using deprecated method - switch to label_studio.tools.label_config.parse_config!
[2026-04-21 19:35:15,172] [django.server::log_message::213] [INFO] "PATCH /api/projects/2/ HTTP/1.1" 200 17995
[2026-04-21 19:35:15,172] [django.server::log_message::213] [INFO] "PATCH /api/projects/2/ HTTP/1.1" 200 17995
[2026-04-21 19:35:27,116] [django.server::log_message::213] [INFO] "GET /api/dm/project?interaction=timer&include=task_count%2Ctask_number%2Cannotation_count%2Cnum_tasks_with_annotations%2Cqueue_total&project=6 HTTP/1.1" 200 18263
[2026-04-21 19:35:27,116] [django.server::log_message::213] [INFO] "GET /api/dm/project?interaction=timer&include=task_count%2Ctask_number%2Cannotation_count%2Cnum_tasks_with_annotations%2Cqueue_total&project=6 HTTP/1.1" 200 18263
[2026-04-21 19:35:29,112] [django.server::log_message::213] [INFO] "GET /projects/6/data?tab=5&task=225 HTTP/1.1" 200 38920
[2026-04-21 19:35:29,112] [django.server::log_message::213] [INFO] "GET /projects/6/data?tab=5&task=225 HTTP/1.1" 200 38920
[2026-04-21 19:35:29,267] [django.server::log_message::213] [INFO] "GET /react-app/runtime.js?v=0db906 HTTP/1.1" 200 5034
[2026-04-21 19:35:29,267] [django.server::log_message::213] [INFO] "GET /react-app/runtime.js?v=0db906 HTTP/1.1" 200 5034
[2026-04-21 19:35:29,271] [django.server::log_message::213] [INFO] "GET /react-app/vendor.js?v=1 HTTP/1.1" 200 280541
[2026-04-21 19:35:29,271] [django.server::log_message::213] [INFO] "GET /react-app/vendor.js?v=1 HTTP/1.1" 200 280541
[2026-04-21 19:35:29,274] [django.server::log_message::213] [INFO] "GET /react-app/main.js?v=0db906 HTTP/1.1" 200 2497373
[2026-04-21 19:35:29,274] [django.server::log_message::213] [INFO] "GET /react-app/main.js?v=0db906 HTTP/1.1" 200 2497373
[2026-04-21 19:35:31,542] [django.server::log_message::213] [INFO] "GET /static/fonts/Figtree-SemiBold.ttf HTTP/1.1" 200 40852
[2026-04-21 19:35:31,542] [django.server::log_message::213] [INFO] "GET /static/fonts/Figtree-SemiBold.ttf HTTP/1.1" 200 40852
[2026-04-21 19:35:31,552] [django.server::log_message::213] [INFO] "GET /static/fonts/Figtree-Regular.ttf HTTP/1.1" 200 40584
[2026-04-21 19:35:31,552] [django.server::log_message::213] [INFO] "GET /static/fonts/Figtree-Regular.ttf HTTP/1.1" 200 40584
[2026-04-21 19:35:31,553] [django.server::log_message::213] [INFO] "GET /sw.js HTTP/1.1" 200 6221
[2026-04-21 19:35:31,553] [django.server::log_message::213] [INFO] "GET /sw.js HTTP/1.1" 200 6221
[2026-04-21 19:35:31,554] [django.server::log_message::213] [INFO] "GET /static/js/jquery.min.e6c2415c0ace.js HTTP/1.1" 200 87462
[2026-04-21 19:35:31,554] [django.server::log_message::213] [INFO] "GET /static/js/jquery.min.e6c2415c0ace.js HTTP/1.1" 200 87462
[2026-04-21 19:35:31,661] [django.server::log_message::213] [INFO] "GET /react-app/288.js HTTP/1.1" 200 1372978
[2026-04-21 19:35:31,661] [django.server::log_message::213] [INFO] "GET /react-app/288.js HTTP/1.1" 200 1372978
[2026-04-21 19:35:33,019] [django.server::log_message::213] [INFO] "GET /react-app/855.js HTTP/1.1" 200 216744
[2026-04-21 19:35:33,019] [django.server::log_message::213] [INFO] "GET /react-app/855.js HTTP/1.1" 200 216744
[2026-04-21 19:35:33,020] [django.server::log_message::213] [INFO] "GET /react-app/594.js HTTP/1.1" 200 131832
[2026-04-21 19:35:33,020] [django.server::log_message::213] [INFO] "GET /react-app/594.js HTTP/1.1" 200 131832
[2026-04-21 19:35:33,071] [django.server::log_message::213] [INFO] "GET /react-app/167.js HTTP/1.1" 200 320718
[2026-04-21 19:35:33,071] [django.server::log_message::213] [INFO] "GET /react-app/167.js HTTP/1.1" 200 320718
[2026-04-21 19:35:33,079] [django.server::log_message::213] [INFO] "GET /react-app/358.js HTTP/1.1" 200 1178824
[2026-04-21 19:35:33,079] [django.server::log_message::213] [INFO] "GET /react-app/358.js HTTP/1.1" 200 1178824
[2026-04-21 19:35:33,161] [django.server::log_message::213] [INFO] "GET /api/version HTTP/1.1" 200 1052
[2026-04-21 19:35:33,161] [django.server::log_message::213] [INFO] "GET /api/version HTTP/1.1" 200 1052
[2026-04-21 19:35:34,191] [django.server::log_message::213] [INFO] "GET /api/projects/6 HTTP/1.1" 200 18079
[2026-04-21 19:35:34,191] [django.server::log_message::213] [INFO] "GET /api/projects/6 HTTP/1.1" 200 18079
[2026-04-21 19:35:34,281] [django.server::log_message::213] [INFO] "GET /api/ml?project=6 HTTP/1.1" 200 2
[2026-04-21 19:35:34,281] [django.server::log_message::213] [INFO] "GET /api/ml?project=6 HTTP/1.1" 200 2
[2026-04-21 19:35:34,284] [django.server::log_message::213] [INFO] "GET /static/images/favicon.8992b8aa4126.ico HTTP/1.1" 200 15406
[2026-04-21 19:35:34,284] [django.server::log_message::213] [INFO] "GET /static/images/favicon.8992b8aa4126.ico HTTP/1.1" 200 15406
[2026-04-21 19:35:34,321] [django.server::log_message::213] [INFO] "GET /api/current-user/whoami HTTP/1.1" 200 1239
[2026-04-21 19:35:34,321] [django.server::log_message::213] [INFO] "GET /api/current-user/whoami HTTP/1.1" 200 1239
[2026-04-21 19:35:34,323] [django.server::log_message::213] [INFO] "GET /sw.js HTTP/1.1" 200 6221
[2026-04-21 19:35:34,323] [django.server::log_message::213] [INFO] "GET /sw.js HTTP/1.1" 200 6221
[2026-04-21 19:35:34,386] [django.server::log_message::213] [INFO] "GET /api/dm/columns?project=6 HTTP/1.1" 200 5694
[2026-04-21 19:35:34,386] [django.server::log_message::213] [INFO] "GET /api/dm/columns?project=6 HTTP/1.1" 200 5694
[2026-04-21 19:35:34,583] [django.server::log_message::213] [INFO] "GET /api/current-user/whoami HTTP/1.1" 200 1239
[2026-04-21 19:35:34,583] [django.server::log_message::213] [INFO] "GET /api/current-user/whoami HTTP/1.1" 200 1239
[2026-04-21 19:35:34,605] [django.server::log_message::213] [INFO] "GET /api/dm/views?project=6 HTTP/1.1" 200 1137
[2026-04-21 19:35:34,605] [django.server::log_message::213] [INFO] "GET /api/dm/views?project=6 HTTP/1.1" 200 1137
[2026-04-21 19:35:34,607] [django.server::log_message::213] [INFO] "GET /api/dm/project?project=6 HTTP/1.1" 200 18263
[2026-04-21 19:35:34,607] [django.server::log_message::213] [INFO] "GET /api/dm/project?project=6 HTTP/1.1" 200 18263
[2026-04-21 19:35:34,609] [django.server::log_message::213] [INFO] "GET /api/users?project=6 HTTP/1.1" 200 394
[2026-04-21 19:35:34,609] [django.server::log_message::213] [INFO] "GET /api/users?project=6 HTTP/1.1" 200 394
[2026-04-21 19:35:34,868] [django.server::log_message::213] [INFO] "GET /api/tasks?page=1&page_size=30&view=5&project=6 HTTP/1.1" 200 36933
[2026-04-21 19:35:34,868] [django.server::log_message::213] [INFO] "GET /api/tasks?page=1&page_size=30&view=5&project=6 HTTP/1.1" 200 36933
[2026-04-21 19:35:35,017] [django.server::log_message::213] [INFO] "GET /api/dm/project?interaction=timer&include=task_count%2Ctask_number%2Cannotation_count%2Cnum_tasks_with_annotations%2Cqueue_total&project=6 HTTP/1.1" 200 18263
[2026-04-21 19:35:35,017] [django.server::log_message::213] [INFO] "GET /api/dm/project?interaction=timer&include=task_count%2Ctask_number%2Cannotation_count%2Cnum_tasks_with_annotations%2Cqueue_total&project=6 HTTP/1.1" 200 18263
[2026-04-21 19:35:35,047] [django.server::log_message::213] [INFO] "GET /api/tasks/225?project=6 HTTP/1.1" 200 1672
[2026-04-21 19:35:35,047] [django.server::log_message::213] [INFO] "GET /api/tasks/225?project=6 HTTP/1.1" 200 1672
[2026-04-21 19:35:35,192] [django.server::log_message::213] [INFO] "GET /react-app/99.js HTTP/1.1" 200 1910
[2026-04-21 19:35:35,192] [django.server::log_message::213] [INFO] "GET /react-app/99.js HTTP/1.1" 200 1910
[2026-04-21 19:35:35,213] [django.server::log_message::213] [INFO] "GET /api/tasks/225?project=6 HTTP/1.1" 200 1672
[2026-04-21 19:35:35,213] [django.server::log_message::213] [INFO] "GET /api/tasks/225?project=6 HTTP/1.1" 200 1672
[2026-04-21 19:35:35,337] [django.server::log_message::213] [INFO] "GET /api/projects/6/label-stream-history?project=6 HTTP/1.1" 200 2
[2026-04-21 19:35:35,337] [django.server::log_message::213] [INFO] "GET /api/projects/6/label-stream-history?project=6 HTTP/1.1" 200 2
[2026-04-21 19:35:35,509] [django.server::log_message::213] [INFO] "GET /api/label_links?project=6&expand=label HTTP/1.1" 200 52
[2026-04-21 19:35:35,509] [django.server::log_message::213] [INFO] "GET /api/label_links?project=6&expand=label HTTP/1.1" 200 52
[2026-04-21 19:35:56,136] [django.server::log_message::213] [INFO] "GET /api/dm/project?interaction=timer&include=task_count%2Ctask_number%2Cannotation_count%2Cnum_tasks_with_annotations%2Cqueue_total&project=6 HTTP/1.1" 200 18263
[2026-04-21 19:35:56,136] [django.server::log_message::213] [INFO] "GET /api/dm/project?interaction=timer&include=task_count%2Ctask_number%2Cannotation_count%2Cnum_tasks_with_annotations%2Cqueue_total&project=6 HTTP/1.1" 200 18263
[2026-04-21 19:36:15,208] [django.server::log_message::213] [INFO] "GET /api/dm/project?interaction=timer&include=task_count%2Ctask_number%2Cannotation_count%2Cnum_tasks_with_annotations%2Cqueue_total&project=6 HTTP/1.1" 200 18263
[2026-04-21 19:36:15,208] [django.server::log_message::213] [INFO] "GET /api/dm/project?interaction=timer&include=task_count%2Ctask_number%2Cannotation_count%2Cnum_tasks_with_annotations%2Cqueue_total&project=6 HTTP/1.1" 200 18263
[2026-04-21 19:36:35,979] [django.server::log_message::213] [INFO] "GET /api/dm/project?interaction=timer&include=task_count%2Ctask_number%2Cannotation_count%2Cnum_tasks_with_annotations%2Cqueue_total&project=6 HTTP/1.1" 200 18263
[2026-04-21 19:36:35,979] [django.server::log_message::213] [INFO] "GET /api/dm/project?interaction=timer&include=task_count%2Ctask_number%2Cannotation_count%2Cnum_tasks_with_annotations%2Cqueue_total&project=6 HTTP/1.1" 200 18263
[2026-04-21 19:36:55,021] [django.server::log_message::213] [INFO] "GET /api/dm/project?interaction=timer&include=task_count%2Ctask_number%2Cannotation_count%2Cnum_tasks_with_annotations%2Cqueue_total&project=6 HTTP/1.1" 200 18263
[2026-04-21 19:36:55,021] [django.server::log_message::213] [INFO] "GET /api/dm/project?interaction=timer&include=task_count%2Ctask_number%2Cannotation_count%2Cnum_tasks_with_annotations%2Cqueue_total&project=6 HTTP/1.1" 200 18263
[2026-04-21 19:37:15,766] [django.server::log_message::213] [INFO] "GET /api/dm/project?interaction=timer&include=task_count%2Ctask_number%2Cannotation_count%2Cnum_tasks_with_annotations%2Cqueue_total&project=6 HTTP/1.1" 200 18263
[2026-04-21 19:37:15,766] [django.server::log_message::213] [INFO] "GET /api/dm/project?interaction=timer&include=task_count%2Ctask_number%2Cannotation_count%2Cnum_tasks_with_annotations%2Cqueue_total&project=6 HTTP/1.1" 200 18263
[2026-04-21 19:37:36,569] [django.server::log_message::213] [INFO] "GET /api/dm/project?interaction=timer&include=task_count%2Ctask_number%2Cannotation_count%2Cnum_tasks_with_annotations%2Cqueue_total&project=6 HTTP/1.1" 200 18263
[2026-04-21 19:37:36,569] [django.server::log_message::213] [INFO] "GET /api/dm/project?interaction=timer&include=task_count%2Ctask_number%2Cannotation_count%2Cnum_tasks_with_annotations%2Cqueue_total&project=6 HTTP/1.1" 200 18263
[2026-04-21 19:37:55,563] [django.server::log_message::213] [INFO] "GET /api/dm/project?interaction=timer&include=task_count%2Ctask_number%2Cannotation_count%2Cnum_tasks_with_annotations%2Cqueue_total&project=6 HTTP/1.1" 200 18263
[2026-04-21 19:37:55,563] [django.server::log_message::213] [INFO] "GET /api/dm/project?interaction=timer&include=task_count%2Ctask_number%2Cannotation_count%2Cnum_tasks_with_annotations%2Cqueue_total&project=6 HTTP/1.1" 200 18263
[2026-04-21 19:38:16,346] [django.server::log_message::213] [INFO] "GET /api/dm/project?interaction=timer&include=task_count%2Ctask_number%2Cannotation_count%2Cnum_tasks_with_annotations%2Cqueue_total&project=6 HTTP/1.1" 200 18263
[2026-04-21 19:38:16,346] [django.server::log_message::213] [INFO] "GET /api/dm/project?interaction=timer&include=task_count%2Ctask_number%2Cannotation_count%2Cnum_tasks_with_annotations%2Cqueue_total&project=6 HTTP/1.1" 200 18263
[2026-04-21 19:38:37,142] [django.server::log_message::213] [INFO] "GET /api/dm/project?interaction=timer&include=task_count%2Ctask_number%2Cannotation_count%2Cnum_tasks_with_annotations%2Cqueue_total&project=6 HTTP/1.1" 200 18263
[2026-04-21 19:38:37,142] [django.server::log_message::213] [INFO] "GET /api/dm/project?interaction=timer&include=task_count%2Ctask_number%2Cannotation_count%2Cnum_tasks_with_annotations%2Cqueue_total&project=6 HTTP/1.1" 200 18263
[2026-04-21 19:38:56,060] [django.server::log_message::213] [INFO] "GET /api/dm/project?interaction=timer&include=task_count%2Ctask_number%2Cannotation_count%2Cnum_tasks_with_annotations%2Cqueue_total&project=6 HTTP/1.1" 200 18263
[2026-04-21 19:38:56,060] [django.server::log_message::213] [INFO] "GET /api/dm/project?interaction=timer&include=task_count%2Ctask_number%2Cannotation_count%2Cnum_tasks_with_annotations%2Cqueue_total&project=6 HTTP/1.1" 200 18263
[2026-04-21 19:39:16,965] [django.server::log_message::213] [INFO] "GET /api/dm/project?interaction=timer&include=task_count%2Ctask_number%2Cannotation_count%2Cnum_tasks_with_annotations%2Cqueue_total&project=6 HTTP/1.1" 200 18263
[2026-04-21 19:39:16,965] [django.server::log_message::213] [INFO] "GET /api/dm/project?interaction=timer&include=task_count%2Ctask_number%2Cannotation_count%2Cnum_tasks_with_annotations%2Cqueue_total&project=6 HTTP/1.1" 200 18263
[2026-04-21 19:39:37,850] [django.server::log_message::213] [INFO] "GET /api/dm/project?interaction=timer&include=task_count%2Ctask_number%2Cannotation_count%2Cnum_tasks_with_annotations%2Cqueue_total&project=6 HTTP/1.1" 200 18263
[2026-04-21 19:39:37,850] [django.server::log_message::213] [INFO] "GET /api/dm/project?interaction=timer&include=task_count%2Ctask_number%2Cannotation_count%2Cnum_tasks_with_annotations%2Cqueue_total&project=6 HTTP/1.1" 200 18263
[2026-04-21 19:39:56,938] [django.server::log_message::213] [INFO] "GET /api/dm/project?interaction=timer&include=task_count%2Ctask_number%2Cannotation_count%2Cnum_tasks_with_annotations%2Cqueue_total&project=6 HTTP/1.1" 200 18263
[2026-04-21 19:39:56,938] [django.server::log_message::213] [INFO] "GET /api/dm/project?interaction=timer&include=task_count%2Ctask_number%2Cannotation_count%2Cnum_tasks_with_annotations%2Cqueue_total&project=6 HTTP/1.1" 200 18263
[2026-04-21 19:40:17,674] [django.server::log_message::213] [INFO] "GET /api/dm/project?interaction=timer&include=task_count%2Ctask_number%2Cannotation_count%2Cnum_tasks_with_annotations%2Cqueue_total&project=6 HTTP/1.1" 200 18263
[2026-04-21 19:40:17,674] [django.server::log_message::213] [INFO] "GET /api/dm/project?interaction=timer&include=task_count%2Ctask_number%2Cannotation_count%2Cnum_tasks_with_annotations%2Cqueue_total&project=6 HTTP/1.1" 200 18263
[2026-04-21 19:40:36,656] [django.server::log_message::213] [INFO] "GET /api/dm/project?interaction=timer&include=task_count%2Ctask_number%2Cannotation_count%2Cnum_tasks_with_annotations%2Cqueue_total&project=6 HTTP/1.1" 200 18263
[2026-04-21 19:40:36,656] [django.server::log_message::213] [INFO] "GET /api/dm/project?interaction=timer&include=task_count%2Ctask_number%2Cannotation_count%2Cnum_tasks_with_annotations%2Cqueue_total&project=6 HTTP/1.1" 200 18263
[2026-04-21 19:40:57,470] [django.server::log_message::213] [INFO] "GET /api/dm/project?interaction=timer&include=task_count%2Ctask_number%2Cannotation_count%2Cnum_tasks_with_annotations%2Cqueue_total&project=6 HTTP/1.1" 200 18263
[2026-04-21 19:40:57,470] [django.server::log_message::213] [INFO] "GET /api/dm/project?interaction=timer&include=task_count%2Ctask_number%2Cannotation_count%2Cnum_tasks_with_annotations%2Cqueue_total&project=6 HTTP/1.1" 200 18263
[2026-04-21 19:41:18,276] [django.server::log_message::213] [INFO] "GET /api/dm/project?interaction=timer&include=task_count%2Ctask_number%2Cannotation_count%2Cnum_tasks_with_annotations%2Cqueue_total&project=6 HTTP/1.1" 200 18263
[2026-04-21 19:41:18,276] [django.server::log_message::213] [INFO] "GET /api/dm/project?interaction=timer&include=task_count%2Ctask_number%2Cannotation_count%2Cnum_tasks_with_annotations%2Cqueue_total&project=6 HTTP/1.1" 200 18263
[2026-04-21 19:41:37,196] [django.server::log_message::213] [INFO] "GET /api/dm/project?interaction=timer&include=task_count%2Ctask_number%2Cannotation_count%2Cnum_tasks_with_annotations%2Cqueue_total&project=6 HTTP/1.1" 200 18263
[2026-04-21 19:41:37,196] [django.server::log_message::213] [INFO] "GET /api/dm/project?interaction=timer&include=task_count%2Ctask_number%2Cannotation_count%2Cnum_tasks_with_annotations%2Cqueue_total&project=6 HTTP/1.1" 200 18263
[2026-04-21 19:41:58,110] [django.server::log_message::213] [INFO] "GET /api/dm/project?interaction=timer&include=task_count%2Ctask_number%2Cannotation_count%2Cnum_tasks_with_annotations%2Cqueue_total&project=6 HTTP/1.1" 200 18263
[2026-04-21 19:41:58,110] [django.server::log_message::213] [INFO] "GET /api/dm/project?interaction=timer&include=task_count%2Ctask_number%2Cannotation_count%2Cnum_tasks_with_annotations%2Cqueue_total&project=6 HTTP/1.1" 200 18263
[2026-04-21 19:42:18,892] [django.server::log_message::213] [INFO] "GET /api/dm/project?interaction=timer&include=task_count%2Ctask_number%2Cannotation_count%2Cnum_tasks_with_annotations%2Cqueue_total&project=6 HTTP/1.1" 200 18263
[2026-04-21 19:42:18,892] [django.server::log_message::213] [INFO] "GET /api/dm/project?interaction=timer&include=task_count%2Ctask_number%2Cannotation_count%2Cnum_tasks_with_annotations%2Cqueue_total&project=6 HTTP/1.1" 200 18263
[2026-04-21 19:42:37,342] [django.server::log_message::213] [INFO] "POST /api/token/refresh HTTP/1.1" 200 244
[2026-04-21 19:42:37,342] [django.server::log_message::213] [INFO] "POST /api/token/refresh HTTP/1.1" 200 244
[2026-04-21 19:42:37,387] [django.server::log_message::213] [INFO] "GET /api/projects/6/ HTTP/1.1" 200 18079
[2026-04-21 19:42:37,387] [django.server::log_message::213] [INFO] "GET /api/projects/6/ HTTP/1.1" 200 18079
[2026-04-21 19:42:37,880] [django.server::log_message::213] [INFO] "GET /api/dm/project?interaction=timer&include=task_count%2Ctask_number%2Cannotation_count%2Cnum_tasks_with_annotations%2Cqueue_total&project=6 HTTP/1.1" 200 18263
[2026-04-21 19:42:37,880] [django.server::log_message::213] [INFO] "GET /api/dm/project?interaction=timer&include=task_count%2Ctask_number%2Cannotation_count%2Cnum_tasks_with_annotations%2Cqueue_total&project=6 HTTP/1.1" 200 18263
[2026-04-21 19:42:58,939] [django.server::log_message::213] [INFO] "GET /api/dm/project?interaction=timer&include=task_count%2Ctask_number%2Cannotation_count%2Cnum_tasks_with_annotations%2Cqueue_total&project=6 HTTP/1.1" 200 18263
[2026-04-21 19:42:58,939] [django.server::log_message::213] [INFO] "GET /api/dm/project?interaction=timer&include=task_count%2Ctask_number%2Cannotation_count%2Cnum_tasks_with_annotations%2Cqueue_total&project=6 HTTP/1.1" 200 18263
[2026-04-21 19:43:19,933] [django.server::log_message::213] [INFO] "GET /api/dm/project?interaction=timer&include=task_count%2Ctask_number%2Cannotation_count%2Cnum_tasks_with_annotations%2Cqueue_total&project=6 HTTP/1.1" 200 18263
[2026-04-21 19:43:19,933] [django.server::log_message::213] [INFO] "GET /api/dm/project?interaction=timer&include=task_count%2Ctask_number%2Cannotation_count%2Cnum_tasks_with_annotations%2Cqueue_total&project=6 HTTP/1.1" 200 18263
[2026-04-21 19:43:22,724] [django.server::log_message::213] [INFO] "GET /projects/6/data?tab=5&task=225 HTTP/1.1" 200 38920
[2026-04-21 19:43:22,724] [django.server::log_message::213] [INFO] "GET /projects/6/data?tab=5&task=225 HTTP/1.1" 200 38920
[2026-04-21 19:43:22,867] [django.server::log_message::213] [INFO] "GET /static/fonts/Figtree-Regular.ttf HTTP/1.1" 200 40584
[2026-04-21 19:43:22,867] [django.server::log_message::213] [INFO] "GET /static/fonts/Figtree-Regular.ttf HTTP/1.1" 200 40584
[2026-04-21 19:43:23,356] [django.server::log_message::213] [INFO] "GET /react-app/vendor.js?v=1 HTTP/1.1" 200 280541
[2026-04-21 19:43:23,356] [django.server::log_message::213] [INFO] "GET /react-app/vendor.js?v=1 HTTP/1.1" 200 280541
[2026-04-21 19:43:23,398] [django.server::log_message::213] [INFO] "GET /react-app/runtime.js?v=0db906 HTTP/1.1" 200 5034
[2026-04-21 19:43:23,398] [django.server::log_message::213] [INFO] "GET /react-app/runtime.js?v=0db906 HTTP/1.1" 200 5034
[2026-04-21 19:43:23,473] [django.server::log_message::213] [INFO] "GET /static/js/jquery.min.e6c2415c0ace.js HTTP/1.1" 200 87462
[2026-04-21 19:43:23,473] [django.server::log_message::213] [INFO] "GET /static/js/jquery.min.e6c2415c0ace.js HTTP/1.1" 200 87462
[2026-04-21 19:43:23,473] [django.server::log_message::213] [INFO] "GET /static/fonts/Figtree-SemiBold.ttf HTTP/1.1" 200 40852
[2026-04-21 19:43:23,473] [django.server::log_message::213] [INFO] "GET /static/fonts/Figtree-SemiBold.ttf HTTP/1.1" 200 40852
[2026-04-21 19:43:23,478] [django.server::log_message::213] [INFO] "GET /react-app/main.js?v=0db906 HTTP/1.1" 200 2497373
[2026-04-21 19:43:23,478] [django.server::log_message::213] [INFO] "GET /react-app/main.js?v=0db906 HTTP/1.1" 200 2497373
[2026-04-21 19:43:26,627] [django.server::log_message::213] [INFO] "GET /sw.js HTTP/1.1" 200 6221
[2026-04-21 19:43:26,627] [django.server::log_message::213] [INFO] "GET /sw.js HTTP/1.1" 200 6221
[2026-04-21 19:43:26,629] [django.server::log_message::213] [INFO] "GET /static/images/favicon.8992b8aa4126.ico HTTP/1.1" 200 15406
[2026-04-21 19:43:26,629] [django.server::log_message::213] [INFO] "GET /static/images/favicon.8992b8aa4126.ico HTTP/1.1" 200 15406
[2026-04-21 19:43:26,714] [django.server::log_message::213] [INFO] "GET /react-app/855.js HTTP/1.1" 200 216744
[2026-04-21 19:43:26,714] [django.server::log_message::213] [INFO] "GET /react-app/855.js HTTP/1.1" 200 216744
[2026-04-21 19:43:26,717] [django.server::log_message::213] [INFO] "GET /react-app/288.js HTTP/1.1" 200 1372978
[2026-04-21 19:43:26,717] [django.server::log_message::213] [INFO] "GET /react-app/288.js HTTP/1.1" 200 1372978
[2026-04-21 19:43:26,737] [django.server::log_message::213] [INFO] "GET /react-app/358.js HTTP/1.1" 200 1178824
[2026-04-21 19:43:26,737] [django.server::log_message::213] [INFO] "GET /react-app/358.js HTTP/1.1" 200 1178824
[2026-04-21 19:43:26,773] [django.server::log_message::213] [INFO] "GET /react-app/167.js HTTP/1.1" 200 320718
[2026-04-21 19:43:26,773] [django.server::log_message::213] [INFO] "GET /react-app/167.js HTTP/1.1" 200 320718
[2026-04-21 19:43:26,782] [django.server::log_message::213] [INFO] "GET /react-app/594.js HTTP/1.1" 200 131832
[2026-04-21 19:43:26,782] [django.server::log_message::213] [INFO] "GET /react-app/594.js HTTP/1.1" 200 131832
[2026-04-21 19:43:28,983] [django.server::log_message::213] [INFO] "GET /api/version HTTP/1.1" 200 1052
[2026-04-21 19:43:28,983] [django.server::log_message::213] [INFO] "GET /api/version HTTP/1.1" 200 1052
[2026-04-21 19:43:29,032] [django.server::log_message::213] [INFO] "GET /sw.js HTTP/1.1" 200 6221
[2026-04-21 19:43:29,032] [django.server::log_message::213] [INFO] "GET /sw.js HTTP/1.1" 200 6221
[2026-04-21 19:43:29,032] [django.server::log_message::213] [INFO] "GET /api/current-user/whoami HTTP/1.1" 200 1239
[2026-04-21 19:43:29,032] [django.server::log_message::213] [INFO] "GET /api/current-user/whoami HTTP/1.1" 200 1239
[2026-04-21 19:43:29,075] [django.server::log_message::213] [INFO] "GET /api/projects/6 HTTP/1.1" 200 18079
[2026-04-21 19:43:29,075] [django.server::log_message::213] [INFO] "GET /api/projects/6 HTTP/1.1" 200 18079
[2026-04-21 19:43:29,169] [django.server::log_message::213] [INFO] "GET /api/ml?project=6 HTTP/1.1" 200 2
[2026-04-21 19:43:29,169] [django.server::log_message::213] [INFO] "GET /api/ml?project=6 HTTP/1.1" 200 2
[2026-04-21 19:43:29,286] [django.server::log_message::213] [INFO] "GET /api/dm/columns?project=6 HTTP/1.1" 200 5694
[2026-04-21 19:43:29,286] [django.server::log_message::213] [INFO] "GET /api/dm/columns?project=6 HTTP/1.1" 200 5694
[2026-04-21 19:43:29,432] [django.server::log_message::213] [INFO] "GET /api/dm/project?project=6 HTTP/1.1" 200 18263
[2026-04-21 19:43:29,432] [django.server::log_message::213] [INFO] "GET /api/dm/project?project=6 HTTP/1.1" 200 18263
[2026-04-21 19:43:29,470] [django.server::log_message::213] [INFO] "GET /api/current-user/whoami HTTP/1.1" 200 1239
[2026-04-21 19:43:29,470] [django.server::log_message::213] [INFO] "GET /api/current-user/whoami HTTP/1.1" 200 1239
[2026-04-21 19:43:29,479] [django.server::log_message::213] [INFO] "GET /api/dm/views?project=6 HTTP/1.1" 200 1137
[2026-04-21 19:43:29,479] [django.server::log_message::213] [INFO] "GET /api/dm/views?project=6 HTTP/1.1" 200 1137
[2026-04-21 19:43:29,479] [django.server::log_message::213] [INFO] "GET /api/users?project=6 HTTP/1.1" 200 394
[2026-04-21 19:43:29,479] [django.server::log_message::213] [INFO] "GET /api/users?project=6 HTTP/1.1" 200 394
[2026-04-21 19:43:29,758] [django.server::log_message::213] [INFO] "GET /api/tasks?page=1&page_size=30&view=5&project=6 HTTP/1.1" 200 36933
[2026-04-21 19:43:29,758] [django.server::log_message::213] [INFO] "GET /api/tasks?page=1&page_size=30&view=5&project=6 HTTP/1.1" 200 36933
[2026-04-21 19:43:30,001] [django.server::log_message::213] [INFO] "GET /api/dm/project?interaction=timer&include=task_count%2Ctask_number%2Cannotation_count%2Cnum_tasks_with_annotations%2Cqueue_total&project=6 HTTP/1.1" 200 18263
[2026-04-21 19:43:30,001] [django.server::log_message::213] [INFO] "GET /api/dm/project?interaction=timer&include=task_count%2Ctask_number%2Cannotation_count%2Cnum_tasks_with_annotations%2Cqueue_total&project=6 HTTP/1.1" 200 18263
[2026-04-21 19:43:30,078] [django.server::log_message::213] [INFO] "GET /api/tasks/225?project=6 HTTP/1.1" 200 1672
[2026-04-21 19:43:30,078] [django.server::log_message::213] [INFO] "GET /api/tasks/225?project=6 HTTP/1.1" 200 1672
[2026-04-21 19:43:30,184] [django.server::log_message::213] [INFO] "GET /api/tasks/225?project=6 HTTP/1.1" 200 1672
[2026-04-21 19:43:30,184] [django.server::log_message::213] [INFO] "GET /api/tasks/225?project=6 HTTP/1.1" 200 1672
[2026-04-21 19:43:30,187] [django.server::log_message::213] [INFO] "GET /react-app/99.js HTTP/1.1" 200 1910
[2026-04-21 19:43:30,187] [django.server::log_message::213] [INFO] "GET /react-app/99.js HTTP/1.1" 200 1910
[2026-04-21 19:43:30,319] [django.server::log_message::213] [INFO] "GET /api/projects/6/label-stream-history?project=6 HTTP/1.1" 200 2
[2026-04-21 19:43:30,319] [django.server::log_message::213] [INFO] "GET /api/projects/6/label-stream-history?project=6 HTTP/1.1" 200 2
[2026-04-21 19:43:30,483] [django.server::log_message::213] [INFO] "GET /api/label_links?project=6&expand=label HTTP/1.1" 200 52
[2026-04-21 19:43:30,483] [django.server::log_message::213] [INFO] "GET /api/label_links?project=6&expand=label HTTP/1.1" 200 52
[2026-04-21 19:43:48,987] [django.server::log_message::213] [INFO] "GET /api/dm/project?interaction=timer&include=task_count%2Ctask_number%2Cannotation_count%2Cnum_tasks_with_annotations%2Cqueue_total&project=6 HTTP/1.1" 200 18263
[2026-04-21 19:43:48,987] [django.server::log_message::213] [INFO] "GET /api/dm/project?interaction=timer&include=task_count%2Ctask_number%2Cannotation_count%2Cnum_tasks_with_annotations%2Cqueue_total&project=6 HTTP/1.1" 200 18263
[2026-04-21 19:44:01,855] [django.server::log_message::213] [INFO] "POST /api/token/refresh HTTP/1.1" 200 244
[2026-04-21 19:44:01,855] [django.server::log_message::213] [INFO] "POST /api/token/refresh HTTP/1.1" 200 244
[2026-04-21 19:44:01,925] [core.label_config::parse_config::53] [WARNING] Using deprecated method - switch to label_studio.tools.label_config.parse_config!
[2026-04-21 19:44:01,925] [core.label_config::parse_config::53] [WARNING] Using deprecated method - switch to label_studio.tools.label_config.parse_config!
[2026-04-21 19:44:01,976] [django.server::log_message::213] [INFO] "PATCH /api/projects/6/ HTTP/1.1" 200 20306
[2026-04-21 19:44:01,976] [django.server::log_message::213] [INFO] "PATCH /api/projects/6/ HTTP/1.1" 200 20306
[2026-04-21 19:44:10,724] [django.server::log_message::213] [INFO] "GET /api/dm/project?interaction=timer&include=task_count%2Ctask_number%2Cannotation_count%2Cnum_tasks_with_annotations%2Cqueue_total&project=6 HTTP/1.1" 200 20490
[2026-04-21 19:44:10,724] [django.server::log_message::213] [INFO] "GET /api/dm/project?interaction=timer&include=task_count%2Ctask_number%2Cannotation_count%2Cnum_tasks_with_annotations%2Cqueue_total&project=6 HTTP/1.1" 200 20490
[2026-04-21 19:44:11,217] [django.server::log_message::213] [INFO] "GET /api/projects/6/tasks?page_size=10000 HTTP/1.1" 200 4304187
[2026-04-21 19:44:11,217] [django.server::log_message::213] [INFO] "GET /api/projects/6/tasks?page_size=10000 HTTP/1.1" 200 4304187
[2026-04-21 19:44:27,263] [django.server::log_message::213] [INFO] "POST /api/token/refresh HTTP/1.1" 200 244
[2026-04-21 19:44:27,263] [django.server::log_message::213] [INFO] "POST /api/token/refresh HTTP/1.1" 200 244
[2026-04-21 19:44:27,735] [django.server::log_message::213] [INFO] "POST /api/dm/actions?id=delete_tasks&project=6 HTTP/1.1" 200 68
[2026-04-21 19:44:27,735] [django.server::log_message::213] [INFO] "POST /api/dm/actions?id=delete_tasks&project=6 HTTP/1.1" 200 68
[2026-04-21 19:44:27,761] [django.server::log_message::213] [INFO] "GET /api/projects/6/ HTTP/1.1" 200 20300
[2026-04-21 19:44:27,761] [django.server::log_message::213] [INFO] "GET /api/projects/6/ HTTP/1.1" 200 20300
[2026-04-21 19:44:27,782] [django.server::log_message::213] [INFO] "POST /api/token/refresh HTTP/1.1" 200 244
[2026-04-21 19:44:27,782] [django.server::log_message::213] [INFO] "POST /api/token/refresh HTTP/1.1" 200 244
[2026-04-21 19:44:28,848] [django.server::log_message::213] [INFO] "POST /api/projects/6/import HTTP/1.1" 201 177
[2026-04-21 19:44:28,848] [django.server::log_message::213] [INFO] "POST /api/projects/6/import HTTP/1.1" 201 177
[2026-04-21 19:44:31,935] [django.server::log_message::213] [INFO] "GET /api/dm/project?interaction=timer&include=task_count%2Ctask_number%2Cannotation_count%2Cnum_tasks_with_annotations%2Cqueue_total&project=6 HTTP/1.1" 200 20490
[2026-04-21 19:44:31,935] [django.server::log_message::213] [INFO] "GET /api/dm/project?interaction=timer&include=task_count%2Ctask_number%2Cannotation_count%2Cnum_tasks_with_annotations%2Cqueue_total&project=6 HTTP/1.1" 200 20490
[2026-04-21 19:44:38,198] [django.server::log_message::213] [INFO] "GET /projects/6/data HTTP/1.1" 200 38920
[2026-04-21 19:44:38,198] [django.server::log_message::213] [INFO] "GET /projects/6/data HTTP/1.1" 200 38920
[2026-04-21 19:44:38,353] [django.server::log_message::213] [INFO] "GET /react-app/runtime.js?v=0db906 HTTP/1.1" 200 5034
[2026-04-21 19:44:38,353] [django.server::log_message::213] [INFO] "GET /react-app/runtime.js?v=0db906 HTTP/1.1" 200 5034
[2026-04-21 19:44:38,358] [django.server::log_message::213] [INFO] "GET /react-app/vendor.js?v=1 HTTP/1.1" 200 280541
[2026-04-21 19:44:38,358] [django.server::log_message::213] [INFO] "GET /react-app/vendor.js?v=1 HTTP/1.1" 200 280541
[2026-04-21 19:44:38,361] [django.server::log_message::213] [INFO] "GET /react-app/main.js?v=0db906 HTTP/1.1" 200 2497373
[2026-04-21 19:44:38,361] [django.server::log_message::213] [INFO] "GET /react-app/main.js?v=0db906 HTTP/1.1" 200 2497373
[2026-04-21 19:44:40,834] [django.server::log_message::213] [INFO] "GET /static/fonts/Figtree-SemiBold.ttf HTTP/1.1" 200 40852
[2026-04-21 19:44:40,834] [django.server::log_message::213] [INFO] "GET /static/fonts/Figtree-SemiBold.ttf HTTP/1.1" 200 40852
[2026-04-21 19:44:40,835] [django.server::log_message::213] [INFO] "GET /static/js/jquery.min.e6c2415c0ace.js HTTP/1.1" 200 87462
[2026-04-21 19:44:40,835] [django.server::log_message::213] [INFO] "GET /static/js/jquery.min.e6c2415c0ace.js HTTP/1.1" 200 87462
[2026-04-21 19:44:40,835] [django.server::log_message::213] [INFO] "GET /static/fonts/Figtree-Regular.ttf HTTP/1.1" 200 40584
[2026-04-21 19:44:40,835] [django.server::log_message::213] [INFO] "GET /static/fonts/Figtree-Regular.ttf HTTP/1.1" 200 40584
[2026-04-21 19:44:40,881] [django.server::log_message::213] [INFO] "GET /react-app/main.css?v=0db906 HTTP/1.1" 200 232558
[2026-04-21 19:44:40,881] [django.server::log_message::213] [INFO] "GET /react-app/main.css?v=0db906 HTTP/1.1" 200 232558
[2026-04-21 19:44:40,913] [django.server::log_message::213] [INFO] "GET /sw.js HTTP/1.1" 200 6221
[2026-04-21 19:44:40,913] [django.server::log_message::213] [INFO] "GET /sw.js HTTP/1.1" 200 6221
[2026-04-21 19:44:41,517] [django.server::log_message::213] [INFO] "GET /react-app/594.js HTTP/1.1" 200 131832
[2026-04-21 19:44:41,517] [django.server::log_message::213] [INFO] "GET /react-app/594.js HTTP/1.1" 200 131832
[2026-04-21 19:44:41,948] [django.server::log_message::213] [INFO] "GET /react-app/167.js HTTP/1.1" 200 320718
[2026-04-21 19:44:41,948] [django.server::log_message::213] [INFO] "GET /react-app/167.js HTTP/1.1" 200 320718
[2026-04-21 19:44:42,011] [django.server::log_message::213] [INFO] "GET /react-app/855.css HTTP/1.1" 200 21839
[2026-04-21 19:44:42,011] [django.server::log_message::213] [INFO] "GET /react-app/855.css HTTP/1.1" 200 21839
[2026-04-21 19:44:42,038] [django.server::log_message::213] [INFO] "GET /react-app/855.js HTTP/1.1" 200 216744
[2026-04-21 19:44:42,038] [django.server::log_message::213] [INFO] "GET /react-app/855.js HTTP/1.1" 200 216744
[2026-04-21 19:44:42,046] [django.server::log_message::213] [INFO] "GET /react-app/167.css HTTP/1.1" 200 49229
[2026-04-21 19:44:42,046] [django.server::log_message::213] [INFO] "GET /react-app/167.css HTTP/1.1" 200 49229
[2026-04-21 19:44:42,056] [django.server::log_message::213] [INFO] "GET /react-app/288.js HTTP/1.1" 200 1372978
[2026-04-21 19:44:42,056] [django.server::log_message::213] [INFO] "GET /react-app/288.js HTTP/1.1" 200 1372978
[2026-04-21 19:44:42,057] [django.server::log_message::213] [INFO] "GET /react-app/358.js HTTP/1.1" 200 1178824
[2026-04-21 19:44:42,057] [django.server::log_message::213] [INFO] "GET /react-app/358.js HTTP/1.1" 200 1178824
[2026-04-21 19:44:44,560] [django.server::log_message::213] [INFO] "GET /react-app/358.css HTTP/1.1" 200 1374637
[2026-04-21 19:44:44,560] [django.server::log_message::213] [INFO] "GET /react-app/358.css HTTP/1.1" 200 1374637
[2026-04-21 19:44:45,479] [django.server::log_message::213] [INFO] "GET /api/current-user/whoami HTTP/1.1" 200 1239
[2026-04-21 19:44:45,479] [django.server::log_message::213] [INFO] "GET /api/current-user/whoami HTTP/1.1" 200 1239
[2026-04-21 19:44:45,488] [django.server::log_message::213] [INFO] "GET /static/images/favicon.8992b8aa4126.ico HTTP/1.1" 200 15406
[2026-04-21 19:44:45,488] [django.server::log_message::213] [INFO] "GET /static/images/favicon.8992b8aa4126.ico HTTP/1.1" 200 15406
[2026-04-21 19:44:45,493] [django.server::log_message::213] [INFO] "GET /api/version HTTP/1.1" 200 1052
[2026-04-21 19:44:45,493] [django.server::log_message::213] [INFO] "GET /api/version HTTP/1.1" 200 1052
[2026-04-21 19:44:45,568] [django.server::log_message::213] [INFO] "GET /sw.js HTTP/1.1" 200 6221
[2026-04-21 19:44:45,568] [django.server::log_message::213] [INFO] "GET /sw.js HTTP/1.1" 200 6221
[2026-04-21 19:44:45,637] [django.server::log_message::213] [INFO] "GET /api/projects/6 HTTP/1.1" 200 20306
[2026-04-21 19:44:45,637] [django.server::log_message::213] [INFO] "GET /api/projects/6 HTTP/1.1" 200 20306
[2026-04-21 19:44:45,766] [django.server::log_message::213] [INFO] "GET /api/ml?project=6 HTTP/1.1" 200 2
[2026-04-21 19:44:45,766] [django.server::log_message::213] [INFO] "GET /api/ml?project=6 HTTP/1.1" 200 2
[2026-04-21 19:44:45,857] [django.server::log_message::213] [INFO] "GET /api/dm/columns?project=6 HTTP/1.1" 200 6255
[2026-04-21 19:44:45,857] [django.server::log_message::213] [INFO] "GET /api/dm/columns?project=6 HTTP/1.1" 200 6255
[2026-04-21 19:44:46,009] [django.server::log_message::213] [INFO] "GET /api/current-user/whoami HTTP/1.1" 200 1239
[2026-04-21 19:44:46,009] [django.server::log_message::213] [INFO] "GET /api/current-user/whoami HTTP/1.1" 200 1239
[2026-04-21 19:44:46,018] [django.server::log_message::213] [INFO] "GET /api/dm/project?project=6 HTTP/1.1" 200 20490
[2026-04-21 19:44:46,018] [django.server::log_message::213] [INFO] "GET /api/dm/project?project=6 HTTP/1.1" 200 20490
[2026-04-21 19:44:46,026] [django.server::log_message::213] [INFO] "GET /api/dm/views?project=6 HTTP/1.1" 200 2
[2026-04-21 19:44:46,026] [django.server::log_message::213] [INFO] "GET /api/dm/views?project=6 HTTP/1.1" 200 2
[2026-04-21 19:44:46,031] [django.server::log_message::213] [INFO] "GET /api/users?project=6 HTTP/1.1" 200 394
[2026-04-21 19:44:46,031] [django.server::log_message::213] [INFO] "GET /api/users?project=6 HTTP/1.1" 200 394
[2026-04-21 19:44:46,107] [django.server::log_message::213] [INFO] "POST /api/dm/views?tabID=0&project=6 HTTP/1.1" 201 1135
[2026-04-21 19:44:46,107] [django.server::log_message::213] [INFO] "POST /api/dm/views?tabID=0&project=6 HTTP/1.1" 201 1135
[2026-04-21 19:44:46,237] [django.server::log_message::213] [INFO] "GET /api/dm/project?interaction=timer&include=task_count%2Ctask_number%2Cannotation_count%2Cnum_tasks_with_annotations%2Cqueue_total&project=6 HTTP/1.1" 200 20490
[2026-04-21 19:44:46,237] [django.server::log_message::213] [INFO] "GET /api/dm/project?interaction=timer&include=task_count%2Ctask_number%2Cannotation_count%2Cnum_tasks_with_annotations%2Cqueue_total&project=6 HTTP/1.1" 200 20490
[2026-04-21 19:44:46,401] [django.server::log_message::213] [INFO] "GET /api/tasks?page=1&page_size=30&view=6&project=6 HTTP/1.1" 200 38829
[2026-04-21 19:44:46,401] [django.server::log_message::213] [INFO] "GET /api/tasks?page=1&page_size=30&view=6&project=6 HTTP/1.1" 200 38829
[2026-04-21 19:44:49,005] [django.server::log_message::213] [INFO] "GET /react-app/99.js HTTP/1.1" 200 1910
[2026-04-21 19:44:49,005] [django.server::log_message::213] [INFO] "GET /react-app/99.js HTTP/1.1" 200 1910
[2026-04-21 19:44:49,086] [django.server::log_message::213] [INFO] "GET /api/tasks/21?project=6 HTTP/1.1" 200 1130
[2026-04-21 19:44:49,086] [django.server::log_message::213] [INFO] "GET /api/tasks/21?project=6 HTTP/1.1" 200 1130
[2026-04-21 19:44:49,143] [django.server::log_message::213] [INFO] "GET /api/projects/6/label-stream-history?project=6 HTTP/1.1" 200 2
[2026-04-21 19:44:49,143] [django.server::log_message::213] [INFO] "GET /api/projects/6/label-stream-history?project=6 HTTP/1.1" 200 2
[2026-04-21 19:44:49,409] [django.server::log_message::213] [INFO] "GET /api/label_links?project=6&expand=label HTTP/1.1" 200 52
[2026-04-21 19:44:49,409] [django.server::log_message::213] [INFO] "GET /api/label_links?project=6&expand=label HTTP/1.1" 200 52
[2026-04-21 19:45:07,069] [django.server::log_message::213] [INFO] "GET /api/dm/project?interaction=timer&include=task_count%2Ctask_number%2Cannotation_count%2Cnum_tasks_with_annotations%2Cqueue_total&project=6 HTTP/1.1" 200 20490
[2026-04-21 19:45:07,069] [django.server::log_message::213] [INFO] "GET /api/dm/project?interaction=timer&include=task_count%2Ctask_number%2Cannotation_count%2Cnum_tasks_with_annotations%2Cqueue_total&project=6 HTTP/1.1" 200 20490
[2026-04-21 19:45:28,162] [django.server::log_message::213] [INFO] "GET /api/dm/project?interaction=timer&include=task_count%2Ctask_number%2Cannotation_count%2Cnum_tasks_with_annotations%2Cqueue_total&project=6 HTTP/1.1" 200 20490
[2026-04-21 19:45:28,162] [django.server::log_message::213] [INFO] "GET /api/dm/project?interaction=timer&include=task_count%2Ctask_number%2Cannotation_count%2Cnum_tasks_with_annotations%2Cqueue_total&project=6 HTTP/1.1" 200 20490
[2026-04-21 19:45:47,196] [django.server::log_message::213] [INFO] "GET /api/dm/project?interaction=timer&include=task_count%2Ctask_number%2Cannotation_count%2Cnum_tasks_with_annotations%2Cqueue_total&project=6 HTTP/1.1" 200 20490
[2026-04-21 19:45:47,196] [django.server::log_message::213] [INFO] "GET /api/dm/project?interaction=timer&include=task_count%2Ctask_number%2Cannotation_count%2Cnum_tasks_with_annotations%2Cqueue_total&project=6 HTTP/1.1" 200 20490
[2026-04-21 19:46:08,057] [django.server::log_message::213] [INFO] "GET /api/dm/project?interaction=timer&include=task_count%2Ctask_number%2Cannotation_count%2Cnum_tasks_with_annotations%2Cqueue_total&project=6 HTTP/1.1" 200 20490
[2026-04-21 19:46:08,057] [django.server::log_message::213] [INFO] "GET /api/dm/project?interaction=timer&include=task_count%2Ctask_number%2Cannotation_count%2Cnum_tasks_with_annotations%2Cqueue_total&project=6 HTTP/1.1" 200 20490
[2026-04-21 19:46:09,052] [django.server::log_message::213] [INFO] "GET /api/label_links?project=6&expand=label HTTP/1.1" 200 52
[2026-04-21 19:46:09,052] [django.server::log_message::213] [INFO] "GET /api/label_links?project=6&expand=label HTTP/1.1" 200 52
[2026-04-21 19:46:09,115] [django.server::log_message::213] [INFO] "GET /api/tasks/26?project=6 HTTP/1.1" 200 1183
[2026-04-21 19:46:09,115] [django.server::log_message::213] [INFO] "GET /api/tasks/26?project=6 HTTP/1.1" 200 1183
[2026-04-21 19:46:27,135] [django.server::log_message::213] [INFO] "GET /api/dm/project?interaction=timer&include=task_count%2Ctask_number%2Cannotation_count%2Cnum_tasks_with_annotations%2Cqueue_total&project=6 HTTP/1.1" 200 20490
[2026-04-21 19:46:27,135] [django.server::log_message::213] [INFO] "GET /api/dm/project?interaction=timer&include=task_count%2Ctask_number%2Cannotation_count%2Cnum_tasks_with_annotations%2Cqueue_total&project=6 HTTP/1.1" 200 20490
[2026-04-21 19:46:40,230] [django.server::log_message::213] [INFO] "GET /projects/6/data?tab=6&task=26 HTTP/1.1" 200 38920
[2026-04-21 19:46:40,230] [django.server::log_message::213] [INFO] "GET /projects/6/data?tab=6&task=26 HTTP/1.1" 200 38920
[2026-04-21 19:46:40,341] [django.server::log_message::213] [INFO] "GET /react-app/runtime.js?v=0db906 HTTP/1.1" 200 5034
[2026-04-21 19:46:40,341] [django.server::log_message::213] [INFO] "GET /react-app/runtime.js?v=0db906 HTTP/1.1" 200 5034
[2026-04-21 19:46:40,367] [django.server::log_message::213] [INFO] "GET /react-app/vendor.js?v=1 HTTP/1.1" 200 280541
[2026-04-21 19:46:40,367] [django.server::log_message::213] [INFO] "GET /react-app/vendor.js?v=1 HTTP/1.1" 200 280541
[2026-04-21 19:46:40,370] [django.server::log_message::213] [INFO] "GET /react-app/main.js?v=0db906 HTTP/1.1" 200 2497373
[2026-04-21 19:46:40,370] [django.server::log_message::213] [INFO] "GET /react-app/main.js?v=0db906 HTTP/1.1" 200 2497373
[2026-04-21 19:46:43,180] [django.server::log_message::213] [INFO] "GET /static/js/jquery.min.e6c2415c0ace.js HTTP/1.1" 200 87462
[2026-04-21 19:46:43,180] [django.server::log_message::213] [INFO] "GET /static/js/jquery.min.e6c2415c0ace.js HTTP/1.1" 200 87462
[2026-04-21 19:46:43,278] [django.server::log_message::213] [INFO] "GET /static/fonts/Figtree-Regular.ttf HTTP/1.1" 200 40584
[2026-04-21 19:46:43,278] [django.server::log_message::213] [INFO] "GET /static/fonts/Figtree-Regular.ttf HTTP/1.1" 200 40584
[2026-04-21 19:46:43,278] [django.server::log_message::213] [INFO] "GET /static/fonts/Figtree-SemiBold.ttf HTTP/1.1" 200 40852
[2026-04-21 19:46:43,278] [django.server::log_message::213] [INFO] "GET /static/fonts/Figtree-SemiBold.ttf HTTP/1.1" 200 40852
[2026-04-21 19:46:43,278] [django.server::log_message::213] [INFO] "GET /sw.js HTTP/1.1" 200 6221
[2026-04-21 19:46:43,278] [django.server::log_message::213] [INFO] "GET /sw.js HTTP/1.1" 200 6221
[2026-04-21 19:46:43,563] [django.server::log_message::213] [INFO] "GET /react-app/288.js HTTP/1.1" 200 1372978
[2026-04-21 19:46:43,563] [django.server::log_message::213] [INFO] "GET /react-app/288.js HTTP/1.1" 200 1372978
[2026-04-21 19:46:43,565] [django.server::log_message::213] [INFO] "GET /react-app/594.js HTTP/1.1" 200 131832
[2026-04-21 19:46:43,565] [django.server::log_message::213] [INFO] "GET /react-app/594.js HTTP/1.1" 200 131832
[2026-04-21 19:46:43,565] [django.server::log_message::213] [INFO] "GET /react-app/855.js HTTP/1.1" 200 216744
[2026-04-21 19:46:43,565] [django.server::log_message::213] [INFO] "GET /react-app/855.js HTTP/1.1" 200 216744
[2026-04-21 19:46:45,355] [django.server::log_message::213] [INFO] "GET /react-app/167.js HTTP/1.1" 200 320718
[2026-04-21 19:46:45,355] [django.server::log_message::213] [INFO] "GET /react-app/167.js HTTP/1.1" 200 320718
[2026-04-21 19:46:45,428] [django.server::log_message::213] [INFO] "GET /api/version HTTP/1.1" 200 1052
[2026-04-21 19:46:45,428] [django.server::log_message::213] [INFO] "GET /api/version HTTP/1.1" 200 1052
[2026-04-21 19:46:45,433] [django.server::log_message::213] [INFO] "GET /react-app/358.js HTTP/1.1" 200 1178824
[2026-04-21 19:46:45,433] [django.server::log_message::213] [INFO] "GET /react-app/358.js HTTP/1.1" 200 1178824
[2026-04-21 19:46:46,732] [django.server::log_message::213] [INFO] "GET /api/current-user/whoami HTTP/1.1" 200 1239
[2026-04-21 19:46:46,732] [django.server::log_message::213] [INFO] "GET /api/current-user/whoami HTTP/1.1" 200 1239
[2026-04-21 19:46:46,739] [django.server::log_message::213] [INFO] "GET /static/images/favicon.8992b8aa4126.ico HTTP/1.1" 200 15406
[2026-04-21 19:46:46,739] [django.server::log_message::213] [INFO] "GET /static/images/favicon.8992b8aa4126.ico HTTP/1.1" 200 15406
[2026-04-21 19:46:46,769] [django.server::log_message::213] [INFO] "GET /api/projects/6 HTTP/1.1" 200 20306
[2026-04-21 19:46:46,769] [django.server::log_message::213] [INFO] "GET /api/projects/6 HTTP/1.1" 200 20306
[2026-04-21 19:46:46,888] [django.server::log_message::213] [INFO] "GET /sw.js HTTP/1.1" 200 6221
[2026-04-21 19:46:46,888] [django.server::log_message::213] [INFO] "GET /sw.js HTTP/1.1" 200 6221
[2026-04-21 19:46:46,896] [django.server::log_message::213] [INFO] "GET /api/ml?project=6 HTTP/1.1" 200 2
[2026-04-21 19:46:46,896] [django.server::log_message::213] [INFO] "GET /api/ml?project=6 HTTP/1.1" 200 2
[2026-04-21 19:46:47,009] [django.server::log_message::213] [INFO] "GET /api/dm/columns?project=6 HTTP/1.1" 200 6255
[2026-04-21 19:46:47,009] [django.server::log_message::213] [INFO] "GET /api/dm/columns?project=6 HTTP/1.1" 200 6255
[2026-04-21 19:46:47,179] [django.server::log_message::213] [INFO] "GET /api/current-user/whoami HTTP/1.1" 200 1239
[2026-04-21 19:46:47,179] [django.server::log_message::213] [INFO] "GET /api/current-user/whoami HTTP/1.1" 200 1239
[2026-04-21 19:46:47,217] [django.server::log_message::213] [INFO] "GET /api/dm/views?project=6 HTTP/1.1" 200 1137
[2026-04-21 19:46:47,217] [django.server::log_message::213] [INFO] "GET /api/dm/views?project=6 HTTP/1.1" 200 1137
[2026-04-21 19:46:47,224] [django.server::log_message::213] [INFO] "GET /api/users?project=6 HTTP/1.1" 200 394
[2026-04-21 19:46:47,224] [django.server::log_message::213] [INFO] "GET /api/users?project=6 HTTP/1.1" 200 394
[2026-04-21 19:46:47,232] [django.server::log_message::213] [INFO] "GET /api/dm/project?project=6 HTTP/1.1" 200 20490
[2026-04-21 19:46:47,232] [django.server::log_message::213] [INFO] "GET /api/dm/project?project=6 HTTP/1.1" 200 20490
[2026-04-21 19:46:47,554] [django.server::log_message::213] [INFO] "GET /api/tasks?page=1&page_size=30&view=6&project=6 HTTP/1.1" 200 38829
[2026-04-21 19:46:47,554] [django.server::log_message::213] [INFO] "GET /api/tasks?page=1&page_size=30&view=6&project=6 HTTP/1.1" 200 38829
[2026-04-21 19:46:47,731] [django.server::log_message::213] [INFO] "GET /api/dm/project?interaction=timer&include=task_count%2Ctask_number%2Cannotation_count%2Cnum_tasks_with_annotations%2Cqueue_total&project=6 HTTP/1.1" 200 20490
[2026-04-21 19:46:47,731] [django.server::log_message::213] [INFO] "GET /api/dm/project?interaction=timer&include=task_count%2Ctask_number%2Cannotation_count%2Cnum_tasks_with_annotations%2Cqueue_total&project=6 HTTP/1.1" 200 20490
[2026-04-21 19:46:47,810] [django.server::log_message::213] [INFO] "GET /react-app/99.js HTTP/1.1" 200 1910
[2026-04-21 19:46:47,810] [django.server::log_message::213] [INFO] "GET /react-app/99.js HTTP/1.1" 200 1910
[2026-04-21 19:46:47,982] [django.server::log_message::213] [INFO] "GET /api/tasks/26?project=6 HTTP/1.1" 200 1183
[2026-04-21 19:46:47,982] [django.server::log_message::213] [INFO] "GET /api/tasks/26?project=6 HTTP/1.1" 200 1183
[2026-04-21 19:46:47,998] [django.server::log_message::213] [INFO] "GET /api/projects/6/label-stream-history?project=6 HTTP/1.1" 200 2
[2026-04-21 19:46:47,998] [django.server::log_message::213] [INFO] "GET /api/projects/6/label-stream-history?project=6 HTTP/1.1" 200 2
[2026-04-21 19:46:48,114] [django.server::log_message::213] [INFO] "GET /api/label_links?project=6&expand=label HTTP/1.1" 200 52
[2026-04-21 19:46:48,114] [django.server::log_message::213] [INFO] "GET /api/label_links?project=6&expand=label HTTP/1.1" 200 52
[2026-04-21 19:46:56,475] [django.server::log_message::213] [INFO] "GET /projects/6/data?tab=6&task=26 HTTP/1.1" 200 38920
[2026-04-21 19:46:56,475] [django.server::log_message::213] [INFO] "GET /projects/6/data?tab=6&task=26 HTTP/1.1" 200 38920
[2026-04-21 19:46:57,531] [django.server::log_message::213] [INFO] "GET /projects/6/data?tab=6&task=26 HTTP/1.1" 200 38920
[2026-04-21 19:46:57,531] [django.server::log_message::213] [INFO] "GET /projects/6/data?tab=6&task=26 HTTP/1.1" 200 38920
[2026-04-21 19:46:57,619] [django.server::log_message::213] [INFO] "GET /static/fonts/Figtree-Regular.ttf HTTP/1.1" 200 40584
[2026-04-21 19:46:57,619] [django.server::log_message::213] [INFO] "GET /static/fonts/Figtree-Regular.ttf HTTP/1.1" 200 40584
[2026-04-21 19:46:57,869] [django.server::log_message::213] [INFO] "GET /static/fonts/Figtree-SemiBold.ttf HTTP/1.1" 200 40852
[2026-04-21 19:46:57,869] [django.server::log_message::213] [INFO] "GET /static/fonts/Figtree-SemiBold.ttf HTTP/1.1" 200 40852
[2026-04-21 19:46:57,990] [django.server::log_message::213] [INFO] "GET /react-app/runtime.js?v=0db906 HTTP/1.1" 200 5034
[2026-04-21 19:46:57,990] [django.server::log_message::213] [INFO] "GET /react-app/runtime.js?v=0db906 HTTP/1.1" 200 5034
[2026-04-21 19:46:58,000] [django.server::log_message::213] [INFO] "GET /react-app/main.css?v=0db906 HTTP/1.1" 200 232558
[2026-04-21 19:46:58,000] [django.server::log_message::213] [INFO] "GET /react-app/main.css?v=0db906 HTTP/1.1" 200 232558
[2026-04-21 19:46:58,006] [django.server::log_message::213] [INFO] "GET /react-app/vendor.js?v=1 HTTP/1.1" 200 280541
[2026-04-21 19:46:58,006] [django.server::log_message::213] [INFO] "GET /react-app/vendor.js?v=1 HTTP/1.1" 200 280541
[2026-04-21 19:46:58,015] [django.server::log_message::213] [INFO] "GET /static/js/jquery.min.e6c2415c0ace.js HTTP/1.1" 200 87462
[2026-04-21 19:46:58,015] [django.server::log_message::213] [INFO] "GET /static/js/jquery.min.e6c2415c0ace.js HTTP/1.1" 200 87462
[2026-04-21 19:46:58,045] [django.server::log_message::213] [INFO] "GET /react-app/main.js?v=0db906 HTTP/1.1" 200 2497373
[2026-04-21 19:46:58,045] [django.server::log_message::213] [INFO] "GET /react-app/main.js?v=0db906 HTTP/1.1" 200 2497373
[2026-04-21 19:47:01,982] [django.server::log_message::213] [INFO] "GET /react-app/855.css HTTP/1.1" 200 21839
[2026-04-21 19:47:01,982] [django.server::log_message::213] [INFO] "GET /react-app/855.css HTTP/1.1" 200 21839
[2026-04-21 19:47:01,983] [django.server::log_message::213] [INFO] "GET /react-app/594.js HTTP/1.1" 200 131832
[2026-04-21 19:47:01,983] [django.server::log_message::213] [INFO] "GET /react-app/594.js HTTP/1.1" 200 131832
[2026-04-21 19:47:02,014] [django.server::log_message::213] [INFO] "GET /react-app/167.js HTTP/1.1" 200 320718
[2026-04-21 19:47:02,014] [django.server::log_message::213] [INFO] "GET /react-app/167.js HTTP/1.1" 200 320718
[2026-04-21 19:47:02,045] [django.server::log_message::213] [INFO] "GET /react-app/855.js HTTP/1.1" 200 216744
[2026-04-21 19:47:02,045] [django.server::log_message::213] [INFO] "GET /react-app/855.js HTTP/1.1" 200 216744
[2026-04-21 19:47:02,048] [django.server::log_message::213] [INFO] "GET /react-app/288.js HTTP/1.1" 200 1372978
[2026-04-21 19:47:02,048] [django.server::log_message::213] [INFO] "GET /react-app/288.js HTTP/1.1" 200 1372978
[2026-04-21 19:47:02,071] [django.server::log_message::213] [INFO] "GET /react-app/167.css HTTP/1.1" 200 49229
[2026-04-21 19:47:02,071] [django.server::log_message::213] [INFO] "GET /react-app/167.css HTTP/1.1" 200 49229
[2026-04-21 19:47:03,710] [django.server::log_message::213] [INFO] "GET /react-app/358.css HTTP/1.1" 200 1374637
[2026-04-21 19:47:03,710] [django.server::log_message::213] [INFO] "GET /react-app/358.css HTTP/1.1" 200 1374637
[2026-04-21 19:47:03,766] [django.server::log_message::213] [INFO] "GET /react-app/358.js HTTP/1.1" 200 1178824
[2026-04-21 19:47:03,766] [django.server::log_message::213] [INFO] "GET /react-app/358.js HTTP/1.1" 200 1178824
[2026-04-21 19:47:04,790] [django.server::log_message::213] [INFO] "GET /static/images/favicon.8992b8aa4126.ico HTTP/1.1" 200 15406
[2026-04-21 19:47:04,790] [django.server::log_message::213] [INFO] "GET /static/images/favicon.8992b8aa4126.ico HTTP/1.1" 200 15406
[2026-04-21 19:47:04,791] [django.server::log_message::213] [INFO] "GET /api/current-user/whoami HTTP/1.1" 200 1239
[2026-04-21 19:47:04,791] [django.server::log_message::213] [INFO] "GET /api/current-user/whoami HTTP/1.1" 200 1239
[2026-04-21 19:47:04,811] [django.server::log_message::213] [INFO] "GET /api/projects/6 HTTP/1.1" 200 20306
[2026-04-21 19:47:04,811] [django.server::log_message::213] [INFO] "GET /api/projects/6 HTTP/1.1" 200 20306
[2026-04-21 19:47:04,820] [django.server::log_message::213] [INFO] "GET /api/version HTTP/1.1" 200 1052
[2026-04-21 19:47:04,820] [django.server::log_message::213] [INFO] "GET /api/version HTTP/1.1" 200 1052
[2026-04-21 19:47:04,940] [django.server::log_message::213] [INFO] "GET /api/ml?project=6 HTTP/1.1" 200 2
[2026-04-21 19:47:04,940] [django.server::log_message::213] [INFO] "GET /api/ml?project=6 HTTP/1.1" 200 2
[2026-04-21 19:47:05,019] [django.server::log_message::213] [INFO] "GET /api/dm/columns?project=6 HTTP/1.1" 200 6255
[2026-04-21 19:47:05,019] [django.server::log_message::213] [INFO] "GET /api/dm/columns?project=6 HTTP/1.1" 200 6255
[2026-04-21 19:47:05,194] [django.server::log_message::213] [INFO] "GET /api/users?project=6 HTTP/1.1" 200 394
[2026-04-21 19:47:05,194] [django.server::log_message::213] [INFO] "GET /api/users?project=6 HTTP/1.1" 200 394
[2026-04-21 19:47:05,204] [django.server::log_message::213] [INFO] "GET /api/dm/project?project=6 HTTP/1.1" 200 20490
[2026-04-21 19:47:05,204] [django.server::log_message::213] [INFO] "GET /api/dm/project?project=6 HTTP/1.1" 200 20490
[2026-04-21 19:47:05,214] [django.server::log_message::213] [INFO] "GET /api/dm/views?project=6 HTTP/1.1" 200 1137
[2026-04-21 19:47:05,214] [django.server::log_message::213] [INFO] "GET /api/dm/views?project=6 HTTP/1.1" 200 1137
[2026-04-21 19:47:05,540] [django.server::log_message::213] [INFO] "GET /api/tasks?page=1&page_size=30&view=6&project=6 HTTP/1.1" 200 38829
[2026-04-21 19:47:05,540] [django.server::log_message::213] [INFO] "GET /api/tasks?page=1&page_size=30&view=6&project=6 HTTP/1.1" 200 38829
[2026-04-21 19:47:05,604] [django.server::log_message::213] [INFO] "GET /api/current-user/whoami HTTP/1.1" 200 1239
[2026-04-21 19:47:05,604] [django.server::log_message::213] [INFO] "GET /api/current-user/whoami HTTP/1.1" 200 1239
[2026-04-21 19:47:05,700] [django.server::log_message::213] [INFO] "GET /react-app/99.js HTTP/1.1" 200 1910
[2026-04-21 19:47:05,700] [django.server::log_message::213] [INFO] "GET /react-app/99.js HTTP/1.1" 200 1910
[2026-04-21 19:47:05,722] [django.server::log_message::213] [INFO] "GET /api/dm/project?interaction=timer&include=task_count%2Ctask_number%2Cannotation_count%2Cnum_tasks_with_annotations%2Cqueue_total&project=6 HTTP/1.1" 200 20490
[2026-04-21 19:47:05,722] [django.server::log_message::213] [INFO] "GET /api/dm/project?interaction=timer&include=task_count%2Ctask_number%2Cannotation_count%2Cnum_tasks_with_annotations%2Cqueue_total&project=6 HTTP/1.1" 200 20490
[2026-04-21 19:47:05,751] [django.server::log_message::213] [INFO] "GET /api/tasks/26?project=6 HTTP/1.1" 200 1183
[2026-04-21 19:47:05,751] [django.server::log_message::213] [INFO] "GET /api/tasks/26?project=6 HTTP/1.1" 200 1183
[2026-04-21 19:47:05,906] [django.server::log_message::213] [INFO] "GET /api/projects/6/label-stream-history?project=6 HTTP/1.1" 200 2
[2026-04-21 19:47:05,906] [django.server::log_message::213] [INFO] "GET /api/projects/6/label-stream-history?project=6 HTTP/1.1" 200 2
[2026-04-21 19:47:06,171] [django.server::log_message::213] [INFO] "GET /api/label_links?project=6&expand=label HTTP/1.1" 200 52
[2026-04-21 19:47:06,171] [django.server::log_message::213] [INFO] "GET /api/label_links?project=6&expand=label HTTP/1.1" 200 52
[2026-04-21 19:47:24,877] [django.server::log_message::213] [INFO] "GET /api/dm/project?interaction=timer&include=task_count%2Ctask_number%2Cannotation_count%2Cnum_tasks_with_annotations%2Cqueue_total&project=6 HTTP/1.1" 200 20490
[2026-04-21 19:47:24,877] [django.server::log_message::213] [INFO] "GET /api/dm/project?interaction=timer&include=task_count%2Ctask_number%2Cannotation_count%2Cnum_tasks_with_annotations%2Cqueue_total&project=6 HTTP/1.1" 200 20490
[2026-04-21 19:47:45,751] [django.server::log_message::213] [INFO] "GET /api/dm/project?interaction=timer&include=task_count%2Ctask_number%2Cannotation_count%2Cnum_tasks_with_annotations%2Cqueue_total&project=6 HTTP/1.1" 200 20490
[2026-04-21 19:47:45,751] [django.server::log_message::213] [INFO] "GET /api/dm/project?interaction=timer&include=task_count%2Ctask_number%2Cannotation_count%2Cnum_tasks_with_annotations%2Cqueue_total&project=6 HTTP/1.1" 200 20490
[2026-04-21 19:48:06,513] [django.server::log_message::213] [INFO] "GET /api/dm/project?interaction=timer&include=task_count%2Ctask_number%2Cannotation_count%2Cnum_tasks_with_annotations%2Cqueue_total&project=6 HTTP/1.1" 200 20490
[2026-04-21 19:48:06,513] [django.server::log_message::213] [INFO] "GET /api/dm/project?interaction=timer&include=task_count%2Ctask_number%2Cannotation_count%2Cnum_tasks_with_annotations%2Cqueue_total&project=6 HTTP/1.1" 200 20490
[2026-04-21 19:48:25,562] [django.server::log_message::213] [INFO] "GET /api/dm/project?interaction=timer&include=task_count%2Ctask_number%2Cannotation_count%2Cnum_tasks_with_annotations%2Cqueue_total&project=6 HTTP/1.1" 200 20490
[2026-04-21 19:48:25,562] [django.server::log_message::213] [INFO] "GET /api/dm/project?interaction=timer&include=task_count%2Ctask_number%2Cannotation_count%2Cnum_tasks_with_annotations%2Cqueue_total&project=6 HTTP/1.1" 200 20490
[2026-04-21 19:48:36,149] [django.server::log_message::213] [INFO] "POST /api/token/refresh HTTP/1.1" 200 244
[2026-04-21 19:48:36,149] [django.server::log_message::213] [INFO] "POST /api/token/refresh HTTP/1.1" 200 244
[2026-04-21 19:48:37,218] [core.label_config::parse_config::53] [WARNING] Using deprecated method - switch to label_studio.tools.label_config.parse_config!
[2026-04-21 19:48:37,218] [core.label_config::parse_config::53] [WARNING] Using deprecated method - switch to label_studio.tools.label_config.parse_config!
[2026-04-21 19:48:37,273] [django.server::log_message::213] [INFO] "PATCH /api/projects/6/ HTTP/1.1" 200 20763
[2026-04-21 19:48:37,273] [django.server::log_message::213] [INFO] "PATCH /api/projects/6/ HTTP/1.1" 200 20763
[2026-04-21 19:48:46,340] [django.server::log_message::213] [INFO] "GET /api/dm/project?interaction=timer&include=task_count%2Ctask_number%2Cannotation_count%2Cnum_tasks_with_annotations%2Cqueue_total&project=6 HTTP/1.1" 200 20947
[2026-04-21 19:48:46,340] [django.server::log_message::213] [INFO] "GET /api/dm/project?interaction=timer&include=task_count%2Ctask_number%2Cannotation_count%2Cnum_tasks_with_annotations%2Cqueue_total&project=6 HTTP/1.1" 200 20947
[2026-04-21 19:48:55,228] [django.server::log_message::213] [INFO] "GET /projects/6/data?tab=6&task=26 HTTP/1.1" 200 38920
[2026-04-21 19:48:55,228] [django.server::log_message::213] [INFO] "GET /projects/6/data?tab=6&task=26 HTTP/1.1" 200 38920
[2026-04-21 19:48:55,619] [django.server::log_message::213] [INFO] "GET /projects/6/data?tab=6&task=26 HTTP/1.1" 200 38920
[2026-04-21 19:48:55,619] [django.server::log_message::213] [INFO] "GET /projects/6/data?tab=6&task=26 HTTP/1.1" 200 38920
[2026-04-21 19:48:55,892] [django.server::log_message::213] [INFO] "GET /projects/6/data?tab=6&task=26 HTTP/1.1" 200 38920
[2026-04-21 19:48:55,892] [django.server::log_message::213] [INFO] "GET /projects/6/data?tab=6&task=26 HTTP/1.1" 200 38920
[2026-04-21 19:48:56,038] [django.server::log_message::213] [INFO] "GET /react-app/runtime.js?v=0db906 HTTP/1.1" 200 5034
[2026-04-21 19:48:56,038] [django.server::log_message::213] [INFO] "GET /react-app/runtime.js?v=0db906 HTTP/1.1" 200 5034
[2026-04-21 19:48:56,275] [django.server::log_message::213] [INFO] "GET /react-app/vendor.js?v=1 HTTP/1.1" 200 280541
[2026-04-21 19:48:56,275] [django.server::log_message::213] [INFO] "GET /react-app/vendor.js?v=1 HTTP/1.1" 200 280541
[2026-04-21 19:48:56,847] [django.server::log_message::213] [INFO] "GET /sw.js HTTP/1.1" 200 6221
[2026-04-21 19:48:56,847] [django.server::log_message::213] [INFO] "GET /sw.js HTTP/1.1" 200 6221
[2026-04-21 19:48:57,091] [django.server::log_message::213] [INFO] "GET /projects/6/data?tab=6&task=26 HTTP/1.1" 200 38920
[2026-04-21 19:48:57,091] [django.server::log_message::213] [INFO] "GET /projects/6/data?tab=6&task=26 HTTP/1.1" 200 38920
[2026-04-21 19:48:57,195] [django.server::log_message::213] [INFO] "GET /static/fonts/Figtree-SemiBold.ttf HTTP/1.1" 200 40852
[2026-04-21 19:48:57,195] [django.server::log_message::213] [INFO] "GET /static/fonts/Figtree-SemiBold.ttf HTTP/1.1" 200 40852
[2026-04-21 19:48:57,195] [django.server::log_message::213] [INFO] "GET /static/fonts/Figtree-Regular.ttf HTTP/1.1" 200 40584
[2026-04-21 19:48:57,195] [django.server::log_message::213] [INFO] "GET /static/fonts/Figtree-Regular.ttf HTTP/1.1" 200 40584
[2026-04-21 19:48:57,586] [django.server::log_message::213] [INFO] "GET /react-app/runtime.js?v=0db906 HTTP/1.1" 200 5034
[2026-04-21 19:48:57,586] [django.server::log_message::213] [INFO] "GET /react-app/runtime.js?v=0db906 HTTP/1.1" 200 5034
[2026-04-21 19:48:57,601] [django.server::log_message::213] [INFO] "GET /static/js/jquery.min.e6c2415c0ace.js HTTP/1.1" 200 87462
[2026-04-21 19:48:57,601] [django.server::log_message::213] [INFO] "GET /static/js/jquery.min.e6c2415c0ace.js HTTP/1.1" 200 87462
[2026-04-21 19:48:57,602] [django.server::log_message::213] [INFO] "GET /react-app/vendor.js?v=1 HTTP/1.1" 200 280541
[2026-04-21 19:48:57,602] [django.server::log_message::213] [INFO] "GET /react-app/vendor.js?v=1 HTTP/1.1" 200 280541
[2026-04-21 19:48:57,643] [django.server::log_message::213] [INFO] "GET /react-app/main.js?v=0db906 HTTP/1.1" 200 2497373
[2026-04-21 19:48:57,643] [django.server::log_message::213] [INFO] "GET /react-app/main.js?v=0db906 HTTP/1.1" 200 2497373
[2026-04-21 19:48:58,180] [django.server::log_message::213] [INFO] "GET /sw.js HTTP/1.1" 200 6221
[2026-04-21 19:48:58,180] [django.server::log_message::213] [INFO] "GET /sw.js HTTP/1.1" 200 6221
[2026-04-21 19:48:59,760] [django.server::log_message::213] [INFO] "GET /react-app/594.js HTTP/1.1" 200 131832
[2026-04-21 19:48:59,760] [django.server::log_message::213] [INFO] "GET /react-app/594.js HTTP/1.1" 200 131832
[2026-04-21 19:48:59,769] [django.server::log_message::213] [INFO] "GET /static/images/favicon.8992b8aa4126.ico HTTP/1.1" 200 15406
[2026-04-21 19:48:59,769] [django.server::log_message::213] [INFO] "GET /static/images/favicon.8992b8aa4126.ico HTTP/1.1" 200 15406
[2026-04-21 19:49:00,030] [django.server::log_message::213] [INFO] "GET /react-app/855.js HTTP/1.1" 200 216744
[2026-04-21 19:49:00,030] [django.server::log_message::213] [INFO] "GET /react-app/855.js HTTP/1.1" 200 216744
[2026-04-21 19:49:00,031] [django.server::log_message::213] [INFO] "GET /react-app/167.js HTTP/1.1" 200 320718
[2026-04-21 19:49:00,031] [django.server::log_message::213] [INFO] "GET /react-app/167.js HTTP/1.1" 200 320718
[2026-04-21 19:49:00,034] [django.server::log_message::213] [INFO] "GET /react-app/288.js HTTP/1.1" 200 1372978
[2026-04-21 19:49:00,034] [django.server::log_message::213] [INFO] "GET /react-app/288.js HTTP/1.1" 200 1372978
[2026-04-21 19:49:00,061] [django.server::log_message::213] [INFO] "GET /react-app/358.js HTTP/1.1" 200 1178824
[2026-04-21 19:49:00,061] [django.server::log_message::213] [INFO] "GET /react-app/358.js HTTP/1.1" 200 1178824
[2026-04-21 19:49:00,120] [django.server::log_message::213] [INFO] "GET /api/projects/6 HTTP/1.1" 200 20763
[2026-04-21 19:49:00,120] [django.server::log_message::213] [INFO] "GET /api/projects/6 HTTP/1.1" 200 20763
[2026-04-21 19:49:01,997] [django.server::log_message::213] [INFO] "GET /api/version HTTP/1.1" 200 1052
[2026-04-21 19:49:01,997] [django.server::log_message::213] [INFO] "GET /api/version HTTP/1.1" 200 1052
[2026-04-21 19:49:02,104] [django.server::log_message::213] [INFO] "GET /api/ml?project=6 HTTP/1.1" 200 2
[2026-04-21 19:49:02,104] [django.server::log_message::213] [INFO] "GET /api/ml?project=6 HTTP/1.1" 200 2
[2026-04-21 19:49:02,277] [django.server::log_message::213] [INFO] "GET /api/current-user/whoami HTTP/1.1" 200 1239
[2026-04-21 19:49:02,277] [django.server::log_message::213] [INFO] "GET /api/current-user/whoami HTTP/1.1" 200 1239
[2026-04-21 19:49:02,287] [django.server::log_message::213] [INFO] "GET /api/dm/columns?project=6 HTTP/1.1" 200 6255
[2026-04-21 19:49:02,287] [django.server::log_message::213] [INFO] "GET /api/dm/columns?project=6 HTTP/1.1" 200 6255
[2026-04-21 19:49:02,290] [django.server::log_message::213] [INFO] "GET /sw.js HTTP/1.1" 200 6221
[2026-04-21 19:49:02,290] [django.server::log_message::213] [INFO] "GET /sw.js HTTP/1.1" 200 6221
[2026-04-21 19:49:02,428] [django.server::log_message::213] [INFO] "GET /api/dm/project?project=6 HTTP/1.1" 200 20947
[2026-04-21 19:49:02,428] [django.server::log_message::213] [INFO] "GET /api/dm/project?project=6 HTTP/1.1" 200 20947
[2026-04-21 19:49:02,453] [django.server::log_message::213] [INFO] "GET /api/current-user/whoami HTTP/1.1" 200 1239
[2026-04-21 19:49:02,453] [django.server::log_message::213] [INFO] "GET /api/current-user/whoami HTTP/1.1" 200 1239
[2026-04-21 19:49:02,474] [django.server::log_message::213] [INFO] "GET /api/users?project=6 HTTP/1.1" 200 394
[2026-04-21 19:49:02,474] [django.server::log_message::213] [INFO] "GET /api/users?project=6 HTTP/1.1" 200 394
[2026-04-21 19:49:02,477] [django.server::log_message::213] [INFO] "GET /api/dm/views?project=6 HTTP/1.1" 200 1137
[2026-04-21 19:49:02,477] [django.server::log_message::213] [INFO] "GET /api/dm/views?project=6 HTTP/1.1" 200 1137
[2026-04-21 19:49:02,767] [django.server::log_message::213] [INFO] "GET /api/tasks?page=1&page_size=30&view=6&project=6 HTTP/1.1" 200 38829
[2026-04-21 19:49:02,767] [django.server::log_message::213] [INFO] "GET /api/tasks?page=1&page_size=30&view=6&project=6 HTTP/1.1" 200 38829
[2026-04-21 19:49:02,924] [django.server::log_message::213] [INFO] "GET /api/dm/project?interaction=timer&include=task_count%2Ctask_number%2Cannotation_count%2Cnum_tasks_with_annotations%2Cqueue_total&project=6 HTTP/1.1" 200 20947
[2026-04-21 19:49:02,924] [django.server::log_message::213] [INFO] "GET /api/dm/project?interaction=timer&include=task_count%2Ctask_number%2Cannotation_count%2Cnum_tasks_with_annotations%2Cqueue_total&project=6 HTTP/1.1" 200 20947
[2026-04-21 19:49:02,951] [django.server::log_message::213] [INFO] "GET /react-app/99.js HTTP/1.1" 200 1910
[2026-04-21 19:49:02,951] [django.server::log_message::213] [INFO] "GET /react-app/99.js HTTP/1.1" 200 1910
[2026-04-21 19:49:03,010] [django.server::log_message::213] [INFO] "GET /api/tasks/26?project=6 HTTP/1.1" 200 1183
[2026-04-21 19:49:03,010] [django.server::log_message::213] [INFO] "GET /api/tasks/26?project=6 HTTP/1.1" 200 1183
[2026-04-21 19:49:03,244] [django.server::log_message::213] [INFO] "GET /api/projects/6/label-stream-history?project=6 HTTP/1.1" 200 2
[2026-04-21 19:49:03,244] [django.server::log_message::213] [INFO] "GET /api/projects/6/label-stream-history?project=6 HTTP/1.1" 200 2
[2026-04-21 19:49:03,350] [django.server::log_message::213] [INFO] "GET /api/label_links?project=6&expand=label HTTP/1.1" 200 52
[2026-04-21 19:49:03,350] [django.server::log_message::213] [INFO] "GET /api/label_links?project=6&expand=label HTTP/1.1" 200 52
[2026-04-21 19:49:23,722] [django.server::log_message::213] [INFO] "GET /api/dm/project?interaction=timer&include=task_count%2Ctask_number%2Cannotation_count%2Cnum_tasks_with_annotations%2Cqueue_total&project=6 HTTP/1.1" 200 20947
[2026-04-21 19:49:23,722] [django.server::log_message::213] [INFO] "GET /api/dm/project?interaction=timer&include=task_count%2Ctask_number%2Cannotation_count%2Cnum_tasks_with_annotations%2Cqueue_total&project=6 HTTP/1.1" 200 20947
[2026-04-21 19:49:44,832] [django.server::log_message::213] [INFO] "GET /api/dm/project?interaction=timer&include=task_count%2Ctask_number%2Cannotation_count%2Cnum_tasks_with_annotations%2Cqueue_total&project=6 HTTP/1.1" 200 20947
[2026-04-21 19:49:44,832] [django.server::log_message::213] [INFO] "GET /api/dm/project?interaction=timer&include=task_count%2Ctask_number%2Cannotation_count%2Cnum_tasks_with_annotations%2Cqueue_total&project=6 HTTP/1.1" 200 20947
[2026-04-21 19:50:03,835] [django.server::log_message::213] [INFO] "GET /api/dm/project?interaction=timer&include=task_count%2Ctask_number%2Cannotation_count%2Cnum_tasks_with_annotations%2Cqueue_total&project=6 HTTP/1.1" 200 20947
[2026-04-21 19:50:03,835] [django.server::log_message::213] [INFO] "GET /api/dm/project?interaction=timer&include=task_count%2Ctask_number%2Cannotation_count%2Cnum_tasks_with_annotations%2Cqueue_total&project=6 HTTP/1.1" 200 20947
[2026-04-21 19:50:13,655] [django.server::log_message::213] [INFO] "POST /api/token/refresh HTTP/1.1" 200 244
[2026-04-21 19:50:13,655] [django.server::log_message::213] [INFO] "POST /api/token/refresh HTTP/1.1" 200 244
[2026-04-21 19:50:13,719] [core.label_config::parse_config::53] [WARNING] Using deprecated method - switch to label_studio.tools.label_config.parse_config!
[2026-04-21 19:50:13,719] [core.label_config::parse_config::53] [WARNING] Using deprecated method - switch to label_studio.tools.label_config.parse_config!
[2026-04-21 19:50:13,857] [django.server::log_message::213] [INFO] "PATCH /api/projects/6/ HTTP/1.1" 200 21087
[2026-04-21 19:50:13,857] [django.server::log_message::213] [INFO] "PATCH /api/projects/6/ HTTP/1.1" 200 21087
[2026-04-21 19:50:23,384] [django.server::log_message::213] [INFO] "GET /projects/6/data?tab=6&task=26 HTTP/1.1" 200 38920
[2026-04-21 19:50:23,384] [django.server::log_message::213] [INFO] "GET /projects/6/data?tab=6&task=26 HTTP/1.1" 200 38920
[2026-04-21 19:50:23,556] [django.server::log_message::213] [INFO] "GET /react-app/runtime.js?v=0db906 HTTP/1.1" 200 5034
[2026-04-21 19:50:23,556] [django.server::log_message::213] [INFO] "GET /react-app/runtime.js?v=0db906 HTTP/1.1" 200 5034
[2026-04-21 19:50:23,560] [django.server::log_message::213] [INFO] "GET /static/fonts/Figtree-Regular.ttf HTTP/1.1" 200 40584
[2026-04-21 19:50:23,560] [django.server::log_message::213] [INFO] "GET /static/fonts/Figtree-Regular.ttf HTTP/1.1" 200 40584
[2026-04-21 19:50:23,562] [django.server::log_message::213] [INFO] "GET /react-app/vendor.js?v=1 HTTP/1.1" 200 280541
[2026-04-21 19:50:23,562] [django.server::log_message::213] [INFO] "GET /react-app/vendor.js?v=1 HTTP/1.1" 200 280541
[2026-04-21 19:50:23,905] [django.server::log_message::213] [INFO] "GET /static/fonts/Figtree-SemiBold.ttf HTTP/1.1" 200 40852
[2026-04-21 19:50:23,905] [django.server::log_message::213] [INFO] "GET /static/fonts/Figtree-SemiBold.ttf HTTP/1.1" 200 40852
[2026-04-21 19:50:24,479] [django.server::log_message::213] [INFO] "GET /projects/6/data?tab=6&task=26 HTTP/1.1" 200 38920
[2026-04-21 19:50:24,479] [django.server::log_message::213] [INFO] "GET /projects/6/data?tab=6&task=26 HTTP/1.1" 200 38920
[2026-04-21 19:50:24,589] [django.server::log_message::213] [INFO] "GET /sw.js HTTP/1.1" 200 6221
[2026-04-21 19:50:24,589] [django.server::log_message::213] [INFO] "GET /sw.js HTTP/1.1" 200 6221
[2026-04-21 19:50:25,610] [django.server::log_message::213] [INFO] "GET /sw.js HTTP/1.1" 200 6221
[2026-04-21 19:50:25,610] [django.server::log_message::213] [INFO] "GET /sw.js HTTP/1.1" 200 6221
[2026-04-21 19:50:30,919] [django.server::log_message::213] [INFO] "GET /projects/6/data?tab=6&task=26 HTTP/1.1" 200 38920
[2026-04-21 19:50:30,919] [django.server::log_message::213] [INFO] "GET /projects/6/data?tab=6&task=26 HTTP/1.1" 200 38920
[2026-04-21 19:50:31,058] [django.server::log_message::213] [INFO] "GET /static/fonts/Figtree-SemiBold.ttf HTTP/1.1" 200 40852
[2026-04-21 19:50:31,058] [django.server::log_message::213] [INFO] "GET /static/fonts/Figtree-SemiBold.ttf HTTP/1.1" 200 40852
[2026-04-21 19:50:31,301] [django.server::log_message::213] [INFO] "GET /react-app/vendor.js?v=1 HTTP/1.1" 200 280541
[2026-04-21 19:50:31,301] [django.server::log_message::213] [INFO] "GET /react-app/vendor.js?v=1 HTTP/1.1" 200 280541
[2026-04-21 19:50:31,361] [django.server::log_message::213] [INFO] "GET /static/fonts/Figtree-Regular.ttf HTTP/1.1" 200 40584
[2026-04-21 19:50:31,361] [django.server::log_message::213] [INFO] "GET /static/fonts/Figtree-Regular.ttf HTTP/1.1" 200 40584
[2026-04-21 19:50:31,370] [django.server::log_message::213] [INFO] "GET /react-app/runtime.js?v=0db906 HTTP/1.1" 200 5034
[2026-04-21 19:50:31,370] [django.server::log_message::213] [INFO] "GET /react-app/runtime.js?v=0db906 HTTP/1.1" 200 5034
[2026-04-21 19:50:31,371] [django.server::log_message::213] [INFO] "GET /static/js/jquery.min.e6c2415c0ace.js HTTP/1.1" 200 87462
[2026-04-21 19:50:31,371] [django.server::log_message::213] [INFO] "GET /static/js/jquery.min.e6c2415c0ace.js HTTP/1.1" 200 87462
[2026-04-21 19:50:31,376] [django.server::log_message::213] [INFO] "GET /react-app/main.js?v=0db906 HTTP/1.1" 200 2497373
[2026-04-21 19:50:31,376] [django.server::log_message::213] [INFO] "GET /react-app/main.js?v=0db906 HTTP/1.1" 200 2497373
[2026-04-21 19:50:33,693] [django.server::log_message::213] [INFO] "GET /sw.js HTTP/1.1" 200 6221
[2026-04-21 19:50:33,693] [django.server::log_message::213] [INFO] "GET /sw.js HTTP/1.1" 200 6221
[2026-04-21 19:50:33,900] [django.server::log_message::213] [INFO] "GET /sw.js HTTP/1.1" 200 6221
[2026-04-21 19:50:33,900] [django.server::log_message::213] [INFO] "GET /sw.js HTTP/1.1" 200 6221
[2026-04-21 19:50:53,826] [django.server::log_message::213] [INFO] "GET /projects/6/data?tab=6&task=26 HTTP/1.1" 200 38920
[2026-04-21 19:50:53,826] [django.server::log_message::213] [INFO] "GET /projects/6/data?tab=6&task=26 HTTP/1.1" 200 38920
[2026-04-21 19:50:53,995] [django.server::log_message::213] [INFO] "GET /static/fonts/Figtree-Regular.ttf HTTP/1.1" 200 40584
[2026-04-21 19:50:53,995] [django.server::log_message::213] [INFO] "GET /static/fonts/Figtree-Regular.ttf HTTP/1.1" 200 40584
[2026-04-21 19:50:54,211] [django.server::log_message::213] [INFO] "GET /static/fonts/Figtree-SemiBold.ttf HTTP/1.1" 200 40852
[2026-04-21 19:50:54,211] [django.server::log_message::213] [INFO] "GET /static/fonts/Figtree-SemiBold.ttf HTTP/1.1" 200 40852
[2026-04-21 19:50:54,249] [django.server::log_message::213] [INFO] "GET /react-app/vendor.js?v=1 HTTP/1.1" 200 280541
[2026-04-21 19:50:54,249] [django.server::log_message::213] [INFO] "GET /react-app/vendor.js?v=1 HTTP/1.1" 200 280541
[2026-04-21 19:50:54,254] [django.server::log_message::213] [INFO] "GET /react-app/runtime.js?v=0db906 HTTP/1.1" 200 5034
[2026-04-21 19:50:54,254] [django.server::log_message::213] [INFO] "GET /react-app/runtime.js?v=0db906 HTTP/1.1" 200 5034
[2026-04-21 19:50:54,261] [django.server::log_message::213] [INFO] "GET /react-app/main.js?v=0db906 HTTP/1.1" 200 2497373
[2026-04-21 19:50:54,261] [django.server::log_message::213] [INFO] "GET /react-app/main.js?v=0db906 HTTP/1.1" 200 2497373
[2026-04-21 19:50:54,442] [django.server::log_message::213] [INFO] "GET /static/js/jquery.min.e6c2415c0ace.js HTTP/1.1" 200 87462
[2026-04-21 19:50:54,442] [django.server::log_message::213] [INFO] "GET /static/js/jquery.min.e6c2415c0ace.js HTTP/1.1" 200 87462
[2026-04-21 19:50:57,219] [django.server::log_message::213] [INFO] "GET /sw.js HTTP/1.1" 200 6221
[2026-04-21 19:50:57,219] [django.server::log_message::213] [INFO] "GET /sw.js HTTP/1.1" 200 6221
[2026-04-21 19:50:57,391] [django.server::log_message::213] [INFO] "GET /static/images/favicon.8992b8aa4126.ico HTTP/1.1" 200 15406
[2026-04-21 19:50:57,391] [django.server::log_message::213] [INFO] "GET /static/images/favicon.8992b8aa4126.ico HTTP/1.1" 200 15406
[2026-04-21 19:50:57,393] [django.server::log_message::213] [INFO] "GET /react-app/358.js HTTP/1.1" 200 1178824
[2026-04-21 19:50:57,393] [django.server::log_message::213] [INFO] "GET /react-app/358.js HTTP/1.1" 200 1178824
[2026-04-21 19:50:58,224] [django.server::log_message::213] [INFO] "GET /react-app/594.js HTTP/1.1" 200 131832
[2026-04-21 19:50:58,224] [django.server::log_message::213] [INFO] "GET /react-app/594.js HTTP/1.1" 200 131832
[2026-04-21 19:50:58,228] [django.server::log_message::213] [INFO] "GET /react-app/855.js HTTP/1.1" 200 216744
[2026-04-21 19:50:58,228] [django.server::log_message::213] [INFO] "GET /react-app/855.js HTTP/1.1" 200 216744
[2026-04-21 19:50:58,232] [django.server::log_message::213] [INFO] "GET /react-app/167.js HTTP/1.1" 200 320718
[2026-04-21 19:50:58,232] [django.server::log_message::213] [INFO] "GET /react-app/167.js HTTP/1.1" 200 320718
[2026-04-21 19:50:58,234] [django.server::log_message::213] [INFO] "GET /react-app/288.js HTTP/1.1" 200 1372978
[2026-04-21 19:50:58,234] [django.server::log_message::213] [INFO] "GET /react-app/288.js HTTP/1.1" 200 1372978
[2026-04-21 19:50:59,191] [django.server::log_message::213] [INFO] "GET /api/version HTTP/1.1" 200 1052
[2026-04-21 19:50:59,191] [django.server::log_message::213] [INFO] "GET /api/version HTTP/1.1" 200 1052
[2026-04-21 19:50:59,279] [django.server::log_message::213] [INFO] "GET /api/projects/6 HTTP/1.1" 200 21087
[2026-04-21 19:50:59,279] [django.server::log_message::213] [INFO] "GET /api/projects/6 HTTP/1.1" 200 21087
[2026-04-21 19:50:59,407] [django.server::log_message::213] [INFO] "GET /api/ml?project=6 HTTP/1.1" 200 2
[2026-04-21 19:50:59,407] [django.server::log_message::213] [INFO] "GET /api/ml?project=6 HTTP/1.1" 200 2
[2026-04-21 19:50:59,447] [django.server::log_message::213] [INFO] "GET /sw.js HTTP/1.1" 200 6221
[2026-04-21 19:50:59,447] [django.server::log_message::213] [INFO] "GET /sw.js HTTP/1.1" 200 6221
[2026-04-21 19:50:59,589] [django.server::log_message::213] [INFO] "GET /api/current-user/whoami HTTP/1.1" 200 1239
[2026-04-21 19:50:59,589] [django.server::log_message::213] [INFO] "GET /api/current-user/whoami HTTP/1.1" 200 1239
[2026-04-21 19:50:59,594] [django.server::log_message::213] [INFO] "GET /api/dm/columns?project=6 HTTP/1.1" 200 6255
[2026-04-21 19:50:59,594] [django.server::log_message::213] [INFO] "GET /api/dm/columns?project=6 HTTP/1.1" 200 6255
[2026-04-21 19:50:59,694] [django.server::log_message::213] [INFO] "GET /api/users?project=6 HTTP/1.1" 200 394
[2026-04-21 19:50:59,694] [django.server::log_message::213] [INFO] "GET /api/users?project=6 HTTP/1.1" 200 394
[2026-04-21 19:50:59,700] [django.server::log_message::213] [INFO] "GET /api/dm/project?project=6 HTTP/1.1" 200 21271
[2026-04-21 19:50:59,700] [django.server::log_message::213] [INFO] "GET /api/dm/project?project=6 HTTP/1.1" 200 21271
[2026-04-21 19:50:59,715] [django.server::log_message::213] [INFO] "GET /api/current-user/whoami HTTP/1.1" 200 1239
[2026-04-21 19:50:59,715] [django.server::log_message::213] [INFO] "GET /api/current-user/whoami HTTP/1.1" 200 1239
[2026-04-21 19:50:59,725] [django.server::log_message::213] [INFO] "GET /api/dm/views?project=6 HTTP/1.1" 200 1137
[2026-04-21 19:50:59,725] [django.server::log_message::213] [INFO] "GET /api/dm/views?project=6 HTTP/1.1" 200 1137
[2026-04-21 19:51:00,041] [django.server::log_message::213] [INFO] "GET /api/tasks?page=1&page_size=30&view=6&project=6 HTTP/1.1" 200 38829
[2026-04-21 19:51:00,041] [django.server::log_message::213] [INFO] "GET /api/tasks?page=1&page_size=30&view=6&project=6 HTTP/1.1" 200 38829
[2026-04-21 19:51:00,165] [django.server::log_message::213] [INFO] "GET /api/dm/project?interaction=timer&include=task_count%2Ctask_number%2Cannotation_count%2Cnum_tasks_with_annotations%2Cqueue_total&project=6 HTTP/1.1" 200 21271
[2026-04-21 19:51:00,165] [django.server::log_message::213] [INFO] "GET /api/dm/project?interaction=timer&include=task_count%2Ctask_number%2Cannotation_count%2Cnum_tasks_with_annotations%2Cqueue_total&project=6 HTTP/1.1" 200 21271
[2026-04-21 19:51:00,177] [django.server::log_message::213] [INFO] "GET /react-app/99.js HTTP/1.1" 200 1910
[2026-04-21 19:51:00,177] [django.server::log_message::213] [INFO] "GET /react-app/99.js HTTP/1.1" 200 1910
[2026-04-21 19:51:00,218] [django.server::log_message::213] [INFO] "GET /api/tasks/26?project=6 HTTP/1.1" 200 1183
[2026-04-21 19:51:00,218] [django.server::log_message::213] [INFO] "GET /api/tasks/26?project=6 HTTP/1.1" 200 1183
[2026-04-21 19:51:00,279] [django.server::log_message::213] [INFO] "GET /api/projects/6/label-stream-history?project=6 HTTP/1.1" 200 2
[2026-04-21 19:51:00,279] [django.server::log_message::213] [INFO] "GET /api/projects/6/label-stream-history?project=6 HTTP/1.1" 200 2
[2026-04-21 19:51:00,529] [django.server::log_message::213] [INFO] "GET /api/label_links?project=6&expand=label HTTP/1.1" 200 52
[2026-04-21 19:51:00,529] [django.server::log_message::213] [INFO] "GET /api/label_links?project=6&expand=label HTTP/1.1" 200 52
[2026-04-21 19:51:20,934] [django.server::log_message::213] [INFO] "GET /api/dm/project?interaction=timer&include=task_count%2Ctask_number%2Cannotation_count%2Cnum_tasks_with_annotations%2Cqueue_total&project=6 HTTP/1.1" 200 21271
[2026-04-21 19:51:20,934] [django.server::log_message::213] [INFO] "GET /api/dm/project?interaction=timer&include=task_count%2Ctask_number%2Cannotation_count%2Cnum_tasks_with_annotations%2Cqueue_total&project=6 HTTP/1.1" 200 21271
[2026-04-21 19:51:40,573] [django.server::log_message::213] [INFO] "GET /api/dm/project?interaction=timer&include=task_count%2Ctask_number%2Cannotation_count%2Cnum_tasks_with_annotations%2Cqueue_total&project=6 HTTP/1.1" 200 21271
[2026-04-21 19:51:40,573] [django.server::log_message::213] [INFO] "GET /api/dm/project?interaction=timer&include=task_count%2Ctask_number%2Cannotation_count%2Cnum_tasks_with_annotations%2Cqueue_total&project=6 HTTP/1.1" 200 21271
[2026-04-21 19:52:01,375] [django.server::log_message::213] [INFO] "GET /api/dm/project?interaction=timer&include=task_count%2Ctask_number%2Cannotation_count%2Cnum_tasks_with_annotations%2Cqueue_total&project=6 HTTP/1.1" 200 21271
[2026-04-21 19:52:01,375] [django.server::log_message::213] [INFO] "GET /api/dm/project?interaction=timer&include=task_count%2Ctask_number%2Cannotation_count%2Cnum_tasks_with_annotations%2Cqueue_total&project=6 HTTP/1.1" 200 21271
[2026-04-21 19:52:22,235] [django.server::log_message::213] [INFO] "GET /api/dm/project?interaction=timer&include=task_count%2Ctask_number%2Cannotation_count%2Cnum_tasks_with_annotations%2Cqueue_total&project=6 HTTP/1.1" 200 21271
[2026-04-21 19:52:22,235] [django.server::log_message::213] [INFO] "GET /api/dm/project?interaction=timer&include=task_count%2Ctask_number%2Cannotation_count%2Cnum_tasks_with_annotations%2Cqueue_total&project=6 HTTP/1.1" 200 21271
[2026-04-21 19:52:42,509] [django.server::log_message::213] [INFO] "GET /api/dm/project?interaction=timer&include=task_count%2Ctask_number%2Cannotation_count%2Cnum_tasks_with_annotations%2Cqueue_total&project=6 HTTP/1.1" 200 21271
[2026-04-21 19:52:42,509] [django.server::log_message::213] [INFO] "GET /api/dm/project?interaction=timer&include=task_count%2Ctask_number%2Cannotation_count%2Cnum_tasks_with_annotations%2Cqueue_total&project=6 HTTP/1.1" 200 21271
[2026-04-21 19:53:03,272] [django.server::log_message::213] [INFO] "GET /api/dm/project?interaction=timer&include=task_count%2Ctask_number%2Cannotation_count%2Cnum_tasks_with_annotations%2Cqueue_total&project=6 HTTP/1.1" 200 21271
[2026-04-21 19:53:03,272] [django.server::log_message::213] [INFO] "GET /api/dm/project?interaction=timer&include=task_count%2Ctask_number%2Cannotation_count%2Cnum_tasks_with_annotations%2Cqueue_total&project=6 HTTP/1.1" 200 21271
[2026-04-21 19:53:24,230] [django.server::log_message::213] [INFO] "GET /api/dm/project?interaction=timer&include=task_count%2Ctask_number%2Cannotation_count%2Cnum_tasks_with_annotations%2Cqueue_total&project=6 HTTP/1.1" 200 21271
[2026-04-21 19:53:24,230] [django.server::log_message::213] [INFO] "GET /api/dm/project?interaction=timer&include=task_count%2Ctask_number%2Cannotation_count%2Cnum_tasks_with_annotations%2Cqueue_total&project=6 HTTP/1.1" 200 21271
[2026-04-21 19:53:43,209] [django.server::log_message::213] [INFO] "GET /api/dm/project?interaction=timer&include=task_count%2Ctask_number%2Cannotation_count%2Cnum_tasks_with_annotations%2Cqueue_total&project=6 HTTP/1.1" 200 21271
[2026-04-21 19:53:43,209] [django.server::log_message::213] [INFO] "GET /api/dm/project?interaction=timer&include=task_count%2Ctask_number%2Cannotation_count%2Cnum_tasks_with_annotations%2Cqueue_total&project=6 HTTP/1.1" 200 21271
[2026-04-21 19:54:04,098] [django.server::log_message::213] [INFO] "GET /api/dm/project?interaction=timer&include=task_count%2Ctask_number%2Cannotation_count%2Cnum_tasks_with_annotations%2Cqueue_total&project=6 HTTP/1.1" 200 21271
[2026-04-21 19:54:04,098] [django.server::log_message::213] [INFO] "GET /api/dm/project?interaction=timer&include=task_count%2Ctask_number%2Cannotation_count%2Cnum_tasks_with_annotations%2Cqueue_total&project=6 HTTP/1.1" 200 21271
[2026-04-21 19:54:23,042] [django.server::log_message::213] [INFO] "GET /api/dm/project?interaction=timer&include=task_count%2Ctask_number%2Cannotation_count%2Cnum_tasks_with_annotations%2Cqueue_total&project=6 HTTP/1.1" 200 21271
[2026-04-21 19:54:23,042] [django.server::log_message::213] [INFO] "GET /api/dm/project?interaction=timer&include=task_count%2Ctask_number%2Cannotation_count%2Cnum_tasks_with_annotations%2Cqueue_total&project=6 HTTP/1.1" 200 21271
[2026-04-21 19:54:44,023] [django.server::log_message::213] [INFO] "GET /api/dm/project?interaction=timer&include=task_count%2Ctask_number%2Cannotation_count%2Cnum_tasks_with_annotations%2Cqueue_total&project=6 HTTP/1.1" 200 21271
[2026-04-21 19:54:44,023] [django.server::log_message::213] [INFO] "GET /api/dm/project?interaction=timer&include=task_count%2Ctask_number%2Cannotation_count%2Cnum_tasks_with_annotations%2Cqueue_total&project=6 HTTP/1.1" 200 21271
[2026-04-21 19:54:47,060] [django.server::log_message::213] [INFO] "POST /api/token/refresh HTTP/1.1" 200 244
[2026-04-21 19:54:47,060] [django.server::log_message::213] [INFO] "POST /api/token/refresh HTTP/1.1" 200 244
[2026-04-21 19:54:47,141] [django.server::log_message::213] [INFO] "PATCH /api/projects/6/ HTTP/1.1" 200 21087
[2026-04-21 19:54:47,141] [django.server::log_message::213] [INFO] "PATCH /api/projects/6/ HTTP/1.1" 200 21087
[2026-04-21 19:54:47,157] [django.server::log_message::213] [INFO] "GET /api/invite HTTP/1.1" 200 128
[2026-04-21 19:54:47,157] [django.server::log_message::213] [INFO] "GET /api/invite HTTP/1.1" 200 128
